SL. No.,iso,Language_Name,Uninverted_Name,Autonym,Alternate_Names,Country_Code,Country_Namee,Is_Primary,is_Indigenous,Is_Established,All_Users,L1_Users,L2_Users,All_Full,L1_Full,L2_Full,Monolingual,Ethnic,Population_Year,Population_Total,Location,Subdivision,Latitude,Longitude,EGIDS,EGIDS_Label,Official_Recognition,LWC_Support,Classification,Dialect_Names,Relationships,Typology,Language_Use,Language_Contact,Use_as_L2,Literacy,Education,Literature,Revitalization,Language_Planning_Org,Scripts,General_Remarks,Religion
1,adi,Adi,Adi,Adi,"Abhor, Abor, Boga’er Luoba, Bori-Karko, Lhoba, Luoba",IN,India,T,T,T,150000,150000,,,"150,000 in India (2011 census).",,,,2011,"1,51,090","Arunachal Pradesh state: East, West, and Upper Siang districts, Upper Subansiri and Dibang Valley districts; Assam state: Assam valley north hills, between Bhutan and Buruli rivers.",Arunachal Pradesh,28.8208,94.3054,5,5* (Developing),,,"Sino-Tibetan, Tibeto-Burman, Central Tibeto-Burman, Tani","Ashing, Bokar (Boga’er Luoba), Bori, Karko, Komkar, Milang (Milan), Minyong, Padam, Pailibo, Pangi, Pasi, Ramo, Shimong, Tangam",May be a dialect of Mising [mrg] (2021 T. Patir).,SOV; particles indicate grammatical relations; long-short vowel distinction; most words polysyllabic; loans mainly from Tibetan.,,Also use Assamese [asm]. Also use English [eng]. Also use Hindi [hin]. Also use Nepali [npi].,"Used as L2 by Khamba [kbg], Tshangla [tsj].",Literacy rate in L2: 59% (2001 census).,,Radio. Dictionary. Grammar. Bible: 2005–2009.,,,"Latin script [Latn]. Tibetan script [Tibt], used in China.","A Scheduled Tribe with several subgroups. ‘Adi’, hillman, is a cover term for eastern Tani languages.",Traditional religion.
2,adl,"Adi, Galo",Galo Adi,Galo,"Adi, Adi-Gallong, Adi-Galo, Gallong, Galong",IN,India,T,T,T,29200,29200,,,"29,200 (2011 census).",,A few older adult monolinguals.,,2011,,"Arunachal Pradesh state: East Siang, Lepa-Rada, West Siang, and Upper Subansiri districts.",Arunachal Pradesh,28.1066,94.7992,5,5 (Developing),,,"Sino-Tibetan, Tibeto-Burman, Central Tibeto-Burman, Tani","Lare, Pugo, Karka",Lare is the main dialect and is accepted by all Galo.,"SOV; postpositions; genitives after noun heads; articles, adjectives, numerals before and after noun heads; relatives after noun heads or without; question word initial; maximum prefixes 2, maximum suffixes 4–5; affixes indicate case of noun phrase; causatives and comparatives; CV, CVC, CVV patterns; nontonal.","Home, community. Used by all.","Most also use Assamese [asm]. Most also use Hindi [hin], especially with the military. Many also use English [eng], especially the educated and the young.",,Literacy rate in L2: 60%. More men can read than women but more girls and women are learning.,,Radio. Dictionary. Grammar. NT: 2008.,,,Latin script [Latn].,,"Traditional religion, Christian."
3,agi,Agariya,Agariya,,"Agaria, Agharia, Agoria",IN,India,T,T,T,72000,72000,,,"72,000 (2007).",,,,2007,,"Chhattisgarh state: Bilaspur district; Madhya Pradesh state: Mandla and Rewa districts, Maikal hills; Uttar Pradesh state: Agra, Mathura, and Mirzapur districts.",Madhya Pradesh,24.55,81.9174,6a,6a* (Vigorous),,,"Austro-Asiatic, Munda, North Munda, Kherwari",,,,,Many also use English [eng]. Also use Hindi [hin].,,Literacy rate in L2: 5%.,,,,,,A Scheduled Caste in Uttar Pradesh. Chhattisgarhi [hne] L1 of tribe (Singh 1995b).,"Traditional religion, Hindu."
4,ahr,Ahirani,Ahirani,अहिराणी‎ (Ahirani),Ahiri,IN,India,T,T,T,1640000,1640000,,,"1,640,000 (2011 census).",,,,2011,,"Gujarat state; Maharashtra state: Aurangabad, Dhulia, Jalgaon, Nandurbar, and Nasik districts.",Maharashtra,20.5031,74.9743,5,5* (Developing),,,"Indo-European, Indo-Iranian, Indo-Aryan, Intermediate Divisions, Western, Khandesi",,,,,Many also use English [eng]. Also use Hindi [hin]. Also use Marathi [mar].,"Used as L2 by Palya Bareli [bpx], Pauri Bareli [bfb], Rathwi Bareli [bgd].",,,NT: 2017–2020.,,,Devanagari script [Deva].,,Hindu.
5,aho,Ahom,Ahom,,Tai Ahom,IN,India,T,T,T,0,0,,,No known L1 speakers.,,,No ethnic community.,,,Assam state.,Assam,26.5393,92.5378,9,9 (Second language only),,,"Kra-Dai, Kam-Tai, Tai, Southwestern",,,,"Not spoken in daily life; used in religious chants and literary materials. Attempts to revive the spoken language are underway, with assistance of scholars from the Aiton [aio] and Phake [phk] communities (2007).",,,,,Dictionary. Grammar.,,,Ahom script [Ahom].,"Former language of the Tai-Ahom king. Possibly 8,000,000 Assamese [asm] speakers claim to be of Ahom descent (1990 A. Diller).",
6,aim,Aimol,Aimol,Aimol,,IN,India,T,T,T,2640,2640,,,"2,640 (2001 census).",,,,2001,,"Assam state; Manipur state: Bishnupur district, Kha-Aimol; Chandel district, Aimol Tampak, Chandonpokpi, Chingunghut, Khodamphai, Khomayai (Khunjai), Kumbirei, Ngairong Aimol, Satu, Soibong (Khudengthabi), and Unapal; Churachandpur district, Luichungbum (Louchulbung); Senapati district, Tuikhong.",Manipur,24.4861,94.0349,6b,6b* (Threatened),,,"Sino-Tibetan, Tibeto-Burman, Kuki-Chin, Northwestern",Langrong,Langrong may be a distinct language. Reportedly intelligible to Koireng [nkd].,,"Home, church.",Most also use Meitei [mni]. Also use English [eng].,,Literacy rate in L2: 60%–70%.,,NT: 2013.,,,Latin script [Latn].,,Christian.
7,aio,Aiton,Aiton,ဢႝတွꩫ်‎ (Aiton),"Aitonia, Sham Doaniya, Shyam, Tai Aiton",IN,India,T,T,T,1500,1500,,,"1,500 (Morey 2006).",,,,2006,,"Assam state: Jorhat and Karbi Anglong districts, Ahomoni, Balipathar, Banlung, Barhula, Chakihula, Doboroni, Kaliyani, and Tengani villages.",Assam,26.3535,93.9212,6b,6b (Threatened),,,"Kra-Dai, Kam-Tai, Tai, Southwestern",,Reportedly similar to Phake [phk]. Lexical similarity: 64%–83% with Khamyang [ksu] and 48%–54% with Phake [phk].,,"Some young people, all adults.",Also use Assamese [asm]. Also use English [eng]. Also use Hindi [hin].,,,,,,,Myanmar (Burmese) script [Mymr].,,Buddhist.
8,abj,Aka-Bea,Aka-Bea,,"Aka-Beada, Aka-Biada, Bea, Beada, Biada, Bogijiab, Bojigiyab, Bojigniji, Bojigyab",IN,India,T,T,T,0,0,,,No known L1 speakers. The last speaker died in 1931 (Van Driem 2001).,,,,,,"Andaman and Nicobar Islands union territory: South Andaman Island except northeast coast, and north and east interiors; Rutland Island except south coast; small islands southeast of Rutland; Labyrinth Islands.",Andaman and Nicobar Islands,11.6374,92.6189,x10,10 (Extinct),,,"Andamanese, Great Andamanese, Central",,,,,,,,,,,,,,
9,akm,Aka-Bo,Aka-Bo,,"Ba, Bo",IN,India,T,T,T,0,0,, ,"No known L1 speakers. Last speaker, Boa Sr., died in 2010.",,,,,,"Andaman and Nicobar Islands union territory: east central coast of North Andaman Island, North Reef Island.",Andaman and Nicobar Islands,13.5118,92.8691,x10,10 (Extinct),,,"Andamanese, Great Andamanese, Northern",,,,,,,,,,,,,,
10,aci,Aka-Cari,Aka-Cari,,"Akacari, Cari, Chari, Chariar, Sare",IN,India,T,T,T,0,0,,,"No known L1 speakers. The last known speaker, Licho, died in April 2020.",,,,,,"Andaman and Nicobar Islands union territory: North Andaman Island north coast, Landfall Island, other nearby small islands.",Andaman and Nicobar Islands,13.5686,93.035,x10,10 (Extinct),,,"Andamanese, Great Andamanese, Northern",,,,,,,,,,,,,,
11,akj,Aka-Jeru,Aka-Jeru,,"Jero, Jeru, Yerawa",IN,India,T,T,T,3,3,,,3 (2020 D. Dasgupta).,,,,2020,,"Andaman and Nicobar Islands union territory: interior and south North Andaman island, Sound island.",Andaman and Nicobar Islands,12.2326,92.9031,8b,8b (Nearly extinct),,,"Andamanese, Great Andamanese, Northern",,,,Elderly only.,All shifted to Mixed Great Andamanese [gac].,,,,,,,,The last of the 10 Great Andamese languages with any speakers left (2020 D. Dasgupta).,
12,akx,Aka-Kede,Aka-Kede,,Kede,IN,India,T,T,T,0,0,,,No known L1 speakers. The last speaker probably died by 1940 (Van Driem 2001).,,,,,,Andaman and Nicobar Islands union territory: central and north central Middle Andaman Island.,Andaman and Nicobar Islands,12.7475,92.8235,x10,10 (Extinct),,,"Andamanese, Great Andamanese, Central",,,,,,,,,,,,,,
13,aky,Aka-Kol,Aka-Kol,,Kol,IN,India,T,T,T,0,0,,,No known L1 speakers. The last speaker died in 1921 (Van Driem 2001).,,,,,,Andaman and Nicobar Islands union territory: southeast Middle Andaman Island.,Andaman and Nicobar Islands,12.3695,92.851,x10,10 (Extinct),,,"Andamanese, Great Andamanese, Central",,,,,,,,,,,,,,
14,ack,Aka-Kora,Aka-Kora,,Kora,IN,India,T,T,T,0,0,,,"No known L1 speakers. Last speaker, Boro, died in 2009.",,,,,,"Andaman and Nicobar Islands union territory: northeast and north central coasts of North Andaman Island, Smith Island.",Andaman and Nicobar Islands,13.4165,93.0676,x10,10 (Extinct),,,"Andamanese, Great Andamanese, Northern",,,,,,,,,,,,,,
15,acl,Akar-Bale,Akar-Bale,,"Balawa, Bale, Balwa",IN,India,T,T,T,0,0,,,No known L1 speakers. The last speaker died by 1940 (Van Driem 2001).,,,,,,"Andaman and Nicobar Islands union territory: Ritchie’s Archipelago, Havelock Island, Neill Island.",Andaman and Nicobar Islands,11.9789,92.9951,x10,10 (Extinct),,,"Andamanese, Great Andamanese, Central",,,,,,,,,,,,,,
16,all,Allar,Allar,,"Aalan, Alan, Alanmar, Alar, Allan, Chatans",IN,India,T,T,T,350,350,,,350 (Shashi and Shri 1994).,,,,1994,,"Kerala state: Malappuram district, Manjeri and Perinthalmanna sub-districts, Aminikadu, Mannarmala, and Tazhecode; Palakkad district, Mannarkkad and Ottappalam sub-districts.",Kerala,11.1678,76.4125,7,7 (Shifting),,,"Dravidian, Unclassified",,"Lexical similarity: 61% with Malayalam [mal], 59% with Tamil [tam].",,All domains. Adults only.,Shifting to Malayalam [mal].,,,,,,,Malayalam script [Mlym].,,"Traditional religion, Hindu."
17,ajz,Amri Karbi,Amri Karbi,Amri Karbi,Amri,IN,India,T,T,T,125000,125000,,,"125,000 (2003).",,,,2003,,"Assam state: Kamrup district, Basbistha, Chandubi, Jalukbari, Jorabat, Kahi Kusi, Khetri, Loharghat, Pandu, Panikhaith, Rani block, Sonapur, and south of Brahmaputra river; Meghalaya state: Ri-Bhoi district, Nongpoh area, Barni Hat and Umling.",Assam,26.0926,91.5262,6b,6b (Threatened),,,"Sino-Tibetan, Tibeto-Burman, Karbi","Lower Amri, Upper Amri",Reportedly unintelligible with Karbi [mjw]; intelligibility testing inconclusive regarding whether Guriaghuli area dialect is well understood in Meghalaya. Lexical similarity: 57%–68% with Karbi; 70%–86% between dialects.,,"Many ethnic group members no longer use Amri Karbi. Much borrowing from Assamese [asm] (in Assam) and Khasi [kha] (in Meghalaya). Some Amri Karbi villages shifted completely to Assamese due to intermarriage and the perception that Assamese is preferred for children to do well in school. In the remote and isolated border area, the language is still strong. Home, village, religion. Some of all ages. Positive attitudes. Strong feelings of separateness from the dominant Karbi group in Karbi, Anglong District.",Most also use Assamese [asm]. Many also use English [eng].,,Literacy rate in L2: 20%—60%.,,Literature. Newspapers. Radio. Grammar. NT: 2010.,,,Latin script [Latn].,,"Hindu, Christian, traditional religion."
18,anm,Anal,Anal,,"Anāl, Anal Naga, Namfau, Pakan, Pakan Naga",IN,India,T,T,T,27200,27200,,,"27,200 in India (2011 census).",,,,2011,"27,250","Manipur state: Chandel district, Chakpikarong, Chandel, and Engnoupal sub-districts, on Chakpi river banks.",Manipur,24.0515,94.1632,5,5* (Developing),,,"Sino-Tibetan, Tibeto-Burman, Kuki-Chin, Northwestern","Laizo, Mulsom (Malshom)",Reportedly most similar to Lamgang [lmk] (Kuki Naga).,SOV.,,Many also use English [eng]. Also use Meitei [mni].,Used as L2 by Moyon Naga [nmo].,Literacy rate in L1: 74% (2001 census).,,Bible: 2006.,,,Latin script [Latn].,Declared themselves Nagas (ethnically) in 1963.,Christian.
19,hca,Andaman Hindi Creole,Andaman Hindi Creole,,Andaman Hindi,IN,India,T,T,T,10000,10000,,,"10,000 (Singh 1994a).",,,,1994,,"Andaman and Nicobar Islands union territory: Port Blair, 40 villages south of Port Blair.",Andaman and Nicobar Islands,12.546,92.821,6a,6a (Vigorous),,,"Creole, Hindi based",,"A creolization of Hindustani, Bengali [ben], and Malayalam [mal].",,Home. Used by all.,"Also use English [eng]. Also use Hindi [hin], especially with outsiders. A situation of diglossia.",Used as L2 by Mixed Great Andamanese [gac].,,,,,,Unwritten [Qaax].,Spoken as L1 by mixed generations of communities. Contains elements of Indo-Aryan and Dravidian grammar. No literature exists in the creole. Standard Hindi literature is used.,
20,anr,Andh,Andh,,"Andha, Andhi",IN,India,T,T,T,100000,100000,,,"100,000 (2007).",,,"420,000 (2007).",2007,,"Madhya Pradesh state; Maharashtra state: Akola, Aurangabad, Buldana, Nanded, Parbhani, and Yevatmal districts; Telangana state: Adilabad, Hyderabad.",Maharashtra,19.4518,77.3899,6b,6b* (Threatened),,,"Indo-European, Indo-Iranian, Indo-Aryan, Unclassified",,,,,Also use English [eng]. Also use Marathi [mar].,,,,,,,Devanagari script [Deva].,A Scheduled Tribe. Many speak Marathi [mar] as L1.,Hindu.
21,anp,Angika,Angika,अंगिका‎ (Angika),"Anga, Angikar, Chhika-Chhiki",IN,India,T,T,T,1040000,1040000,,,"1,040,000 in India (2024).",,,,2024,"1,082,130 (as L1: 1,076,000; as L2: 6,130)","Bihar state: Banka, Bhagalpur, Katihar, and Purnia districts; Jharkhand state: Godda and Sahibganji districts.",Bihar,25.468,87.2661,5,5 (Developing),,,"Indo-European, Indo-Iranian, Indo-Aryan, Outer Languages, Eastern, Unclassified",,79% inherent intelligibility of Brahmin Maithili. Lexical similarity: 81% (Brahmin) to 87% (non-Brahmin) with Darbhanga Maithili.,SOV; postpositions; noun head final; content q-word in situ; clause constituents indicated by case-marking; passives and voice; nontonal.,"Use declining (Van Driem 2007). Home, community. Used by all. Negative attitudes.","Also use English [eng]. Also use Hindi [hin], especially for trade, government, and prayer.",,,,Videos. Texts. Bible portions: 2011.,,,Devanagari script [Deva].,,Hindu.
22,apt,Apatani,Apatani,,Apa,IN,India,T,T,T,44800,44800,,,"44,800 (2011 census).",,,,2011,,"Arunachal Pradesh state: lower Subansiri district, Billa, Dutta, Hari, Hija, Hong, Michi Bamin, and Mudang-Tage villages in Ziro valley; Assam and Nagaland states.",Arunachal Pradesh,27.5924,93.883,6b,6b* (Threatened),,,"Sino-Tibetan, Tibeto-Burman, Central Tibeto-Burman, Tani",,May be intelligible with Nyishi [njz].,,,Also use Assamese [asm]. Also use English [eng]. Also use Hindi [hin]. Also use Nefamese [nef].,,Literacy rate in L2: 71% (2001 census).,,Dictionary. Grammar. NT: 2004.,,,Latin script [Latn].,,Traditional religion.
23,apq,A-Pucikwar,A-Pucikwar,,"Aka-pujjukar, Puchikwar, Pucikwar",IN,India,T,T,T,0,0,,,"No known L1 speakers. Last known speaker, Loka Raja, survived into the 1950s (Avtans and Abbi 2006).",,,,,,Andaman and Nicobar Islands.,Andaman and Nicobar Islands,12.2179,92.748,x10,10 (Extinct),,,"Andamanese, Great Andamanese, Central",,,,,,,,,,,,Unwritten [Qaax].,,
24,acm,"Arabic, Mesopotamian",Mesopotamian Arabic,اللهجة العراقية‎ (allahjat aleiraqia),,IN,India,F,F,F,59400,59400,,,"59,400 in India (2011 census).",,,,2011,"2,00,35,580",,,,,xUn,Unestablished,,,"Afro-Asiatic, Semitic, Central, South, Arabic",,,SVO; 32 consonant phonemes.,,,,,,Radio. TV. Grammar.,,,"Arabic script, Naskh variant [Arab].",,
25,arb,"Arabic, Standard",Standard Arabic,العربية‎ (al-ʻArabīyah),,IN,India,F,F,F,2280000,,2280000,,,"2,280,000 in India (2011 census), L2 users.",,,,"334,739,000 (as L1: ; as L2: 2,280,000)",,,,,xUn,Unestablished,,,"Afro-Asiatic, Semitic, Central, South, Arabic",,,"VSO; prepositions; noun head initial; gender (masculine/feminine); dual number; definite and indefinite affixes; case-marking (3 cases); verb affixes mark number, gender of subject; aspect; 28 consonant and 6 vowel phonemes; non-tonal; stress on first syllable; triliteral roots, few affixes.",,,"Used as L2 by Maldivian [div], Mewati [wtm], Urdu [urd].",,,Fully developed. Bible: 1645–2008.,,,"Arabic script, Naskh variant [Arab], primary usage. Braille script [Brai].",,
26,aaf,Aranadan,Aranadan,,"Aranatan, Arnatas, Eranadans",IN,India,T,T,T,250,250,,,250 (2004).,,,,2004,,"Kerala state: Kozhihkode district, Ernad sub-district; Malappuram district, Nilambur sub-district; Palakkad district; Karnataka and Tamil Nada states.",Kerala,11.3277,76.131,6b,6b (Threatened),,,"Dravidian, Southern, Tamil-Kannada, Tamil-Kodagu, Tamil-Malayalam, Malayalam",,"Lexical similarity: 63%–69% with Malayalam [mal], 53%–55% with Tamil [tam].",,"Vitality in Malappuram District questionable due to small population, no separate settlements, living with Malayalis. Low education level helps keep language stable. Home, community. Some young people, all adults. Negative attitudes.",All also use Malayalam [mal]. Many also use English [eng].,,Literacy rate in L2: 70% in Malayalam [mal].,,,,,Unwritten [Qaax].,,Traditional religion.
27,asm,Assamese,Assamese,অসমীয়া‎ (Ôxômiya),"Asambe, Asami, Asamiya, Axomiya",IN,India,T,T,T,23620000,15300000,8320000,"23,620,000 in India, all users.","15,300,000 in India (2011 census).","8,320,000 (2011 census).",,,2011,"23,648,240 (as L1: 15,327,990; as L2: 8,320,250)","Arunachal Pradesh state: Changlang and Lohit; Assam state; Meghalaya state: west Garo Hills; Nagaland state: Dimapur, Kohima, Mokokchung, Wokha, and Zunheboto; West Bengal state: Jalpaiguri and Koch Bihar.",Assam,26.6205,92.9831,2,2 (Provincial),"Statutory provincial language in Assam State (1950, Constitution, Schedule VIII).",,"Indo-European, Indo-Iranian, Indo-Aryan, Outer Languages, Eastern, Bengali-Assamese","Jharwa (Pidgin), Mayang, Standard Assamese, Western Assamese (Kamrupi)",,"SOV; noun head final; gender (masculine/feminine); case-marking (6 cases); verb affixes mark person, number, gender of subject; passives; tense and aspect; 21 consonant and 16 vowel phonemes; non-tonal; free stress; honorifics.",,,"Used as L2 by Adi [adi], Aiton [aio], Amri Karbi [ajz], Angami Naga [njm], Ao Naga [njo], Apatani [apt], Bawm Chin [bgr], Chang Naga [nbc], Deori [der], Digaro-Mishmi [mhu], Dimasa [dis], Galo Adi [adl], Hajong [haj], Hmar [hmr], Hrangkhol [hra], Hruso [hru], Idu-Mishmi [clk], Kachari [xac], Kamtapuri [rkt], Karbi [mjw], Khamti [kht], Khamyang [ksu], Koch [kdq], Kok Borok [trp], Kurmukar [kfv], Lyngngam [lyg], Miji [sjl], Miju-Mishmi [mxj], Mising [mrg], Nocte Naga [njb], Phake [phk], Puroik [suv], Singpho [sgp], Sumi Naga [nsm], Tangsa Naga [nst], Tiwa [lax], Turung [try], Tutsa Naga [tvt], Wancho Naga [nnp].",,Taught in primary and secondary schools through grade 5 and as subject thereafter in Assam state.,Literature. Newspapers. Periodicals. Radio. TV. Videos. Dictionary. Grammar. Bible: 1833–1995.,,,Bengali (Bangla) script [Beng].,,"Hindu, Christian, Muslim."
28,asr,Asuri,Asuri,,"Ashree, Assur, Asura, Maleta",IN,India,T,T,T,7000,7000,,,"7,000 (Van Driem 2007).",,,,2007,,"Chhattisgarh state: Raigarh district, Jashpur area; Jharkhand state: Gumla, Lohardaga, southern Palamau, and northern Ranchi districts of Chotanagpur Plateau; Maharashtra state; Odisha state: Sambalpur district; West Bengal state.",Jharkhand,23.8107,84.4663,6a,6a* (Vigorous),,,"Austro-Asiatic, Munda, North Munda, Kherwari, Mundari","Brijia (Birjia, Koranti), Manjhi",,,,Also use Bengali [ben]. Also use English [eng]. Also use Sadri [sck].,,,,NT: 2023.,,,Devanagari script [Deva].,,"Hindu, Christian, traditional religion."
29,aot,Atong,Atong,,A’tong,IN,India,F,T,T,4600,4600,,,"4,600 in India.",,,,,"10,000",Meghalaya state: south Garo Hills district; possibly Assam state: south Kamrup district.,Meghalaya,,,6b,6b (Threatened),,,"Sino-Tibetan, Tibeto-Burman, Sal, Boro-Garo, Koch","Badri, Siju, Rongsu, Baghmara",Related to Koch [kdq] and Rabha [rah].,,"Some young people, all adults.",Also use Garo [grt]. Also use English [eng].,,,,Dictionary. Grammar. Texts.,,,Bengali (Bangla) script [Beng]. Latin script [Latn].,,Traditional religion.
30,awa,Awadhi,Awadhi,अवधी‎ (Awadhi),"Abadi, Abohi, Ambodhi, Avadhi, Baiswari, Kojali, Kosali",IN,India,T,T,T,3850000,3850000,,,"3,850,000 in India (2011 census).",,,,2011,"4,789,700 (as L1: 4,714,000; as L2: 75,700)","Bihar state; Delhi; Madhya Pradesh state; Uttar Pradesh: Allahabad, Bahraich, Bara-Banki, Faizabad, Gonda, Kheri, Lucknow, Pratapgarh, Rae-Bareli, Sitapur, Sultanpur, and Unnao districts.",Uttar Pradesh,26.6232,81.297,5,5* (Developing),,,"Indo-European, Indo-Iranian, Indo-Aryan, Intermediate Divisions, Eastern, East Central","Gangapari, Mirzapuri, Pardesi, Uttari","Dialects are generally mutually intelligible. Lexical similarity: with Bhojpuri [bho], Rana Tharu [thr], Maithili [mai], Nepali [npi], Hindi [hin]. Also Sanskrit [san] borrowings.","SOV; postpositions; noun head final; 2 genders; clause constituents indicated by case-marking; verbal affixation marks person, number and genders of subject and object; no ergativity; tense and aspect; passives and voice; 30 consonant and 8 vowel phonemes; nontonal.",,Many also use English [eng]. Also use Hindi [hin].,,"Literacy rate in L1: 50%–75%. Education is in Hindi [hin]. Considerable epic literature. Hindu holy book, Ramcharitmanas, by Tulsi Das.",,Literature. Newspapers. Periodicals. Radio. TV. Videos. Grammar. Texts. Bible: 2000–2005.,,,Devanagari script [Deva].,‘Kosali’ is a name used for the Eastern Hindi group.,"Hindu, Muslim."
31,bfq,Badaga,Badaga,"Badaga, ಬಡಗ‎ (Badaga)","Badag, Badagu, Baduga, Badugu, Vadagu",IN,India,T,T,T,134000,134000,,,"134,000 (2011 census).",,,,2011,,"Kerala state: Malappuram district; Tamil Nadu state: Nilgiris district, Kunda hills, 200 villages.",Tamil Nadu,11.4543,76.6243,5,5* (Developing),,,"Dravidian, Southern, Tamil-Kannada, Kannada",,,,,Many also use English [eng].,"Used as L2 by Irula [iru], Kota [kfe].",,,Radio. Dictionary. Grammar. Texts. NT: 1999.,,,"Badaga script [Qabq], in development. Kannada script [Knda], no longer in use. Latin script [Latn]. Tamil script [Taml], used since 2009.",,"Hindu, Christian, traditional religion."
32,bfy,Bagheli,Bagheli,बघेली‎ (Bagheli),"Bagelkhandi, Bhugelkhud, Gangai, Godwani Kawathi, Kenat, Kevat Boli, Kevati, Kewani, Kewat, Kewati, Kewot, Kumhari, Mandal, Mannadi, Riwai",IN,India,T,T,T,2680000,2680000,,,"2,680,000 (2011 census).",,,,2011,,"Chhattisgarh state: Bilaspur and Koriya districts; Madhya Pradesh state: Anuppur, Chhindwara, Dindori, Jabalpur, Mandla, Panna, Rewa, Satna, Shahdol, Sidhi, and Umaria districts; Uttar Pradesh state: Allahabad, Banda, Mirzapur, and Hamirpur districts.",Madhya Pradesh,24.2388,80.8812,6a,6a (Vigorous),,,"Indo-European, Indo-Iranian, Indo-Aryan, Intermediate Divisions, Eastern, East Central","Godwani, Kumhari, Rewa","Godwani (refers to Bagheli-speaking Gonds), Kumhari (refers to Bagheli-speaking Kumhar). Though geographic and caste variation is found in Bagheli, no dialect is prevalent. Rewa area variety is considered standard. Lexical similarity: 79%–99% between all Bagheli varieties; 72%–91% with Hindi [hin].",,Vigorous. All domains. Used by all. Positive attitudes.,"Many also use English [eng]. Also use Hindi [hin], using it widely but not displacing Bagheli in any domain. 35% of Bagheli speakers have at least good general proficiency.",,Literacy rate in L2: 49% in Hindi [hin]. Had literature since 16th century.,,Radio. NT: 1821.,,,Devanagari script [Deva].,,Hindu.
33,bgq,Bagri,Bagri,बागड़ी‎ (Bagri),"Bagari, Bagria, Bagris, Bahgri, Baorias",IN,India,T,T,T,1890000,1890000,,,"1,890,000 in India (2011 census).",,"162,000 monolinguals.",,2011,"22,09,000","Punjab state: Fatehabad, Firozepur, Hanumangarh, Haryana, Rajasthan, Sriganganagar, and Sirsa districts.",Rajasthan,29.7919,74.2273,6a,6a* (Vigorous),,,"Indo-European, Indo-Iranian, Indo-Aryan, Intermediate Divisions, Western, Rajasthani, Unclassified",,"Lexical similarity: 81%–95% between all varietes of Bagri, 58%–63% with Eastern Punjabi [pan], 56%–69% with Hindi [hin], 56%–70% with Haryanvi [bgc], 51%–66% with Marwari [rwr], 58%–69% with Merwari [wry], 69%–76% with Shekhawati [swv], 47%–63% with Godwari [gdx], 63%–65% with Dhundari [dhd], 60%–66% with Mewati [wtm], 74% with Jandavra [jnd].","SOV; tonal, 3 tones.","Vigorous. Home, village, school, market, religion. Positive attitudes.",Most also use Hindi [hin]. Educated people and men have greater proficiency. Many also use English [eng].,,Most Bagri live in rural areas and are illiterate.,,Grammar. NT: 2014.,,,Devanagari script [Deva].,A Scheduled Caste.,Traditional religion.
34,vjk,Bajjika,Bajjika,बज्जिका‎ (Bajjika),"Brajjika, Brijjika, Vaishali ki boli, Vajjika, Vrijjika, Western Maithili",IN,India,T,T,T,11500000,11500000,,,"11,500,000 in India (Kashyap 2014).",,,,2014,"12,716,100 (as L1: 12,630,000; as L2: 86,100)","Bihar state: Muzaffarpur, Samastipur, Shivahar, Sitamarhi, and Vaishali districts; Dharbhanga district, Singhwara block; Purba Champaran district, Dhaka block.",Bihar,26.3009,85.2302,5,5 (Developing),,,"Indo-European, Indo-Iranian, Indo-Aryan, Outer Languages, Eastern, Bihari",,Lexical similarity: 51%–65% with Maithili [mai].,,All domains. Used by all.,Many also use Hindi [hin] (Kashyap 2014). Also use Bhojpuri [bho]. Also use Maithili [mai].,,,,Literature. Newspapers. Periodicals. Radio. TV.,,,"Devanagari script [Deva]. Kaithi script [Kthi], used until the turn of the 20th century.",,Hindu.
35,bgp,"Balochi, Eastern",Eastern Balochi,بلوچی‎ (Balochi),"Balochi, Baloci, Baluci",IN,India,F,F,T,800,800,,,800 in India (2007). Possibly L2 speakers only.,,,########,2007,"37,00,800",Punjab state: Firozpur district.,Punjab,,,7,7 (Shifting),,,"Indo-European, Indo-Iranian, Iranian, Western, Northwestern, Balochi",,,SOV; both prepositions and postpositions; gender (masculine/feminine); no articles; case-marking (5 cases); ergativity; passives; tense and aspect; 23 consonant and 8 vowel phonemes; non-tonal.,,Shifting to Urdu [urd].,,,,Radio. Grammar. NT: 1906.,,,"Arabic script, Naskh variant [Arab]. Arabic script, Nastaliq variant [Aran], primary usage. Latin script [Latn], limited usage in the early 1900s.","Distinct from Western Balochi [bgn] of Pakistan, Afghanistan, Iran, and Turkmenistan; and Southern Balochi [bcc] of Pakistan, Iran, Oman, and United Arab Emirates.",Muslim.
36,bft,Balti,Balti,بلتی‎ (Baltī),"Baltistani, Bhoti of Baltistan, Byltae, Sbalt",IN,India,F,T,T,13800,13800,,,"13,800 in India (2011 census).",,,########,2011,"65,900",Jammu and Kashmir state.,Jammu and Kashmir,,,6b,6b (Threatened),,,"Sino-Tibetan, Tibeto-Burman, Western Tibeto-Burman, Bodish, Central Bodish, Western",,,,"Some young people, all adults.","Many also use Purig [prx]. Also use English [eng]. Also use Shina [scl]. Also use Urdu [urd], with high proficiency in some places, except among women and uneducated populations.",Used as L2 by Purig [prx].,Literacy rate in L2: 62% (2001 census).,,Dictionary. Texts. Bible portions: 1903–1940.,,,"Arabic script, Naskh variant [Arab], used since the 17th century. Arabic script, Nastaliq variant [Aran], used since the 17th century, primary usage. Balti script [Qaab], no longer in use. Tibetan script [Tibt], used between 8th and 17th century, recent efforts to revive usage.",,Muslim.
37,bap,Bantawa,Bantawa,बान्तावा‎ (bantawa),"An Yüng, Bantaba, Bantawa Dum, Bantawa Rai, Bantawa Yong, Bantawa Yüng, Bontawa, Kirat Khambu, Kirat Khambu Rai, Kirawa Yüng, Rai",IN,India,F,T,T,14400,14400,,,"14,400 in India (2001 census).",,Few monolinguals.,,2001,"215,100 (as L1: 171,600; as L2: 43,500)","Sikkim state: Lingdum, Rolep, and many other parts of the state; West Bengal state: Darjeeling.",West Bengal,,,6b,6b (Threatened),,,"Sino-Tibetan, Tibeto-Burman, Western Tibeto-Burman, Himalayan, Kiranti, Eastern",,,"SOV; postpositions; noun heads initial; no noun classes or genders; content q-word in situ; genitives, adjectives, numerals before noun heads; polar questions marked only with rising intonation; content questions same word order as assertive sentences or question word directly before the verb; up to 2 prefixes, 10 suffixes; clause constituents indicated by word order; affixes indicate case of noun phrases; verbal affixation mark person, number, object—obligatory; tense and aspect; no passives or voice; split ergative; comparatives use Nepali word, bhanda; 25 consonant and 6 vowel phonemes; numbers above 3 are borrowed from Nepali [npi]; CV, CVC, CVCC; nontonal.","Some shift to Nepali [npi] evident, especially among young generation. Home, friends, religion. Some young people, all adults. Positive attitudes.","Most also use Nepali [npi]. Also use English [eng]. Also use Hindi [hin], especially among ex-soldiers.",,,,Literature. Newspapers. Periodicals. Radio. Videos. Dictionary. Grammar. Texts. NT: 2020.,,,"Devanagari script [Deva]. Kirat Rai script [Krai], used in Sikkim.",,"Traditional religion, Christian, Hindu."
38,bpx,"Bareli, Palya",Palya Bareli,,"Bareli, Pali, Palodi",IN,India,T,T,T,10000,10000,,,"10,000 (2000 V. Varkey).",,,,2000,,"Madhya Pradesh state: Barwani district, Rajpur and Barwani sub-districts; Khargone district, Jhirniya sub-district; Maharashtra state: Jalgaon district, Yawal and Raver sub-districts; Dhule district, Shirpur sub-district.",Madhya Pradesh,21.7066,75.6246,5,5 (Developing),,,"Indo-European, Indo-Iranian, Indo-Aryan, Intermediate Divisions, Western, Bhil",,"Dialect center is Madhya Pradesh, Barwani District, Choutharya village of Rajpur tahsil. Lexical similarity 62%–66% with Pauri Bareli [bfb], 67%–73% with Rathwi Bareli [bgd].",,Vigorous. All domains except education. Used by all. Positive attitudes.,Also use Ahirani [ahr]. Also use English [eng]. Also use Hindi [hin]. Also use Marathi [mar]. Also use Nimadi [noe].,,Literacy rate in L2: Below 10%.,,NT: 2020.,,,Devanagari script [Deva].,,Traditional religion.
39,bfb,"Bareli, Pauri",Pauri Bareli,बारेला पावरी‎ (Bārēlā pāvarī),"Barel Pauri, Bareli, Barewali, Barli",IN,India,T,T,T,991000,991000,,,"991,000 (2011 census).",,,,2011,,"Maharashtra state: Nandurbar district, Dhadgaon, Shahada, and Taloda sub-districts; Dhule district, Shirpur sub-district; Madhya Pradesh state: Barwani district, Pansemal sub-district, Nivali and Pati blocks.",Madhya Pradesh,21.8964,74.4319,5,5* (Developing),,,"Indo-European, Indo-Iranian, Indo-Aryan, Intermediate Divisions, Western, Bhil",,"Pauri Bareli not intelligible with Rathwi Bareli [bgd] or Palya Bareli [bpx]. Dialect center in Maharashtra, Nandurbar district, Dhadgaon tahsil. Lexical similarity: 81%–88% with varieties of Pauri Bareli; 68%–79% with Rathwi Bareli [bgd]; 62%–66% with Palya Bareli [bpx].",,Vigorous. All domains except education. Positive attitudes.,Also use Ahirani [ahr]. Also use English [eng]. Also use Hindi [hin]. Also use Marathi [mar]. Also use Nimadi [noe].,,Literacy rate in L2: Below 10%.,,NT: 2017.,,,Devanagari script [Deva].,,Traditional religion.
40,bgd,"Bareli, Rathwi",Rathwi Bareli,बरेली‎ (Bareli),"Barel, Barela, Paura, Pauri, Pawari, Pawri, Rathi, Rathia, Rathwi Pauri",IN,India,T,T,T,359000,359000,,,"359,000 (2011 census).",,,,2011,,"Madhya Pradesh state: Barwani district, Barwani, Sendhwa, and Rajpur sub-districts; Khargone district, Bhagawanpura, Jhirniya, and Bhikangaon sub-districts; Dewas district, Bagli sub-district; Khandwa district, Burhanpur sub-district; Dhar district, Dahi block; south Jhabua district, Rathia Bhilala; Maharashtra state: north Dhule district, Shirpur sub-district; Jalgaon district, Chopda, Raver, and Yawal sub-districts.",Madhya Pradesh,21.9293,75.5625,5,5* (Developing),,,"Indo-European, Indo-Iranian, Indo-Aryan, Intermediate Divisions, Western, Bhil",,"Pauri Bareli [bfb] and the Rathwi Pauri dialect not intelligible with Vasavi [vas] or Bhilori [noi]. Dialect center is Madhya Pradesh, Barwani District, Chiklia. Not intelligible with Palya Bareli [bpx] or Pauri Bareli. Understood by Rathia Bhilala of Nimad, Bhilala of Sondhwa block of Jhabua District and Bhils of south Dhar District. Lexical similarity: 81%–93% with Rathwi Bareli dialects; 67%–73% with Palya Bareli [bpx]; 68%–79% with Pauri Bareli [bfb].",,Vigorous. All domains except education. Positive attitudes.,Also use Ahirani [ahr]. Also use English [eng]. Also use Hindi [hin]. Also use Marathi [mar]. Also use Nimadi [noe].,,Literacy rate in L2: Below 10%.,,Bible portions: 1986.,,,Devanagari script [Deva].,A Scheduled Tribe.,Traditional religion.
41,btv,Bateri,Bateri,,,IN,India,F,F,T,800,800,,,800 in India. 200 families.,,,,,"41,800",Jammu and Kashmir state: Srinagar area.,Jammu and Kashmir,,,6a,6a* (Vigorous),,,"Indo-European, Indo-Iranian, Indo-Aryan, Outer Languages, Northwestern, Dardic, Kohistani",,,,,,,,,,,,Unwritten [Qaax].,,Muslim.
42,bge,Bauria,Bauria,,"Babri, Badak, Baori, Basria, Bawari, Bawaria, Bhoria, Vaghri",IN,India,T,T,T,63000,63000,,,"63,000 (2011 census).",,,,2011,,"Chandigarh, Haryana, Himachal Pradesh, Punjab, Rajasthan, and Uttar Pradesh states; Delhi.",Punjab,31.0125,76.2951,6a,6a* (Vigorous),,,"Indo-European, Indo-Iranian, Indo-Aryan, Intermediate Divisions, Western, Bhil",,,,,Many also use English [eng]. Also use Eastern Punjabi [pan].,,,,,,,Unwritten [Qaax].,A Scheduled Caste.,"Traditional religion, Hindu."
43,bfr,Bazigar,Bazigar,,,IN,India,T,T,T,58200,58200,,,"58,200 (1981 census).",,,########,1981,,"Haryana state: Ambala, Kaithal, Karnal, and Kurukshetra; Punjab state: Fatehgarh Sahib district and Patiala; Uttar Pradesh state: Muzaffarnagar and Saharanpur.",Haryana,30.1059,76.7731,7,7 (Shifting),,,"Indo-European, Indo-Iranian, Indo-Aryan, Unclassified",,,,,Shifting to Eastern Punjabi [pan]. Many also use English [eng].,,,,,,,Unwritten [Qaax].,,Hindu.
44,brw,Bellari,Bellari,,,IN,India,T,T,T,1000,1000,,,"1,000 (Van Driem 2007).",,,,2007,,Karnataka state: Mysore district; Kerala state: Wayanad district; scattered in Tamil Nadu state.,Karnataka,11.9306,76.2036,7,7 (Shifting),,,"Dravidian, Southern, Tulu",,Related to Tulu [tcy] and Koraga [kfd].,,,Shifting to Kannada [kan].,,,,,,,Unwritten [Qaax].,"Bellara is a Scheduled Caste in Karnataka, Kerala, and Tamil Nadu. Speak a dialect of Kannada [kan] (Singh 1995b).",
45,ben,Bengali,Bengali,বাংলা‎ (Bangla),"Bangala, Bangla-Bhasa",IN,India,F,T,T,1.07E+08,96500000,10000000,"106,500,000 in India, all users.","96,500,000 in India (2011 census).","10,000,000 (2011 census).",,,2011,"284,325,790 (as L1: 241,803,340; as L2: 42,522,450)","Assam state: Goalpara district; Bihar state; Jharkhand state: Dhanbad, Manbhum, Santal Parganas, and Singhbhum; Odisha state: Bales and Mayar; Tripura and West Bengal states.",West Bengal,,,2,2 (Provincial),"Statutory provincial language in West Bengal, Tripura, Assam states (1950, Constitution, Schedule VIII).",,"Indo-European, Indo-Iranian, Indo-Aryan, Outer Languages, Eastern, Bengali-Assamese","Barik, Bhatiari, Chirmar, Kachari-Bengali, Lohari-Malpaharia, Musselmani, Rajshahi, Samaria, Saraki, Siripuria (Kishanganjia)",,"SOV; postpositions; noun head both initial and final; 3 genders: male, female, neuter; content q-word initial and final; clause constituents indicated by case-marking (5 cases) and word order; verb affixes mark person, number; definite article affix; tense; passives and voice; causatives; comparatives; non-tonal; 35 consonant and 5 vowel phonemes; stress on first syllable.",,,"Used as L2 by Asuri [asr], Bishnupuriya [bpy], Chakma [ccp], Dimasa [dis], Hajong [haj], Kamtapuri [rkt], Kharia [khr], Kharia Thar [ksy], Koch [kdq], Kok Borok [trp], Kudmali [kyw], Kumarbhag Paharia [kmj], Lodhi [lbm], Mahali [mjx], Maithili [mai], Mal Paharia [mkb], Panchpargania [tdb], Pnar [pbv], Rabha [rah], Sadri [sck], Sakachep [sch], Toto [txo], Urdu [urd].",Literacy rate in L1: 85%.,"Taught in primary and secondary schools through grade 5 and as subject thereafter in Assam, Tripura, and West Bengal states.",Fully developed. Bible: 1832–2016.,,,"Bengali (Bangla) script [Beng], primary usage. Braille script [Brai]. Newa script [Newa], no longer in use.",,"Muslim, Hindu."
46,bhd,Bhadrawahi,Bhadrawahi,भद्रवाही‎ (Bhadrawahi),"Baderwali, Badrohi, Bahi, Bhadarwahi, Bhaderbhai Jamu, Bhaderwali Pahari, Bhadrava, Bhadri",IN,India,T,T,T,116000,116000,,,"116,000 (2011). 98,800 Bhadrawahi and 17,300 Padari (2011 census).",,,,2011,,"Himachal Pradesh state: small border area; Jammu and Kashmir state: Doda district, Bhadarwah town and surrounding villages.",Jammu and Kashmir,33.2951,75.8604,5,5* (Developing),,,"Indo-European, Indo-Iranian, Indo-Aryan, Intermediate Divisions, Western, Pahari, Western Pahari","Bhalesi, Padari (Padar)",Lexical similarity: 45% with Pangwali [pgg].,,"Vigorous in spite of high bilingualism; L1 seen as important. Home, village, religion. Positive attitudes.",Also use English [eng]. Also use Hindi [hin]. Also use Kashmiri [kas]. Also use Urdu [urd].,,"Literacy rate in L2: 70% (84% for males, 53% for females).",,Literature. Radio. Grammar. NT: 2017.,,,"Arabic script, Naskh variant [Arab]. Devanagari script [Deva].",,Hindu.
47,bhx,Bhalay,Bhalay,,"Balahi, Balai",IN,India,T,T,T,8670,8670,,,"8,670 (1981 census).",,,,1981,,Madhya Pradesh state; Maharashtra state: Amravati district.,Madhya Pradesh,21.5372,77.6503,6a,6a (Vigorous),,,"Indo-European, Indo-Iranian, Indo-Aryan, Outer Languages, Southern, Unclassified",,"Lexical similarity: 91%–95% with Gowlan [goj], 61%–62% with Hindi [hin], 33%–34% with Marathi [mar].",,All domains. Used by all. Positive attitudes.,Also use English [eng]. Also use Hindi [hin]. Also use Marathi [mar].,,,,,,,Unwritten [Qaax].,"Bhalay probably an alternate spelling of Balahi (Balai), a Scheduled Caste found in Madhya Pradesh, Maharashtra, Rajasthan, and Uttar Pradesh.",Traditional religion.
48,bha,Bharia,Bharia,,"Bhar, Bharat, Bhumia, Bhumiya, Paliha",IN,India,T,T,T,197000,197000,,,"197,000 (1981 census).",,,,1981,,"Chhattisgarh state: Bilaspur, Durg, and Surguja districts; Madhya Pradesh state: Chhatarpur, Chhindwara, Datia, Jabalpur, Mandla, Panna, Rewa, Sidhi, and Tikamgarh districts; Uttar Pradesh and West Bengal states.",Madhya Pradesh,23.9801,80.0664,6a,6a* (Vigorous),,,"Dravidian, Unclassified",,They speak a variety of Hindi [hin] (Singh and Manoharan 1993).,,,Many also use English [eng].,,,,,,,Devanagari script [Deva].,,Hindu.
49,bgw,Bhatri,Bhatri,भतरी‎ (Bhatri),"Basturia, Bhatra, Bhattra, Bhattri, Bhottada, Bhottara, Deshia, aisi jaisi got",IN,India,T,T,T,334000,334000,,,"334,000 (2011 census).",,,,2011,,"Chhattisgarh state: Bastar district, Jagdalpur sub-district; Maharashtra state; Odisha state: Koraput district, Kotpad sub-district.",Chhattisgarh,19.1369,81.8699,3,3 (Wider communication),,"Came to the Bastar district from Warangal; became widespread under British rule in 1858. Used in trade (opium), daily communication between ethnic groups, and agriculture.","Indo-European, Indo-Iranian, Indo-Aryan, Outer Languages, Eastern, Oriya",,"Intelligibility between dialects at 88% or more. Reportedly similar to Halbi [hlb]. Lexical similarity: 70%–90% between dialects, 58% with Adivasi Oriya [ort].",,"Vigorous. Home, religion. Positive attitudes.","Some also use Hindi [hin], in Madhya Pradesh. Also use Halbi [hlb]. Also use Odia [ory], in Odisha.","Used as L2 by Duruwa [pci], Halbi [hlb].",Literacy rate in L2: 38% in Chhattisgarh [hne] (2001 census).,,NT: 2017.,,,Devanagari script [Deva].,,"Hindu, traditional religion."
50,bht,Bhattiyali,Bhattiyali,भटियाली‎ (Bhaṭiyālī),"Bhateali, Bhatiali Pahari, Bhatiyali, Pahari",IN,India,T,T,T,24000,24000,,,"24,000 (2011 census).",,,,2011,,"Himachal Pradesh state: Chamba district, Bhattiyat and Sihunta sub-districts; Jammu and Kashmir state; Punjab state.",Himachal Pradesh,32.4753,75.9925,5,5 (Developing),,,"Indo-European, Indo-Iranian, Indo-Aryan, Intermediate Divisions, Western, Pahari, Western Pahari",,,SOV.,Used by all.,Also use Eastern Punjabi [pan]. Also use English [eng]. Also use Hindi [hin]. Also use Urdu [urd].,,,,NT: 2020.,,,Devanagari script [Deva].,,"Hindu, Buddhist, Christian, Muslim, Sikh."
51,bhi,Bhilali,Bhilali,,"Bhilala, Bhili",IN,India,T,T,T,753000,753000,,,"753,000 (2011 census).",,,,2011,,"Karnataka state; Madhya Pradesh state: Barwani (Rajpur), southern Dhar, southern Jhabua, and Khargone (Segaon) districts; Maharashtra state: Dhule district; Rajasthan state; a few in Gujarat state.",Madhya Pradesh,22.44,75.1031,5,5* (Developing),,,"Indo-European, Indo-Iranian, Indo-Aryan, Intermediate Divisions, Western, Bhil",Parya Bhilali,,,,Many also use English [eng].,,,,NT: 2022.,,,Devanagari script [Deva].,,Traditional religion.
52,bhb,Bhili,Bhili,भीली‎ (Bhīlī),"Bhagoria, Bhil, Bhilbari, Bhilboli, Bhilla, Bhilodi, Lengotia, Vil",IN,India,T,T,T,3430000,3290000,140000,"3,430,000, all users.","3,290,000 (2011 census). 10,400,000 for all Bhil languages (2011 census).","140,000 (2011 census).",,,2011,,"Gujarat state: Dohad, Panch Mahals, and Sabarkantha districts; Madhya Pradesh state: Dhar, Indore, Jhabua, Khargone, and Ratlam districts; Rajasthan state: Banswara, Dungapur, and Udaipur districts.",Madhya Pradesh,23.3,74.5431,5,5* (Developing),,,"Indo-European, Indo-Iranian, Indo-Aryan, Intermediate Divisions, Western, Bhil","Ahiri, Anarya (Pahadi), Bhilodi, Bhim, Charani, Habura, Konkani, Kotali (Kotvali, Kotwalia), Magra Ki Boli, Nahari (Baglani), Naikdi, Panchali, Patelia, Ranawat, Rani Bhil, Siyalgir, Valvi, Labani",Bhili of Ratlam District in Madhya Pradesh is inherently intelligible with Wagdi [wbr] and a connecting link between Gujarati [guj] and Rajasthani (Marwari) [mve].,,Spoken as L1 by the Patelia in Madhya Pradesh.,Many also use English [eng]. Also use Hindi [hin].,,Literacy rate in L1: 1%–5%. Literacy rate in L2: 10%.,,Literature. Radio. TV. Videos. NT: 1930.,,,Devanagari script [Deva]. Gujarati script [Gujr].,"‘Bhil’ is an ethnic designation (caste or tribe). Bhili is a Scheduled Tribe in Rajasthan, Gujarat, Maharashtra, Madhya Pradesh, and Tripura; Kotwalia is a Scheduled Tribe in Gujarat and Maharashtra. Dewali (Dehawali) is a cover term for Vasavi and Kotali, among others.",Traditional religion.
53,bho,Bhojpuri,Bhojpuri,भोजपुरी‎ (Bhōjpurī),"Bajpuri, Bhojapuri, Bhozpuri, Khotla, Piscimas, “Bihari” (pej.)",IN,India,T,T,T,50600000,50600000,,,"50,600,000 in India (2011 census).",,,,2011,"52,682,000 (as L1: 52,543,000; as L2: 139,000)","Assam state; Bihar state: Champaran, Saran, and Shahabad districts; Delhi; Jharkhand state: Palamau and Ranchi districts; Madhya Pradesh state; Uttar Pradesh state: Azamgarh, Ballia, Basti, Deoria, Ghazipur, Gorakhpur, Mirzapur, and Varanasi districts; West Bengal state.",Uttar Pradesh,26.248,83.4078,5,5* (Developing),,,"Indo-European, Indo-Iranian, Indo-Aryan, Outer Languages, Eastern, Bihari","Northern Standard Bhojpuri (Basti, Gorakhpuri, Sarawaria), Western Standard Bhojpuri (Benarsi, Purbi), Southern Standard Bhojpuri (Kharwari), Bhojpuri Tharu, Madhesi, Domra, Musahari","May be more than 1 language. Extent of dialect variation in India and Nepal not yet determined. The cover term “Bihari” (a pejorative alternate name for Bhojpuri) is also used for Maithili [mai], and Magahi [mag]. Bhojpuri Tharu dialect is spoken by Tharu caste in Nepal and India. Distinct from other Tharu languages.","SOV; postpositions; noun head final; gender (masculine/feminine for animate nouns); content q-word in situ; clause constituents indicated by both case-marking (3 cases) and word order; verbal affixation marks person, number and genders of subject and object; no ergativity; tense and aspect; non-tonal; 34 consonant and 6 vowel phonemes, about 4 diphthongs; stress on penultimate syllable.",,Many also use English [eng].,"Used as L2 by Bajjika [vjk], Maithili [mai], Urdu [urd].",Literacy rate in L1: 5%–30%. Literacy rate in L2: 50%–75%.,,Literature. Newspapers. Periodicals. Radio. TV. Videos. Grammar. Texts. NT: 1998–2006.,,,Devanagari script [Deva]. Kaithi script [Kthi].,,"Hindu, Muslim."
54,bhu,Bhunjia,Bhunjia,,"Bhumia, Bhumjiya, Bhunjiya, Bunjia",IN,India,T,T,T,6790,6790,,,"6,790 (2000 USCWM).",,,,2000,,"Chhattisgarh state: Raipur district; Madhya Pradesh state: Hoshangabad district; Maharashtra state; Odisha state: Balasore (Baleshwar), Dhenkanal, Kalahandi, Keonjhar, Koraput, and Sambalpur districts, Sunabera Plateau area.",Odisha,20.4926,82.6147,6b,6b* (Threatened),,,"Indo-European, Indo-Iranian, Indo-Aryan, Outer Languages, Eastern, Oriya",,A more divergent dialect of Halbi [hlb]. Lexical similarity: 68%–72% with Kamar [keq].,,,Also use Chhattisgarhi [hne]. Also use English [eng]. Also use Hindi [hin].,,Literacy rate in L2: 24% in Odisha (2001 census).,,NT: 2022.,,,Devanagari script [Deva].,,Hindu.
55,biu,Biate,Biate,Biate,"Baite, Bedesa, Beite, Bete, Beteh, Biete, Hadem",IN,India,T,T,T,19000,19000,,,"19,000 (IMA 1997).",,,,1997,,"Assam state: North Cachar Hills district; Manipur state; Meghalaya state: Jaintia hills district; Mizoram state: Aizawl district, Darlawn, New Vervek, and Ratu villages.",Assam,25.4873,92.7857,5,5* (Developing),,,"Sino-Tibetan, Tibeto-Burman, Kuki-Chin, Central, Mizo",,"Reportedly similar to Hrangkhol [hra], and similar enough to Mizo [lus] and Hmar [hmr] that they can be read with comprehension.",,"Home, village, church.","Also use English [eng]. Also use Hindi [hin], especially in Assam. Also use Khasi [kha], in Meghalaya. Also use Mizo [lus]. Also use War-Jaintia [aml], in Meghalaya.",Used as L2 by Sakachep [sch].,Literacy rate in L1: 56%.,,Literature. Bible: 1985–2005.,,,Latin script [Latn].,An ethnic subgroup of the Mizo. Not the same as the Biate dialect of Chin Thado [tcz] (Breton 1997).,Christian.
56,bix,Bijori,Bijori,,"Binjhia, Birijia, Birjia, Brijia, Burja",IN,India,T,T,T,12800,12800,,,"12,800 (2001 census).",,,,2001,,Jharkhand state: Cowerdaga and Ranchi districts; Madhya Pradesh and Odisha states; West Bengal state: Darjeeling and Jalpaiguri districts.,Jharkhand,23.5314,84.4117,6b,6b (Threatened),,,"Austro-Asiatic, Munda, North Munda, Kherwari",,,,"Home. Some young people, all adults.",Most also use Hindi [hin] (Bhattacharya 2016). Most also use Sadri [sck] (Bhattacharya 2016). Also use English [eng].,,Literacy rate in L2: 10% in Hindi [hin].,,,,,Devanagari script [Deva].,A Scheduled Tribe. Ethnic group called Birjia.,"Hindu, Christian."
57,kfs,Bilaspuri,Bilaspuri,बिलासपूरी‎ (Bilāsapūrī),"Bilaspuri Pahari, Himachali, Kahluri, Kehloori Pahari, Kehluri, Pacchmi, Pahari",IN,India,T,T,T,296000,296000,,,"296,000 (2011 census).",,,,2011,,Himachal Pradesh state: Bilaspur district; Punjab state: Rupnagar district.,Himachal Pradesh,31.3485,76.5981,5,5 (Developing),,,"Indo-European, Indo-Iranian, Indo-Aryan, Intermediate Divisions, Western, Pahari, Western Pahari",,"95% intelligibility of Mandeali [mjl], 94% of Kangri [xnr]. Lexical similarity: 90% with Kangri of Palampur, 86% with Mandeali, 84% with Chambeali [cdh].",SOV.,"Home, community, agriculture, religion. Used by all.","Also use Eastern Punjabi [pan]. Also use English [eng]. Also use Hindi [hin], especially for instruction in school and politics, but middle-aged and older women have limited comprehension of it. Also use Urdu [urd], especially by middle-aged and older educated people.",,,,Radio. NT: 2017.,,,Devanagari script [Deva].,‘Kahluri’ is based on the old name for the princely state.,Hindu.
58,biy,Birhor,Birhor,,"Bihor, Birhar, Birhore, Birhul, Mankidi, Mankidia, Mankiria",IN,India,T,T,T,2000,2000,,,"2,000 (Van Driem 2007). Nomadic habits make assessment difficult. Some estimates as low as 1,000 (Parkin 1991).",,,,2007,,"Chhattisgarh state: Raigarh district; Jharkhand state: southern Hazaribag, southern Palamau, Ranchi, and Singhbhum districts; Maharashtra state; Odisha state: Kalahandi, Keonjhar, Mayurbhanj, Sambalpur, and Sundargarh districts; West Bengal state: Puruliya district.",Jharkhand,23.6756,84.8128,6a,6a (Vigorous),,,"Austro-Asiatic, Munda, North Munda, Kherwari, Mundari",,"Lexical similarity: 55%–72% with Santhali [sat], Ho [hoc], Mundari [unr], and Munda [unx].",,Vigorous. No indication of language shift. Most domains. Used by all. Positive attitudes.,"Also use English [eng], especially the school children. Also use Hindi [hin]. Also use Ho [hoc]. Also use Munda [unx]. Also use Mundari [unr]. Also use Odia [ory]. Also use Sadri [sck]. Also use Santhali [sat].",,Literacy rate in L2: 10% in Hindi [hin].,,NT: 2023.,,,Devanagari script [Deva].,Traditionally nomadic.,"Hindu, traditional religion."
59,bpy,Bishnupuriya,Bishnupuriya,Bishnupuriya,"Bishnupria Manipuri, Bishnupriya, Bishnupriya Manipuri, Bisna Puriya",IN,India,T,T,T,79600,79600,,,"79,600 in India (2011 census).",,,,2011,"1,19,600","Assam state: Cachar, Hailakandi, and Karimganj districts; north Tripura state.",Assam,24.6143,92.6181,5,5* (Developing),,,"Indo-European, Indo-Iranian, Indo-Aryan, Outer Languages, Eastern, Bengali-Assamese","Madai Gang (Leimanai), Rajar Gang (Ningthaunai)","Though once regarded as a Bengali-Meitei creole, it retains pre-Bengali features (Masica 1991). Lexical similarity: 81%–85% between dialects in Bangladesh, 41%–45% with Bengali [ben].","SOV; postpositions, articles before noun heads, question word before the verb, affixes indicate case of noun phrase; CV, CVC, CVV, CCV, VC, VCV; nontonal.",,Also use Bengali [ben]. Also use English [eng].,,Literacy rate in L2: 80%.,,Literature. Radio. Videos. Grammar. Bible portions: 1995–2011.,,Bishnupuriya Language and Development Organisation.,Bengali (Bangla) script [Beng].,Reported to also live in three villages in Myanmar but these villages cannot be identified.,Hindu.
60,bdv,Bodo Parja,Bodo Parja,ବଡ଼ ପରଜା‎ (Bodo Parja),"Bodo Paraja, Harja, Jhaliya, Jharia, Jhodia Parja, Parajhi, Parja, Parjhi, Parji, Paroja, Poroja, Sodia Parja",IN,India,T,T,T,50000,50000,,,"50,000 (2001 Indian Bible Translators).",,,,2001,,Andhra Pradesh state; Odisha state: Koraput district.,Odisha,18.8678,82.9933,5,5* (Developing),,,"Indo-European, Indo-Iranian, Indo-Aryan, Outer Languages, Eastern, Oriya",,"Phonology and grammar show Indo-European relationship, not related to Dravidian Duruwa Parji. 86%–96% intelligibility between Bodo and Jhodia caste varieties. Lexical similarity: 76%–86% with Bodo and Jhodia caste varieties, 70%–89% with Desia.",,,"Most also use Adivasi Oriya [ort], in the market. Also use English [eng], especially the youth.",,Literacy rate in L2: 15% (2001 census).,,NT: 2020.,,,Oriya (Odia) script [Orya].,The name Paroja comes from Sanskrit [san] subjects. It is used for a variety of ethnic groups from different language families.,"Hindu, Christian, traditional religion."
61,bfw,Bondo,Bondo,,"Bhonda Bhasha, Bonda, Bondo-Poraja, Nanqa Poroja, Poraja Katha, Remo, Remosum",IN,India,T,T,T,9000,9000,,,"9,000 (2002 SIL). 5,570 Upper Bondo and 3,500 Lower Bondo.",,Few Lower Bondo are monolingual.,,2002,,"Odisha state: Malkangiri district, Khoirput sub-district, Bondo Hills.",Odisha,18.4766,82.2572,6b,6b* (Threatened),,,"Austro-Asiatic, Munda, South Munda, Koraput Munda, Gutob-Remo-Geta’, Gutob-Remo","Upper Bondo, Lower Bondo","Lexical similarity: 70%–94% with other Bondo varieties, 45%–51% with Gutob Gadaba [gbj], 22%–32% with Upper Gata’ [gaq] (Didayi).",,Positive attitudes.,"Many also use Adivasi Oriya [ort], for trade and interactions with surrounding communities. Few Upper Bondo are bilingual. Also use English [eng], limited use with the youth.",,Literacy rate in L1: 1%. Literacy rate in L2: 12% (2001 census).,,Literature. Dictionary. Bible portions: 2010.,,,Oriya (Odia) script [Orya].,,"Traditional religion, Hindu."
62,brx,Boro,Boro,"बोडो‎ (boḍo), बोडो भाषा‎ (boḍo bʰāṣā)","Bara, Bodi, Bodo, Boroni, Kachari, Mech, Meche, Mechi, Meci",IN,India,T,T,T,1470000,1470000,,,"1,470,000 in India (2011 census). 1,460,000 Boro, 11,500 Mech (2011 census).",,,,2011,"1,474,275 (as L1: 1,474,200; as L2: 75)","Assam state: mainly Darrang, Goalpara, Kamrup, Lakhimpur, Nagaon, and Sibsagar districts; Manipur state: Chandel (Tengnoupal) district; Meghalaya state: West Garo Hills district, Tikrikilla sub-district, 7 villages; East Khasi Hills district; West Bengal state: Cooch-Behar, Darjeeling, and Jalpaiguri districts.",Assam,26.7878,88.0903,4,4 (Educational),"Statutory language of provincial identity in Assam (1950, Constitution, Schedule VIII), amended 2003.",,"Sino-Tibetan, Tibeto-Burman, Sal, Boro-Garo, Boro-Tiwa, Boro","Chote, Mech",West Bengal dialect reportedly different from Assam.,,Vigorous Bodo language and culture. Assamese [asm] is L1 for most Bodo Mech dialect speakers in Assam (Breton 1997:24).,"Also use English [eng], especially the youth.",Used as L2 by Koch [kdq].,Literacy rate in L2: 61% Assam (2001 census).,Taught as subject in primary and secondary schools through grade 9 in tribal areas of Assam.,Literature. Periodicals. Radio. Dictionary. Grammar. Bible: 1981.,,,"Bengali (Bangla) script [Beng]. Devanagari script [Deva], primary usage. Latin script [Latn].",,"Traditional religion, Christian."
63,bra,Braj Bhasha,Braj Bhasha,ब्रज भाषा‎ (Braj Bhāshā),"Bijbhasha, Braj, Braj Bhakha, Bri, Brij Bhasha, Briju, Bruj, Daihaati Zabaan, Dehaati Zabaan",IN,India,T,T,T,1560000,1560000,,,"1,560,000 (2011 census).",,,,2011,,"Bihar state; Delhi; Haryana state: Gurgaon district; Madhya Pradesh state: Bhind, Gwalior, and Morena districts; Rajasthan state: Bharatpur and Sawai Madhopur districts; Uttar Pradesh state: Agra region.",Rajasthan,26.485,76.7113,5,5* (Developing),,,"Indo-European, Indo-Iranian, Indo-Aryan, Western Hindi, Unclassified","Braj Bhasha, Antarbedi (Antarvedi), Bhuksa, Sikarwari, Jadobafi, Dangi, Bhadauri (Towargarhi)","Bhuksa is sometimes mentioned as a dialect of Kanauji [bjj]. Braj Bhasha is usually considered a dialect of Hindi [hin], and was the predominant literary language before the switch to Hindi in the 19th century. Chhatapur dialect is widely understood. Other dialects are standard Braj of Mathura, Aligarh, western Agra; standard Braj of Bulandshahr; standard Braj of eastern Agra, southern Morena, southern Bharatpur; Braj merging into Kanauji in Etah, Mainpuri, Budaun, and Bareilly; Braj merging into the Bhadauri subdialect in northern Morena; Braj merging into Jaipuri (Rajasthani) in northern Bharatpur and Sawai Uradhopur; Bhuksa in southern Nainital (Grierson and Konow 1903–1928).",,,Also use English [eng].,,,,Literature. Radio. Grammar. NT: 1824–2013.,,,Devanagari script [Deva].,,"Hindu, Muslim."
64,bkk,Brokskat,Brokskat,,"Brok-skad, Brokpa, Brokpa of Dah-Hanu, Dokskat, Kyango, Minaro",IN,India,T,T,T,10000,10000,,,"10,000 in India (Johnstone and Mandryk 2001).",,,,2001,"11,500","Jammu and Kashmir state: Kargil and Ladakh districts along Indus river; Garkhon area, including Batalik, Chulichan, Dah, Darchiks, and Gurgurdo villages.",Jammu and Kashmir,33.889,76.6049,6b,6b* (Threatened),,,"Indo-European, Indo-Iranian, Indo-Aryan, Outer Languages, Northwestern, Dardic, Shina",,,,,Also use English [eng]. Also use Ladakhi [lbj].,,Literacy rate in L2: 56% (2001 census).,,Dictionary. Grammar.,,,Balti script [Qaab]. Tibetan script [Tibt].,A very divergent variety of Shina [scl]. It is the oldest surviving member of the ancient Dardic language.,"Buddhist, Muslim, traditional religion."
65,bgg,Bugun,Bugun,Bugun,"Kho, Khoa, Khowa",IN,India,T,T,T,900,900,,,900 (2001 Asia Harvest).,,,,2001,,"Arunachal Pradesh state: West Kameng district, Nafra and Singchung sub-districts, Bichom, Diching, Dikiang, Lichini, Mangopom, Namphri, New Kaspi, Ramu, Sachita, Singchung, Situ, and Wangho villages; in mountains on both sides of Rupa river, interspersed among the Aka.",Arunachal Pradesh,27.2967,92.4582,6b,6b* (Threatened),,,"Sino-Tibetan, Tibeto-Burman, Central Tibeto-Burman, Kho-Bwa","Dikhyang, Singchung, Wangho, Bichom, Kaspi, Namphri",May be mutually intelligible with Puroik [suv] (Chowdhury 1996); Burling (2003) groups it with Puroik and Sherdukpen [sdp] and possibly also with Lish [lsh] and Sartang [onp]. Lexical similarity: low with all neighboring languages.,,"Home, village, religion.",Also use English [eng]. Also use Hindi [hin]. Younger people use more Hindi. Also use Hruso [hru]. Also use Kalaktang Monpa [kkf]. Also use Nefamese [nef]. Also use Sherdukpen [sdp]. Older people use more Sherdukpen.,,"Literacy rate in L2: 24% (1981 census), 35% for men, 12% for women.",,NT: 2018.,,,Latin script [Latn].,"Spoken by the Khoa (Khowa) ethnic group. They are culturally like the Hruso, but speak a different language.","Traditional religion, Buddhist."
66,tkb,Buksa,Buksa,,"Bhoksha, Bhuksa, Bukas, Buxa",IN,India,T,T,T,59000,59000,,,"59,000 (2011 census).",,,,2011,,"Uttar Pradesh state; Uttarakhand state: southwest Nainital district, Kichha and Kashipur sub-districts, 130 villages, from Keneshpur to Ramnagar; some in Bijnor and Garhwal districts.",Uttarakhand,29.7491,78.6477,6a,6a (Vigorous),,,"Indo-European, Indo-Iranian, Indo-Aryan, Outer Languages, Eastern, Unclassified",,"95% intelligibility with Rana Tharu [thr]. Lexical similarity: 58%–79% with western Tharu varieties, 58% with Central Tharu [the], 83% with Hindi [hin].",,Used by all.,"Some also use Hindi [hin], especially those who are educated, go on to higher studies or jobs in other areas. Also use English [eng].",,,,NT: 2023.,,,Devanagari script [Deva].,,Traditional religion.
67,bns,Bundeli,Bundeli,बुन्देली‎ (Bundeli),"Bondili, Bundelkhandi",IN,India,T,T,T,5630000,5630000,,,"5,630,000 (2011 census). Population estimates range up to 20,000,000.",,,,2011,,"Madhya Pradesh state: Chhatarpur, Chhindwara, Datia, Narsinghpur, Panna, Sagar, Satna, Seoni, Shivpuri and Tikamgarh districts; Maharashtra state: Bhandara and Nagpur districts; Rajasthan state; Uttar Pradesh state: Banda, Hamirpur, Jalaun, Jhansi, and Lalitpur districts.",Madhya Pradesh,24.9151,79.2612,5,5* (Developing),,,"Indo-European, Indo-Iranian, Indo-Aryan, Western Hindi, Bundeli","Standard Bundeli, Lodhanti (Rathora), Chhatapur (Khatola), Banaphari, Kundri, Nibhatta, Tirhari, Gaoli, Kirari, Raghobansi, Nagpuri Hindi, Chhindwara Bundeli",Lexical similarity: 41% with Nagpuri Hindi [hin].,,"Home. Positive attitudes, especially toward Chhatapur dialect.","Also use English [eng]. Also use Hindi [hin], but uneducated speakers have low proficiency.",,,,Literature. Radio. Grammar. NT: 2010.,,,Devanagari script [Deva].,,"Hindu, Buddhist."
68,mya,Burmese,Burmese,"မြန်မာ‎ (Mranmar), မြန်မာစကား‎ (Mranmar sakar), မြန်မာဘာသာ‎ (Mranma bhasa)",,IN,India,F,F,F,17000,17000,,,"17,000 in India (2024 Joshua Project), based on ethnicity.",,,,2024,"42,869,480 (as L1: 32,867,640; as L2: 10,001,840)",,,,,xUn,Unestablished,,,"Sino-Tibetan, Tibeto-Burman, Ngwi-Burmese, Burmish, Southern",,,"SOV; noun head final; tense and aspect; 31 consonants, 8 vowels, 4 diphthongs; tonal (3 tones).",,,,,,Fully developed. Bible: 1835–2014.,,,"Braille script [Brai]. Myanmar (Burmese) script [Mymr], primary usage.",,
69,bsk,Burushaski,Burushaski,"Burushaski, بروشسکی‎ (Burushaski)",,IN,India,F,F,T,300,300,,,300 in India (Munshi 2019).,,,,2018,"3,00,300","Jammu and Kashmir state: Kargil and Leh districts, especially Ladakh area; group in Srinagar.",Jammu and Kashmir,,,6a,6a* (Vigorous),,,Language isolate,,,SOV.,,Also use Kashmiri [kas] (Munshi 2019). Also use Urdu [urd] (Munshi 2019).,,,,Literature. Dictionary. Grammar. Texts.,,,"Arabic script, Naskh variant [Arab]. Arabic script, Nastaliq variant [Aran], primary usage. Latin script [Latn].",,Muslim.
70,bee,Byangsi,Byangsi,,"Bhotia, Byangkho Lwo, Byangkhopa, Byanshi, Byansi, Jaba, Rang, Rang Lo, Saukas, Shaukas",IN,India,T,T,T,2830,2830,,,"2,830 in India (2000).",,No monolinguals.,,2000,"4,572 (as L1: 4,540; as L2: 32)","Uttarakhand state: Pithoragarh district, Darchula and Munsyari sub-districts, Garbyang, Gunji, Nabi, Napalchyu, and Rongkang villages; in Kuthi Yangti river valley in the Himalayas on Nepal and Tibet borders; Byangs Patti from Budi south to Kuti village north.",Uttarakhand,30.3478,80.6216,6b,6b* (Threatened),,,"Sino-Tibetan, Tibeto-Burman, Western Tibeto-Burman, Bodish, West Himalayish, Almora","Pangjungkho Boli, Yerjungkhu Boli, Kuti","Dialects of Byangs, Chaudangs and Darma valleys are unintelligible to each other (Sharma 1994). Those in Kuti (India) and Tinkar (Nepal) are closely related and quite different from those in other Byangsi villages. Tinkar variety differs from Byangsi, Chaudangsi [cdn], and Darmiya [drd] in forms of agreement affixes and basic vocabulary. Minor dialect differences correspond to geographical divisions (Sharma 2001).",,"Home, community.","Also use Central Tibetan [bod]. Also use English [eng]. Also use Hindi [hin], with high level of bilingualism and as the medium of instruction in school. Also use Kumaoni [kfy]. Also use Nepali [npi].",,,,Grammar.,,,"Devanagari script [Deva], recently developed.","Cultural center seems to be India. Ranglo or Rang often used as a cover term for Byangs, Chaudangs, Darmiya and Rongpo. Some borrowing from Indo-Aryan languages.",Hindu.
71,ccp,Chakma,Chakma,Changma Vaj,"Chakama, Changma Vaj, Takam, Tsakma",IN,India,F,T,T,228000,228000,,,"228,000 in India (2011 census).",,,,2011,"7,40,000","Arunachal Pradesh state: Changlang district, Miao sub-district, Lohit district, Chowkham sub-district, Tirap district; Assam state: Anglong, Cachar, Karbi, and North Cachar districts; Mizoram state: southwest along Karnafuli river; Tripura state: North Tripura district, Kailashahar sub-district; South Tripura district; Manipur and West Bengal states.",Tripura,,,4,4 (Educational),,,"Indo-European, Indo-Iranian, Indo-Aryan, Outer Languages, Eastern, Bengali-Assamese",,,,,Also use Bengali [ben]. Also use English [eng]. Also use Mizo [lus].,,,Taught as subject in primary schools.,Literature. Bible: 2021.,,,Bengali (Bangla) script [Beng]. Chakma script [Cakm]. Latin script [Latn].,Distinct from Chak [ckh].,"Buddhist, traditional religion."
72,cdh,Chambeali,Chambeali,,"Cameali, Chamĕāḷī, Chamaya, Chambiali, Chambiyali, Chamiyali Pahari, Chamrali, Chamya",IN,India,T,T,T,126000,126000,,,"126,000 (2011 census).",,,,2011,,"Himachal Pradesh state: Chamba district, Chamba sub-district; Jammu and Kashmir state.",Himachal Pradesh,32.5671,76.2302,5,5 (Developing),,,"Indo-European, Indo-Iranian, Indo-Aryan, Intermediate Divisions, Western, Pahari, Western Pahari","Bansbali, Bansyari, Gadi Chameali","91% intelligibility of Mandeali [mjl], 87% of Kangri [xnr]. Lexical similarity: 90% with Palampuri Kangri [xnr], 86% with Bhattiyali [bht], 84% with Bilaspuri [kfs], 83% with Mandeali [mjl], 79% with Gaddi [gbk], 78% with Churahi [cdj].",SOV.,Used by all.,Also use Eastern Punjabi [pan]. Also use English [eng]. Also use Hindi [hin]. Also use Urdu [urd].,,,,Radio. NT: 2017.,,,"Devanagari script [Deva]. Takri (Tankri, Takari) script [Takr], no longer in use.",,Hindu.
73,rab,Chamling,Chamling,चाम्लिङ‎ (Caamliṅa),Camling,IN,India,F,F,T,,,,,,,,"10,500 (2011 census).",,"118,300 (as L1: 89,000; as L2: 29,300)","Sikkim state: South district; West Bengal state: Darjeeling, Regu and other parts of the state.",West Bengal,,,6b,6b* (Threatened),,,"Sino-Tibetan, Tibeto-Burman, Western Tibeto-Burman, Himalayan, Kiranti, Eastern",,,"SOV; postpositions; noun head final; no noun classes or genders; content q-word in situ; up to 2 prefixes, up to 7 suffixes; clause constituents indicated by case-marking; verbal affixation marks person and number; split and inverse ergativity; mixed tense-aspect; no passives or voice; nontonal; 28 consonant and 5 vowel phonemes.",,,,,,Literature. Periodicals. Radio. Videos. Dictionary. Grammar. Texts. NT: 2015.,,,"Devanagari script [Deva], recently developed.",,
74,cna,Changthang,Changthang,,"Byangskat, Byanskat, Champas, Changs-Skat, Changtang, Changtang Ladakhi, Rong, Rupshu, Stotpa, Upper Ladakhi",IN,India,T,T,T,10100,10100,,,"10,100 (2000).",,,,2000,,"Jammu and Kashmir state: Tibet border area, Changthang region east and southeast of Leh.",Jammu and Kashmir,32.5411,79.0437,6b,6b* (Threatened),,,"Sino-Tibetan, Tibeto-Burman, Western Tibeto-Burman, Bodish, Central Bodish, Western",,"58%–85% intelligibility with Leh dialect of Ladakhi [lbj] with high standard deviation indicating some acquired intelligibility; 94%–95% intelligibility with Stod Bhoti [sbu] from Darcha village. Identify more with Leh Ladakhi culture than with Stod Bhoti despite lack of intelligibility. Related to Rangkas [rgk], Darmiya [drd], Byangsi [bee].",,,Also use English [eng]. Also use Hindi [hin]. Also use Kashmiri [kas]. Also use Ladakhi [lbj]. Also use Urdu [urd].,,Literacy rate in L2: 37% (2001 census).,,,,,"Tibetan script [Tibt], Bodhi style.",,Buddhist.
75,cdn,Chaudangsi,Chaudangsi,,"Bangba Lo, Bangba-Lwo, Bangbani, Chanpa Lo, Chaudans Lo, Saukas, Shaukas, Tsaudangsi",IN,India,T,T,T,1830,1830,,,"1,830 (2000 USCWM).",,No monolinguals.,,2000,,"Uttarakhand state: Pithoragarh district, Darchula and Munsyari sub-districts, Chilla, Gala, Monggong, Panggu, Rimzhim, Rongto, Rung, Sirdang, Sirkha, Song, Sosa, Syang Khola, Tangkul, Waiku, and Zipti villages; Patti Chaudangs, Kali river west bank facing Nepal border along Mahakali valley.",Uttarakhand,29.8979,80.437,6b,6b (Threatened),,,"Sino-Tibetan, Tibeto-Burman, Western Tibeto-Burman, Bodish, West Himalayish, Almora",,"Related to Rangkas [rgk], Darmiya [drd], and Byangsi [bee] (Sharma 1989), unintelligible with Darmiya and Byangsi (Sharma 1994).",,"Home, community. Some young people, all adults. Negative attitudes.",Also use Central Tibetan [bod]. Also use English [eng]. Also use Hindi [hin]. Also use Kumaoni [kfy]. Also use Nepali [npi].,,Hindi [hin] used for written communication.,,,,,Devanagari script [Deva].,"Ranglo or Rang often used as a cover term for Byangs, Chaudangs, Darmiya, and Rongpo.","Hindu, traditional religion."
76,crv,Chaura,Chaura,,"Chowra, Tutet",IN,India,T,T,T,5910,5910,,,"5,910 (2001 census).",,,,2001,,"Andaman and Nicobar Islands union territory: Nicobar Islands, Chaura island.",Andaman and Nicobar Islands,8.4562,93.0337,6b,6b* (Threatened),,,"Austro-Asiatic, Mon-Khmer, Nicobar, Chowra-Teressa",,,,,Also use English [eng].,,,,,,,,,Traditional religion.
77,cde,Chenchu,Chenchu,,"Chenchucoolam, Chenchwar, Chensulu, Chenswar, Choncharu",IN,India,T,T,T,26000,26000,,,"26,000 (2007).",,,,2007,,"Karnataka and Odisha states; Telangana state: mostly Kurnool district, Nallamalla hills.",Telangana,15.7414,77.3567,6a,6a* (Vigorous),,,"Dravidian, South-Central, Telugu",,,,,Also use English [eng]. Also use Telugu [tel].,,Literacy rate in L2: 43% among Scheduled Tribes in Kurnool District; 43% among Chenchu in Odisha (2001 census).,,Grammar.,,,Telugu script [Telu].,,Hindu.
78,cty,"Chetti, Moundadan",Moundadan Chetti,,"Mamundadan Chetty, Mandadan Chetty, Moundan Chetty",IN,India,T,T,T,5400,5400,,,"5,400 (2020).",,,"5,400 (2020).",2020,,"Tamil Nadu state: Nilgiris district, Gudalur sub-district, Cherumulli, Devala, Gudalur, Mudumalai, Padanthurai, Nallakottai, and Srimadurai villages; Kerala state: Wayanad district, Sulthan Bathery, Pulpalli.",Tamil Nadu,11.526,76.489,5,5 (Developing),,,"Mixed language, Kannada-Malayalam-Tamil",,"Lexical similarity: 57% with Badaga [bfq], 47% with Kannada [kan], 46% with Malayalam [mal], 45% with Tamil [tam], 41% with Wayanadan Chetti [ctt], 32% with Tulu (Kuravar) [tcy], 31% with Kota [kfe], 18% with Telugu [tel], 14% with Toda [tcx], and 3% with Vaagri Booli [vaa].",,"Home, community, cultural ceremonies. Used by all. Positive attitudes.",Most also use Malayalam [mal]. Most also use Tamil [tam].,,,,Radio. TV. NT: 2018.,,Moundadan Chetties Association.,"Malayalam script [Mlym], limited usage. Tamil script [Taml], primary usage.",,
79,ctt,"Chetti, Wayanad",Wayanad Chetti,,"Chetti, Chetty",IN,India,T,T,T,5000,5000,,,"5,000 (2004).",,,"23,000 (2019).",2004,,"Karnataka state: Bavali; Kerala state: Wayanad district, Appapara, Chekadi, Kattikkulam, Panavalli, Pulpalli, Thirunelli, and Tholpetti villages; Tamil Nadu state: Coimbatore, Nilgiri and Periyar districts.",Kerala,11.6702,76.3704,8a,8a (Moribund),,,"Dravidian, Southern, Tamil-Kannada, Unclassified",,"Lexical similarity: 62%–76% with Gowder, 65% with Jennu Kurumba [xuj], 52% with Kannada [kan].",,Older adults only.,Shifted to Malayalam [mal]. Also use English [eng].,,,,NT: 2018.,,,Tamil script [Taml].,"‘Chetti’, trader, also loosely employed as a caste name (Thurston and Rangachari 1909). 10 groups of Chetti identified in Tamil Nadu.",Hindu.
80,hne,Chhattisgarhi,Chhattisgarhi,छत्तीसगढ़ी‎ (Chhattisgarhi),"Khaltahi, Laria",IN,India,T,T,T,16300000,16300000,,,"16,300,000 (2011 census). 16,250,000 Chhattisgarh, 89,900 Laria, and 15,600 Pando (2011 census).",,,,2011,,Chhattisgarh state: north central; Jharkhand state: Simdega; Madhya Pradesh state: Anuppur and Shahdol (Baigani dialect) districts; Maharashtra state: border areas; Odisha state: Sundargarh.,Chhattisgarh,21.2783,81.8272,5,5* (Developing),,,"Indo-European, Indo-Iranian, Indo-Aryan, Intermediate Divisions, Eastern, East Central","Sadri Korwa, Baigani (Baiga, Bega, Bhumia, Gowro), Binjhwari, Kalanga, Bhulia, Chhattisgarhi Proper, Kavardi, Khairagarhi","Sadri Korwa spoken by Korwa people in Jashpur tahsil of Raigarh District; Baigani in Balaghat, Raipur, and Bilaspur districts of Chhattisgarh, and Sambalpur District of Odisha; Binjhwari in Raipur and Raigarh districts of Chhattisgarh; Kalanga and Bhulia dialects are spoken in Patna District of Bihar; Chhattisgarhi Proper in Raipur, Durg, Bilaspur, and other districts of Chhattisgarh. Lexical similarity: 66%–69% with Kamar [keq].",,Nearly all domains. Positive attitudes.,"Also use English [eng]. Also use Hindi [hin], but with low proficiency. Also use Odia [ory].","Used as L2 by Bhunjia [bhu], Eastern Muria [emu], Far Western Muria [fmu].",,,Literature. Newspapers. Radio. TV. Grammar. NT: 2005–2012.,,,Devanagari script [Deva].,,"Traditional religion, Hindu, Muslim."
81,bgr,"Chin, Bawm",Bawm Chin,Bawm hawlh,"Bawm, Bawn, Bawng, Bom",IN,India,T,T,T,4440,4440,,,"4,440 in India (2004).",,,,2004,"15,140","Assam state; Mizoram state: Aizawl, Chhimtuipui, and Lunglei districts; Tripura state.",Mizoram,22.0255,92.434,6b,6b (Threatened),,,"Sino-Tibetan, Tibeto-Burman, Kuki-Chin, Central, Lai",,Linguistically and ethnically a subgroup of the Laizou (Anal) [anm] (Matisoff et al 1996:8).,SOV.,"Some young people, all adults.","Also use Assamese [asm], with most youth shifting.",Used as L2 by Pankhu [pkh].,,,Literature. Radio. Grammar. Bible: 1989–2018.,,,Latin script [Latn].,A Scheduled Tribe.,Christian.
82,cfm,"Chin, Falam",Falam Chin,Falam Chin,"Falam Chin, Fallam, Halam Chin, Hallam, Tipura",IN,India,F,F,T,38900,38900,,,"38,900 in India (2011 census).",,,,2011,"1,07,900","Assam state: Karimganj district, a few villages in Cachar and North Hills districts; Mizoram, Tripura, and West Bengal states.",Assam,,,5,5* (Developing),,,"Sino-Tibetan, Tibeto-Burman, Kuki-Chin, Central, Lai","Chorei, Chari Chong, Halam, Kaipeng (Kaipang, Keipang), Kalai (Koloi), Molsom (Mursum), Rupini, Tapong, Bongcher (Bawngcher, Bondcher, Bongshi)",,SOV; negation is marked after the verb.,,,,Literacy among Kaipeng in Tripura is low.,,Radio. Dictionary. Bible: 1991–2018.,,,"Bengali (Bangla) script [Beng], used in India. Latin script [Latn], primary usage.","Ethnically Halam. Many ethnic Halam speak Kok Borok [trp] as L1. Halam is a generic term under which 9 subgroups, each with a distinct dialect, are grouped together: (Sakachep [sch], Chorei, Rupini, Ranglong [rnl], Marcephang (Khochung–dialect of [cfm]), Molsom, Keipang (dialect of [cfm]), Bondcher (dialect of [cfm]), Rangkhol [hra]).","Hindu, Christian, traditional religion."
83,cnh,"Chin, Hakha",Hakha Chin,"Lai, Lai Chin","Baungshe, Haka Chin, Hakha Lai, Lai, Lai Hawlh, Lai Pawi, “Haka” (pej.)",IN,India,F,T,T,28600,28600,,,"28,600 in India (2011 census).",,,,2011,"283,990 (as L1: 243,990; as L2: 40,000)","Assam and Meghalaya states; Mizoram state: Aizawi district, Champhai subdistrict, southernmost tip; Chhimtuipui district, 41 villages.",Mizoram,,,5,5* (Dispersed),,,"Sino-Tibetan, Tibeto-Burman, Kuki-Chin, Central, Lai","Klangklang (Thlantlang), Zokhua",,SOV; negation is marked after the verb.,,Also use English [eng].,"Used as L2 by Matu Chin [hlt], Zyphe Chin [zyp].",Literacy rate in L2: 54% (1981 census). Most young people can read in Hakha.,,Dictionary. Bible: 1978–2016.,,,Latin script [Latn].,,Christian.
84,cnk,"Chin, Khumi",Khumi Chin,"Khumi, Khumi Chin","Kami, Khami, Khumi, Khumi Chin, Khuni, Kumi, “Khweymi” (pej.)",IN,India,F,T,T,,,,,,,,,,"64,000",Mizoram state.,Mizoram,,,5,5* (Developing),,,"Sino-Tibetan, Tibeto-Burman, Kuki-Chin, Peripheral, Southern","Khami, Khimi",,"SOV; genitives, articles, adjectives, numerals after noun heads; negation is marked after the verb.",,Also use English [eng].,,,,Radio. Bible: 2015.,,,Latin script [Latn].,Called Khami Chin in India.,"Traditional religion, Christian."
85,hlt,"Chin, Matu",Matu Chin,"Matu, Matu Chin","Matu, Matu Chin, Matupi, Nga La",IN,India,F,T,T,10000,10000,,,"10,000 in India (2012).",,,,2012,"40,000",Mizoram state.,Mizoram,,,5,5* (Developing),,,"Sino-Tibetan, Tibeto-Burman, Kuki-Chin, Peripheral, Southern, Cho-Asho, Cho","Haltu, Thui Phum",,SOV; negation is marked after the verb.,,Most also use Hakha Chin [cnh]. Also use English [eng].,,Literacy rate in L2: 70%.,,Dictionary. Bible: 2006.,,,Latin script [Latn].,,Christian.
86,pck,"Chin, Paite",Paite Chin,Paite Chin,"Haithe, Paite, Paithe, Parte, Vuite, Zome, Zomi, Zoukam",IN,India,T,T,T,79500,79500,,,"79,500 (2011 census).",,,,2011,,"Assam state; Manipur state: Churachandpur district, Khuga valley, Copur Bazar; Mizoram state: Aizawl district, Champhai sub-district, 20 villages; Tripura state.",Manipur,24.2963,93.1781,4,4 (Educational),,,"Sino-Tibetan, Tibeto-Burman, Kuki-Chin, Peripheral, Northern, Thado","Bukpi (Bukpui), Dapzal (Dapzar), Dim, Dimpi, Lamzang, Lousau, Saizang, Sihzang, Telzang (Teizang), Tuichiap",,SOV.,,Many also use English [eng]. Also use Mizo [lus].,,Literacy rate in L1: 75% (2005 BI). Literacy rate in L2: 79% (2001 census).,Taught as subject at Manipur University.,Dictionary. Grammar. Bible: 1971–2005.,,,Latin script [Latn].,"Paites in Mizoram speak Mizo (Go 1996). Most speak Teizang and Dapzal dialects (Singh 1995b). Zomi is a collective ethnic autonym generally used by Tedim Chin [ctd] of Myanmar, Paite, and Vaiphei [vap] of Manipur.",Christian.
87,ctd,"Chin, Tedim",Tedim Chin,", Tedim","Tedim, Tiddim",IN,India,F,T,T,155000,155000,,,"155,000 in India (1990).",,,,1990,"4,11,000","Assam, Manipur (south), and Mizoram (north) states.",Mizoram,,,5,5* (Developing),,,"Sino-Tibetan, Tibeto-Burman, Kuki-Chin, Peripheral, Northern, Thado","Sokte, Kamhau (Kamhao, Kamhow)",,SOV; negation is marked after the verb.,,Also use English [eng].,,,,Literature. Dictionary. Texts. Bible: 1977–2023.,,,"Latin script [Latn]. Pau Cin Hau alphabet [Pauc], for liturgical purposes only.",,"Christian, traditional religion."
88,tcz,"Chin, Thado",Thado Chin,"Thadou Kuki, Thadou pao","Kuki, Kuki-Thado, Thaadou, Thaadou Kuki, Thaadow, Thado, Thado-Pao, Thado-Ubiphei, Thadou, Thadow",IN,India,T,T,T,313000,313000,,,"313,000 in India (2011 census).",,,,2011,"3,46,100","Assam state; Manipur state: Chandel, Churachandpur, Senapati, and Tamenglong districts; Mizoram state: northeast; Nagaland state: Kohima district; Tripura state.",Manipur,24.3724,93.8196,5,5* (Developing),,,"Sino-Tibetan, Tibeto-Burman, Kuki-Chin, Peripheral, Northern, Thado","Changsen, Jangshen, Kaokeep, Khongzai, Kipgen, Langiung, Saihriem (“Sairang” (pej.)), Thangngen, Hawkip, Shithlou, Singson (Shingsol)","Several varieties, but high mutual intelligibility among dialects. Related to Kamhau (Tedim Chin [ctd] dialect), Ralte [ral], Paite Chin [pck], Zou [zom].",SOV.,,Also use Meitei [mni]. Also use Nepali [npi].,Used as L2 by Sakachep [sch].,Literacy rate in L2: 57% in Manipur (2001 census). Literacy lower among older people and in villages.,,Literature. Periodicals. Radio. Dictionary. Grammar. Bible: 1971–1994.,,,Latin script [Latn].,Some listed dialects are separate languages.,Christian.
89,zyp,"Chin, Zyphe",Zyphe Chin,Zyphe,"Vawngtu, Zophei, Zoptei, Zyphe",IN,India,F,T,T,3000,3000,,,"3,000 in India (2000).",,,,2000,"20,000","Mizoram state: Saiha district, Iana and Siata villages.",Mizoram,,,5,5* (Developing),,,"Sino-Tibetan, Tibeto-Burman, Kuki-Chin, Maraic","Lower Zyphe, Upper Zyphe",,,,Also use English [eng]. Also use Hakha Chin [cnh]. Also use Mara [mrh].,,,,NT: 2010.,,,"Latin script [Latn], developed in 1997.",,
90,cih,Chinali,Chinali,,"Chana, Channali, Chinal, Dagi, Harijan, Shipi",IN,India,T,T,T,220,220,,,220 (2016 SPPEL).,,,,2016,,"Himachal Pradesh state: Lahul and Pattan valleys, and Gushal village.",Himachal Pradesh,32.4518,78.0479,6b,6b* (Threatened),,,"Indo-European, Indo-Iranian, Indo-Aryan, Unclassified",,Closely related to Sanskrit [san].,,,Also use English [eng].,,,,,,,Devanagari script [Deva].,Spoken by the Chinal caste. Many are well educated.,Hindu.
91,cmn,"Chinese, Mandarin",Mandarin Chinese,普通话‎ (Putonghua),,IN,India,F,F,F,9900,9900,,,"9,900 in India (2024 Joshua Project), based on ethnicity.",,,,2024,"1,143,850,380 (as L1: 943,425,380; as L2: 200,425,000)",Kolkata and Mumbai: scattered Chinese variety speakers in these and other urban areas.,,,,xUn,Unestablished,,,"Sino-Tibetan, Chinese",,,"SVO; prepositions; noun head final; 6 full (concrete meaning) word classes; no articles; passives; 24 consonants, 8 vowels, 6 diphthongs; tonal (4 phonemic tones).",,,,,,Fully developed. Bible: 1874–1983.,,,"Bopomofo script [Bopo], used since 1913, revised in 1920 and 1932, mainly used in Taiwan. Braille script [Brai]. Han script, Simplified variant [Hans], used since 1956, official in Mainland China (1956) and Singapore (1969), also used elsewhere. Han script, Traditional variant [Hant], used since mid-19th century, official in Taiwan, also used elsewhere. Latin script [Latn].",,
92,cdf,Chiru,Chiru,चीरू‎ (Cīrū),"Rem, Riem",IN,India,T,T,T,8600,8600,,,"8,600 (2011 census).",,,,2011,,"Assam state: Cachar district, a village near Jirbom; Manipur state: Bishnupur district; Churachandpur district, Charoi Khullen village; Tamenglong district, Bungte, Dolang, Dolang Khunou, Kangchup, Lamdangmei, Nungshai, Sadu, Senapati, Thangzing, and Uram villages; Thoubal district, Vaithou; Nagaland state. Scattered.",Manipur,24.6995,93.6581,5,5 (Developing),,,"Sino-Tibetan, Tibeto-Burman, Kuki-Chin, Northwestern",,Reportedly most similar to Chin Mizo [lus].,,Educated youth more interested in developing L1 and preserving culture than elders. Community. Used by all. Mixed attitudes.,Also use English [eng]. Also use Meitei [mni].,,Literacy rate in L2: 56% in English [eng] and Meitei [mni] (2000 A. Khorong).,,Grammar. NT: 2010.,,,Bengali (Bangla) script [Beng]. Latin script [Latn].,,Christian.
93,cdi,Chodri,Chodri,,"Bhil, Chaudhari, Chaudri, Chodhari, Choudhara, Choudhary, Chowdhary",IN,India,T,T,T,111000,111000,,,"111,000 (2011 census). More speakers in Tapi district.",,,,2011,,Gujarat state: Surat and Tapi districts.,Gujarat,20.9535,73.5116,5,5* (Developing),,,"Indo-European, Indo-Iranian, Indo-Aryan, Intermediate Divisions, Western, Bhil",,,,,Also use English [eng]. Also use Gujarati [guj].,,Literacy rate in L2: 63% in Gujarat [guj] (2001 census).,,Radio. NT: 2006.,,,Gujarati script [Gujr].,,Hindu.
94,cvg,Chug,Chug,Duhumbi,"Chug Monpa, Chugpa",IN,India,T,T,T,600,600,,,600 (Bodt 2020).,,,,2020,,"Arunachal Pradesh state: West Kameng district; Chug valley, Jagarbasti, Tsangpa, and Duhum villages and associated hamlets.",Arunachal Pradesh,27.253,92.1223,6b,6b* (Threatened),,,"Sino-Tibetan, Tibeto-Burman, Central Tibeto-Burman, Kho-Bwa",,Reportedly most similar to Lish [lsh]. Lexical similarity: 59%–74% with Lish [lsh].,,Currently relatively vigorous but low speaker population and rapid socio-economic developments in the region pose severe threats to the long-term survival of the language (Bodt 2020: 50–51).,"Some also use Brokpake [sgt] (Bodt 2020). A few also use English [eng], mostly younger people (Bodt 2020). Also use Central Tibetan [bod], used by religiously educated people (Bodt 2020). Also use Hindi [hin], mostly younger generation with other speakers (Bodt 2020). Also use Tawang Monpa [twm] (Bodt 2020). Also use Tshangla [tsj], mostly adults over 40 years of age (Bodt 2020).",,"Literacy rate in L2: 22% for Hindi [hin] for the villages in the Chug valley (Bodt 2020:41), based on 2011 census.",,Grammar.,,,Latin script [Latn]. Tibetan script [Tibt].,There is some confusion about ethno-linguistic classification of Monpa (Bodt 2014).,Buddhist.
95,cdj,Churahi,Churahi,चुराही‎ (Kuraahi),"Chaurahi, Churahi Pahari, Churai Pahari, Himachali, Pahari",IN,India,T,T,T,75600,75600,,,"75,600 (2011 census).",,,,2011,,"Himachal Pradesh state: Chamba district, Chaurah and Saluni sub-district, Bhalai; Jammu and Kashmir state: Doda and Kathua districts.",Himachal Pradesh,32.8452,76.1502,5,5 (Developing),,,"Indo-European, Indo-Iranian, Indo-Aryan, Intermediate Divisions, Western, Pahari, Western Pahari",,"90% intelligibility of Mandeali [mjl], 83% of Kangri [xnr], 85% of Chambeali [cdh]. Lexical similarity: 78% with Chambeali [cdh] (most similar), 70% with Palampuri Kangri [xnr] and Bhattiyali [bht], 67%–69% with Gaddi [gbk], 65% with Mandeali [mjl] and Bilaspuri [kfs], 64% with Pangi.","SOV; postpositions; genitives after noun heads; adjectives, numerals before noun heads; question word initial; verb suffixes mark person, number, gender of subject.",Used by all.,Also use Eastern Punjabi [pan]. Also use English [eng]. Also use Hindi [hin]. Also use Urdu [urd].,,,,NT: 2017–2020.,,,Devanagari script [Deva].,,Hindu.
96,dhn,Dangi,Dangi,ડાંગી‎ (Dangi),"Dangri, Dangs Bhil, Dhanka, Dhanki, Kakachhu-Ki Boli, Tadavi, Tadvi Bhil",IN,India,T,T,T,203000,203000,,,"203,000 (2011 census). 151,000 Dhanki and 52,000 Tadavi (2011 census).",,,,2011,,Gujarat state: Dangs district; Maharashtra state: Jalgaon district; Karnataka and Rajasthan states.,Gujarat,20.7929,73.7581,5,5* (Developing),,,"Indo-European, Indo-Iranian, Indo-Aryan, Intermediate Divisions, Western, Khandesi",,Similar to Khandesi [khn]. Kukna [kex] speakers consider Dhanki to be a variety of their own language (2020 A. K. Lima).,,,Also use Gujarati [guj].,,Literacy rate in L2: 53% in Gujarat (2001 census).,,Grammar. NT: 2017.,,,Gujarati script [Gujr].,Dhanka of Rajasthan reportedly speak Hindi [hin] as L1; Dhanka of Maharashtra use Gujarati [guj] as L1; Tadvi Bhil reportedly use Bhili [bhb] as L1.,Traditional religion.
97,dln,Darlong,Darlong,Darlong,"Dalong, Darlong hnam",IN,India,T,T,T,6000,6000,,,"6,000 (1998 T. Darlong).",,,,1998,,"Assam state: Cachar district; Tripura state: North Tripura district, Kailashahar and Kamalpur sub-districts.",Tripura,23.9501,91.3567,5,5* (Developing),,,"Sino-Tibetan, Tibeto-Burman, Unclassified",,,,,Also use English [eng].,,Literacy rate in L2: 45%.,,Bible: 2014.,,,"Latin script [Latn], used in India.",,Christian.
98,drd,Darmiya,Darmiya,,"Darimiya, Darma, Darma Lwo, Darma-Lwo, Darmani, Saukas, Shaukas",IN,India,T,T,T,1750,1750,,,"1,750 (2006 C. Willis).",,,"4,000.00",2006,,"Uttarakhand state: Pithoragarh district, Darchula and Munsyari sub-district, Baling, Baun, Bongling, Dar, Datu, Dhakar, Dugtu, Gwo, Marchha, Nanglin, Philam, Saung, Selachal, Sipoo, and Sobla villages; in Dhauli valley, from Tawaghat near Dharchula south to Sipoo north along Dhauli river.",Uttarakhand,30.3395,80.3372,6b,6b (Threatened),,,"Sino-Tibetan, Tibeto-Burman, Western Tibeto-Burman, Bodish, West Himalayish, Almora",,"Related to Rangkas [rgk], Chaudangsi [cdn] and Byangsi [bee].",,"Learn Kumaoni [kfy] and Hindi [hin] simultaneously with their mother tongue. Code switching and code mixing very common. Uncertain whether stable bilingualism will continue or whether Kumaoni or Hindi will replace Darmiya. Home, community. Some young people, all adults.","Also use Central Tibetan [bod]. Also use English [eng]. Also use Hindi [hin], with high rates of bilingualism and as the medium of education at all levels. Also use Kumaoni [kfy]. Also use Nepali [npi].",,,,Grammar.,,,Unwritten [Qaax].,"Ranglo or Rang often used for Byangs, Chaudangs, Darmiya, and Rongpo.","Hindu, traditional religion."
99,dcc,Deccan,Deccan,,"Dakhini, Dakhni, Dakini, Dakkani, Dakkhani, Deccani, Desi",IN,India,T,T,T,12800000,12800000,,,"12,800,000 (2000).",,,,2000,,Gujarat state; Madhya Pradesh state: Raisen and Sehore districts; Karnataka state: Belgaum and Vijayapura districts.,Karnataka,18.6311,75.4928,6a,6a* (Vigorous),,,"Indo-European, Indo-Iranian, Indo-Aryan, Outer Languages, Southern, Unclassified","Kalvadi (Dharwar), Bijapuri",,,,Also use English [eng].,,,,NT: 1867.,,,"Arabic script, Naskh variant [Arab]. Arabic script, Nastaliq variant [Aran], primary usage. Devanagari script [Deva].",May be the same as Dakhini dialect of Urdu [urd].,Muslim.
100,der,Deori,Deori,"Deori, দেউৰী‎ (Deurai)","Chutiya, Dari, Deori-Chutiya, Deuri, Dewri, Drori, Jimochaya, Jimosaya",IN,India,T,T,T,32400,32400,,,"32,400 (2011 census).",,,########,2011,,"Assam state: Demaji, Lakhimpur, Jorhat, and Tinsukia districts; Arunachal Pradesh state: Lohit district.",Arunachal Pradesh,27.6491,95.9842,5,5* (Developing),,,"Sino-Tibetan, Tibeto-Burman, Sal, Boro-Garo",,"May constitute its own subgroup under Bodo-Garo. Reportedly not similar to other languages. Dialect of Lakhimpur District is regarded as purest. Lexical similarity: 77%–93% with Deori varieties, 11%–16% with Bodo [brx].",,"Vigorous among the Dibongya, the only subgroup that has retained the language. Home, village, religion, work. Positive attitudes.","Many also use Assamese [asm], but women, older adults and uneducated have less proficiency. Also use English [eng].",,Literacy rate in L2: 71%.,,Literature. Radio. Grammar.,,,Bengali (Bangla) script [Beng]. Latin script [Latn].,"‘Deori’, the temple guard. Deori Chutiya is 1 of 4 Chutiya subgroups. Do not call themselves Chutiya.","Traditional religion, Buddhist, Hindu."
101,dso,Desiya,Desiya,ଦେଶିଆ‎ (Desia),"Deshia, Desia, Desiya Oriya, Koraput Oriya",IN,India,T,T,T,227000,227000,,,"227,000 (2011 census).",,,,2011,,"Chhattisgarh state: Bastar district; Odisha state: Koraput district, Lamtaput sub-district; Nabarangapur district.",Odisha,19.3329,82.514,3,3 (Wider communication),,"Native to India; became dominant around the second half of the 19th century under British rule. Used in literature, poetry, music, song, trade, and interethnic communication.","Indo-European, Indo-Iranian, Indo-Aryan, Outer Languages, Eastern, Oriya",,Intelligible with Adivasi Oriya [ort] but uses different scripts. Lexical similarity: 80%–85% with Adivasi Oriya [ort] dialects in Andhra Pradesh.,,,,"Used as L2 by Bodo Gadaba [gbj], Gata’ [gaq], Mirgan [zrg], Pottangi Ollar Gadaba [gdb].",Literacy rate in L2: 6%.,,Literature. Newspapers. NT: 2010–2020.,,,Oriya (Odia) script [Orya].,,"Traditional religion, Christian."
102,mki,Dhatki,Dhatki,ڍاٽڪِي‎ (Dhatki),Thar,IN,India,F,F,T,16400,16400,,,"16,400 in India (2000).",,,,2000,"18,16,400",Rajasthan state: west.,Rajasthan,,,6a,6a* (Vigorous),,,"Indo-European, Indo-Iranian, Indo-Aryan, Intermediate Divisions, Western, Rajasthani, Marwari",,,,,,,,,Radio. Dictionary. Texts. NT: 2023.,,,"Arabic script, Naskh variant [Arab].",A Scheduled Tribe.,"Muslim, Hindu."
103,dhi,Dhimal,Dhimal,धिमाल‎ (Dhimal),,IN,India,F,F,T,450,450,,,450 in India (2000 K. Cooper).,,,,2000,"22,050 (as L1: 21,050; as L2: 1,000)","Jharkhand state: Bokaro district; West Bengal state: Puruliya district, 16 villages.",West Bengal,,,5,5* (Developing),,,"Sino-Tibetan, Tibeto-Burman, Sal, Dhimalish",Eastern Dhimal,,"SOV; postpositions; noun head final; no noun classes or genders; content q-word in situ; genitives, demonstratives, relatives before noun heads; 1 prefix, up to 3 suffixes; clause constituents indicated by case-marking; verbal affixation marks person; non-ergative; tense and aspect; passives and voice; nontonal; 31 consonant and 16 vowel phonemes (includes 5 basic vowels, 5 long vowels and 5 nasalized vowels); honorificity is marked for first person when speaking with in-laws.",,,,,,Literature. Periodicals. Radio. Dictionary. Grammar. Texts. NT: 2017.,,,"Devanagari script [Deva], used since 1999.",,
104,dho,Dhodia,Dhodia,,"Dhobi, Dhore, Dhori, Dhowari, Doria",IN,India,T,T,T,49100,49100,,,"49,100 (2011 census).",,,,2011,,"Gujarat state: Surat and Valsad districts, Dadra, Daman and Diu union territory, and Nagar Haveli; Karnataka, Madhya Pradesh, Maharashtra, and Rajasthan states.",Gujarat,20.7485,73.2207,6a,6a* (Vigorous),,,"Indo-European, Indo-Iranian, Indo-Aryan, Intermediate Divisions, Western, Bhil",,,,,Also use English [eng]. Also use Gujarati [guj].,,Literacy rate in L2: 76% in Gujarat (2001 census).,,Radio.,,,Devanagari script [Deva].,,Traditional religion.
105,dhd,Dhundari,Dhundari,धुन्धारी‎ (Dhundhari),"Dhundari-Marwari, Dhundhari, Jaipuri, Jhar-sahi boli, Kai kui ki boli, Marwari",IN,India,T,T,T,1480000,1480000,,,"1,480,000 (2011 census).",,,,2011,,"Rajasthan state: Dausa, Jaipur, and Tonk districts; possibly in Ajmer, Bundi, Jhalawar, northern Karauli, Kishangarh, Kota, and Sawai Madhopur districts.",Rajasthan,26.6714,75.8411,5,5* (Developing),,,"Indo-European, Indo-Iranian, Indo-Aryan, Intermediate Divisions, Western, Rajasthani, Marwari",,"54% intelligibility of Marwari [rwr]; 86% of Shekhawati [swv]. Lexical similarity: 75%–89% with dialects; 62%–70% with Merwari [wry], 65%–81% with Shekhawati [swv], 46%–66% with Godwari [gdx], 56%–64% with Mewari [mtr], 64%–73% with Haroti [hoj], 62%–67% with Mewati [wtm], 59% with Hindi [hin].",SOV.,"Vigorous. Home, village, market, religion. Positive attitudes.","Also use English [eng]. Also use Hindi [hin], but the educated are more fluent.",,,,NT: 2017.,,,Devanagari script [Deva].,,"Hindu, Muslim."
106,mhu,Digaro-Mishmi,Digaro-Mishmi,,"Digaro, Digaro Mishmi, Digaru, Mishmi, Taaon, Taraon, Tawra, Taying",IN,India,T,T,T,44100,44100,,,"44,100 in India (2011 census).",,,,2011,"44,950","Arunachal Pradesh state: Lohit district, Changlagam, Goiliang, and Hayuliang circles, Dibang Valley district; Assam state.",Arunachal Pradesh,28.1937,96.5087,6a,6a* (Vigorous),,,"Sino-Tibetan, Tibeto-Burman, Central Tibeto-Burman, Digarish",,"May not be in the Tani group, but is related. Lexical similarity: 25% with Idu-Mishmi [clk], 10% with Miju-Mishmi [mxj].",SOV; 4 tones which are reported to vary considerably among speakers.,,Also use Assamese [asm]. Also use English [eng].,Used as L2 by Miju-Mishmi [mxj].,Literacy rate in L2: 40% for Mishmi (2001 census).,,Dictionary. Grammar.,,,Latin script [Latn].,,"Buddhist, Christian, traditional religion."
107,dis,Dimasa,Dimasa,Grao Dima,"Dimasa Kachari, Grau Dima, Hills Kachari, Magrau",IN,India,T,T,T,137000,137000,,,"137,000 (2011 census).",,,,2011,,Assam state: north Cachar district and Cachar hills; Karbi Anglong and Nagaon districts; Nagaland state: Haflong district; Meghalaya and Mizoram states.,Assam,25.4501,93.0055,5,5* (Developing),,,"Sino-Tibetan, Tibeto-Burman, Sal, Boro-Garo, Dimasa-Kokborok","Hasao, Hawar, Dembra, Dijuwa, Humri, Semsa, Walgong",Related to Kachari [xac].,SOV; agglutinative; tonal; honorific.,Largely assimilated into Bengali [ben] and Assamese [asm] communities (Van Driem 2007).,"Some also use Assamese [asm], especially in Karbi Anglong and Nagaon districts (Longmailai 2012). Some also use Bengali [ben], especially in Cachar plains (Longmailai 2012). Some also use Nagamese [nag], especially in Nagaland with speakers of other languages (Longmailai 2012). Also use English [eng].",Used as L2 by Sakachep [sch].,Literacy rate in L2: 60% in Assam (2001 census).,,Literature. Dictionary. NT: 2005.,,,Bengali (Bangla) script [Beng]. Latin script [Latn].,"Some ethnic Dimasa speak other languages as L1: Mikir Karbi [mjw], Bengali [ben], and Assamese [asm].","Hindu, Christian, traditional religion."
108,dgo,Dogri,Dogri,डोगरी‎ (Dogri),"Dhogaryali, Dogari, Dogri Jammu, Dogri Pahari, Dogri-Kangri, Dongari, Hindi Dogri, Tokkaru",IN,India,T,T,T,2726000,2600000,126000,"2,726,000, all users.","2,600,000 (2011 census).","126,000 (2011 census).",,,2011,,"Jammu and Kashmir state: Kathua, Poonch, Reasi, and Udhampur districts; Himachal Pradesh state: Chamba and Kangra districts; Punjab state: Gurdaspur district.",Jammu and Kashmir,32.5937,75.6909,4,4 (Educational),"Statutory language of provincial identity in Jammu and Kashmir (1950, Constitution, Schedule VIII), amended 2003.",,"Indo-European, Indo-Iranian, Indo-Aryan, Intermediate Divisions, Western, Pahari, Western Pahari",,"Dogri speakers understand each other well. Some reported difficulty understanding Kangri [xnr]. Department of Dogri at Jammu University designated Samba as the standard dialect and published textbooks based on this variety. Lexical similarity: 78% between dialects; excluding the most divergent site, others more than 86%.",SOV.,Taught in government schools and as a subject in university. All domains. Used by all. Positive attitudes.,"Also use Eastern Punjabi [pan], in shops. Also use English [eng]. Also use Hindi [hin], in school and shops; many have only rudimentary knowledge of it. Also use Urdu [urd], especially middle-aged and older speakers.","Used as L2 by Gujari [gju], Khah [hkh].",Literacy rate in L2: 18%–19%. Young people are becoming literate in Dogri.,Taught in primary and secondary schools through grade 5 and as subject thereafter in Jammu and Kashmir state.,Literature. Radio. Videos. Dictionary. NT: 1826–2017.,,,"Arabic script, Nastaliq variant [Aran], no longer in use. Devanagari script [Deva]. Dogra script [Dogr], no longer in use. Takri (Tankri, Takari) script [Takr], no longer in use.","Dogri formerly considered a Punjabi dialect, but now promoted as a written language in India. Dhogri is a Scheduled Caste in Himachal Pradesh and Punjab who speak Chambeali [cdh] in Himachal and Dogri in Punjab (Singh 1995b).","Hindu, Muslim."
109,dty,Dotyali,Dotyali,डोट् याली‎ (Dotyali),,IN,India,F,F,T,,,,,,,,,,"4,95,000","Maharashtra, Uttar Pradesh, and Uttarakhand states.",Uttarakhand,,,6a,6a* (Vigorous),,,"Indo-European, Indo-Iranian, Indo-Aryan, Intermediate Divisions, Eastern, Eastern Pahari",,,,,,,,,Literature. Periodicals. Radio. TV. Dictionary. Grammar. NT: 2017.,,,Devanagari script [Deva].,,
110,dub,Dubli,Dubli,,"Dubala, Dubla, Rathod, Talavia",IN,India,T,T,T,252000,252000,,,"252,000 (2007).",,,"791,000 (2007). Over half the ethnic group uses Gujarati [guj] (2007).",2007,,"Gujarat state: Bharuch (Broach), Surat, Vadodara, and Valsad districts; Maharashtra state: Thane district, Dahanu and Talasari cities’ areas, Dadra and Nagar Haveli, Daman and Diu enclaves; Karnataka and Rajasthan states.",Gujarat,21.2658,73.2767,6b,6b* (Threatened),,,"Indo-European, Indo-Iranian, Indo-Aryan, Intermediate Divisions, Western, Bhil",,Dubli of Bharuch district is intelligible with Dungri dialect of Vasavi [vas].,,,Also use English [eng].,,Literacy rate in L2: 48% in Gujarat (2001 census).,,NT: 2024.,,,Gujarati script [Gujr].,,Hindu.
111,duh,Dungra Bhil,Dungra Bhil,,"Bhilori, Dongre Bhil, Dungra Bhili, Dungri Bhil",IN,India,T,T,T,100000,100000,,,"100,000 (2000 IICCC).",,,,2000,,"Gujarat state: Vadodara district, Chotaudeyapur and Naswadi sub-districts; Madhya Pradesh state: Jhabua district, Alirajpur sub-district; Maharashtra state: Dedgam sub-district; slopes of Vindhya Satpura mountains. 200 villages.",Gujarat,22.1357,73.5682,5,5* (Developing),,,"Indo-European, Indo-Iranian, Indo-Aryan, Intermediate Divisions, Western, Bhil",,"84%–89% intelligibility with Bhilori [noi] of Maharashtra. Lexical similarity: 75%–85% between subgroups, 71%–87% with Bhilori and Noiri Bhili, less than 53% with Garasia [gas].",,,Also use English [eng].,,Literacy rate in L2: 3%–5%.,,NT: 2009.,,,Devanagari script [Deva]. Gujarati script [Gujr].,"A Bhil subgroup. Dungra Bhil sometimes used as alternate name for Adivasi Garasia [gas] and Rajput Garasia [gra] but probably refers to more than 1 group living in the hills. ‘Dungra’, hill.",Hindu.
112,pci,Duruwa,Duruwa,दुरवा‎ (Durvaa),"Dhruva, Dhurwa, Durva, Paraja, Parajhi, Parjhi, Parji, Tagara, Thakara, Tugara",IN,India,T,T,T,12000,12000,,,"12,000 (2020 M. Ramnath).",,,"52,300 (2011 census).",2020,,"Chhattisgarh state: Bastar district, southeast Jagdalpur sub-district; Odisha state: Koraput district.",Chhattisgarh,19.1371,82.2277,6b,6b (Threatened),,,"Dravidian, Central, Parji-Gadaba","Nethanar (Tiriya), Dharba, Kukanar",Nethanar dialect is central. Lexical similarity: 90%–96% with dialects.,,"Madiya [mrr] speak Duruwa to communicate with the Dhurwa people. Some young people, all adults.","Also use Bhatri [bgw], especially the younger generation. Also use English [eng]. Also use Halbi [hlb], especially the younger generation. Also use Hindi [hin], especially the younger generation. Also use Odia [ory], especially the younger generation.",,Literacy rate in L2: 15%–25%.,,Grammar. NT: 2019.,,,Devanagari script [Deva]. Oriya (Odia) script [Orya].,,Traditional religion.
113,dzo,Dzongkha,Dzongkha,རྫོང་ཁ་‎ (Dzongkha),"Drokpa, Drukpa, Dukpa, Hloka, Lhoskad",IN,India,F,T,T,11000,11000,,,"11,000 in India (2007).",,,,2007,"3,15,080","West Bengal state: Darjeeling and Kalimpong, just inside the Indo-Bhutan border; Arunachal Pradesh, Assam, Manipur, Meghalaya, Nagaland, and Sikkim states.",West Bengal,,,5,5* (Dispersed),,,"Sino-Tibetan, Tibeto-Burman, Western Tibeto-Burman, Bodish, Central Bodish, Central, Southern",,,,,Also use English [eng].,,,,Literature. Radio. Dictionary. Grammar. Bible: 2010.,,,"Braille script [Brai]. Tibetan script [Tibt], official usage.",,Buddhist.
114,eng,English,English,English,,IN,India,F,F,T,2.68E+08,260000,2.68E+08,"268,260,000 in India, all users.","260,000 in India (2011 census).","268,000,000 (2020).",,,2011,"1,527,447,310 (as L1: 390,268,470; as L2: 1137,178,840)",,,,,1,1 (National),"Statutory national working language (1950, Constitution, Articles 343 and 348(1)).",,"Indo-European, Germanic, West, English",,,"SVO; prepositions; genitives after noun heads; articles, adjectives, numerals before noun heads; question word initial; word order distinguishes subject, object, indirect objects, given and new information, topic and comment; active and passive; causative; comparative; consonant and vowel clusters; 24 consonants, 13 vowels, 8 diphthongs; non-tonal; free stress; phrasal verbs.",,,,,"Taught in some primary and secondary schools, more in southern India than in northern India; taught as subject in all other schools. Taught in most tertiary schools.",Fully developed. Bible: 1382–2002.,,,"Braille script [Brai]. Deseret Alphabet [Dsrt], limited usage only in the United States between 1854–1877. Duployan shorthand [Dupl]. Latin script [Latn], primary usage. Shavian (Shaw) script [Shaw], no longer in use.",Neither British nor American English but a distinct Indian dialect with its own unique vocabulary and style.,
115,era,Eravallan,Eravallan,,"Ambuvilluvedar, Villu Vedan, Vilvedan",IN,India,T,T,T,5000,5000,,,"5,000 (2001).",,,"5,440 (2001 census). 3,890 in Kerala and 1,560 in Tamil Nadu.",2001,,"Kerala state: Palakkad district, Chittoor sub-district; Tamil Nadu state: Coimbatore district.",Kerala,10.8364,76.8513,6b,6b (Threatened),,,"Dravidian, Southern, Tamil-Kannada, Tamil-Kodagu, Tamil-Malayalam, Tamil",,"Lexical similarity: 91% between Eravallan of Coimbatore and of Palakkad, 70%–74% with Tamil [tam], 59%–77% with Irula [iru], 77%–86% with Malasar [ymr].",,"Shifting to Tamil [tam]. Most children learn Tamil first. Some young people, all adults.",Also use English [eng]. Also use Tamil [tam].,,Literacy rate in L2: 42% in Tamil [tam]. Resistant toward literacy in Eravallan.,,,,,Unwritten [Qaax].,,"Hindu, traditional religion."
116,fra,French,French,français,français,IN,India,F,F,T,,,,,,,,,,"311,984,430 (as L1: 74,155,400; as L2: 237,829,030)",Puducherry Union Territory.,Puducherry,,,2,2 (Provincial),"Statutory language of provincial identity in Puducherry Union Territory (1950, Constitution, Articles 345–347 inclusive), unscheduled language.",,"Indo-European, Italic, Romance, Italo-Western, Western, Gallo-Iberian, Gallo-Romance, Gallo-Rhaetian, Oïl, French",,,"SVO; prepositions; noun head final for common adjectives, numbers, possessives, but most attributive adjectives come after the noun; gender (masculine/feminine); definite and indefinite articles; verb affixes mark person, number; passives; tense; comparatives; 20 consonant and 14 vowel phonemes; non-tonal; syllable-timed stress.",,,,,Taught in primary and secondary schools through grade 5 and as subject thereafter in Puducherry Union Territory.,Fully developed. Bible: 1530–2000.,,,"Braille script [Brai]. Duployan shorthand [Dupl]. Latin script [Latn], primary usage.",,
117,gbj,"Gadaba, Bodo",Bodo Gadaba,,"Boi Gadaba, Gadba, Gadwa, Godwa, Gudwa, Gutab, Gutob, Gutob-Gadaba, Gutop",IN,India,T,T,T,8000,8000,,,"8,000 (2000 IICCC). All Gadaba: 41,000 (2011 census).",,,,2000,,"Andhra Pradesh state: Visakhapatnam district; Odisha state: Koraput district, Lamtaput sub-district, 40 villages; Malkangiri district, Khoirput sub-district.",Odisha,18.5726,82.5299,6b,6b (Threatened),,,"Austro-Asiatic, Munda, South Munda, Koraput Munda, Gutob-Remo-Geta’, Gutob-Remo","Birong Raji, Kinda Raji, Lamtaput, Koraput","Dialects mutually intelligible. Speakers in Lamtaput block have 89%–94% intelligibility in Tikrapada and Audipoda villages. Intelligibility of the Hanumal village variety is less. Lexical similarity: 69%–89% among 7 varieties in Odisha, 90% between listed dialects.",,"Many speak and are shifting to Desiya [dso] in home and religious domains. Some young people, all adults. Mixed attitudes.","A few also use Odia [ory], in Odisha. Also use Desiya [dso]. Also use English [eng]. Also use Telugu [tel], in Andhra Pradesh.",,Literacy rate in L2: 9% (2000 H. Rajan). Literacy classes in progress.,,Literature. Dictionary. Texts. NT: 2011.,,,Oriya (Odia) script [Orya].,Some ethnic Gadaba in Madhya Pradesh speak Bhatri [bgw] as L1. Different from Dravidian Mudhili Gadaba [gau] and Pottangi Ollar Gadaba [gdb].,"Hindu, Christian, traditional religion."
118,gau,"Gadaba, Mudhili",Mudhili Gadaba,,"Gadaba, Gol Gadaba, Kondekar, Kondko, Konekor Gadaba",IN,India,T,T,T,8000,8000,,,"8,000 (2000 IICCC). All Gadaba: 41,000 (2011 census).",,,,2000,,"Andhra Pradesh state: Vizianagaram district, Salur and Pachipenta sub-districts; Srikakulam and Vishakhapatnam districts.",Andhra Pradesh,18.5429,83.2059,5,5* (Developing),,,"Dravidian, Central, Parji-Gadaba",,93%–98% intelligibility among dialects. Lexical similarity: 84%–94% between dialects. Different from Dravidian Mudhili Gadaba [gau] and Pottangi Ollar Gadaba [gdb].,,All domains. Positive attitudes.,"Also use Telugu [tel], but with low proficiency.",,Literacy rate in L2: 34%–42% (2001 census).,,Grammar. NT: 2023.,,,Telugu script [Telu].,,Hindu.
119,gdb,"Gadaba, Pottangi Ollar",Pottangi Ollar Gadaba,,"Allar, Gadaba, Gadba, Hallari, Hollar Gadbas, Konekor, Konekor Gadaba, Mundli, Ollar Gadaba, Ollari, Ollaro, San Gadaba, Sano",IN,India,T,T,T,15000,15000,,,"15,000 (2002 M. Kurian). All Gadaba: 41,000 (2011 census).",,,,2002,,"Odisha state: Koraput district, Nandapur and Pottangi sub-districts.",Odisha,18.5726,82.8205,5,5* (Developing),,,"Dravidian, Central, Parji-Gadaba",,Lexical similarity: 69%–80% with 4 varieties in Odisha; 42%–47% with 1 variety in Andhra Pradesh; 52%–62% with Mudhili Gadaba [gau] in Andhra Pradesh.,,Positive attitudes.,"Also use Desiya [dso], as main L2. Also use Telugu [tel], but with low proficiency.",,Literacy rate in L2: 7%.,,NT: 2012.,,,"Oriya (Odia) script [Orya], used in Odisha. Telugu script [Telu], used in Andhra Pradesh.","Different from Gadaba [gbj] in Munda family, also spoken in Koraput.",Traditional religion.
120,gbk,Gaddi,Gaddi,गदी‎ (Gadi),"Bharmauri Bhadi, Gaddyali, Gadi, Gadiali, Pahari Bharmauri, Panchi Brahmauri Rajput",IN,India,T,T,T,181000,181000,,,"181,000 (2011 census).",,,,2011,,"Himachal Pradesh state: Chamba district, Brahmaur sub-district; Jammu and Kashmir, Madhya Pradesh, Punjab, and Uttar Pradesh states; Delhi.",Himachal Pradesh,32.4389,76.6394,5,5* (Developing),,,"Indo-European, Indo-Iranian, Indo-Aryan, Intermediate Divisions, Western, Pahari, Western Pahari","Bharmauri, Macleod Ganj","93% intelligibility of Mandeali [mjl], 97% of Kangri [xnr], 83% of Chambeali [cdh]. Lexical similarity: 74%–80% with Palamuri Kangri [xnr], 79% with Chambeali [cdh], 67%–73% with Mandeali [mjl].",SOV.,,"Also use English [eng]. Also use Hindi [hin], in shops, cities, and as language of instruction in schools.",,Literacy rate in L2: 37% for Jammu and Kashmir (2001 census).,,Radio. NT: 2017.,,,"Devanagari script [Deva]. Takri (Tankri, Takari) script [Takr], no longer in use.",Gaddi is generic for all indigenous populations of Bharmaur area of Chamba District.,Hindu.
121,bfu,Gahri,Gahri,,"Boonan, Bunan, Erankad, Ghara, Keylong Boli, Lahuli, Lahuli of Bunan, Poonan, Punan",IN,India,T,T,T,3750,3750,,,"3,750 (Widmer 2014).",,,,2014,,"Himachal Pradesh state: Barbog, Biling, Gumrang, Guskyar, Kardang, Kyelang, Paspara, Pyukar, and Styering, and Yurnad villages; Gahr Valley along Bhaga river from confluence with the Chandra and upstream.",Himachal Pradesh,32.5533,76.9865,6b,6b (Threatened),,,"Sino-Tibetan, Tibeto-Burman, Western Tibeto-Burman, Bodish, West Himalayish, Kinauri",,"Lexical similarity: 39% with Sunam [ssk], 26%–39% with varieties of Chamba Lahuli (Pattani) [lae], 37% with Tinani [lbf], 26%–34% with some varieties of Central Tibetan [bod], 34% with Jangshung [jna] and Shumcho [scu], 31% with Kinnaur Bhoti [nes], 30% with Chitkuli [cik] and Chhoyul Kinnauri [tpq], 24% with Lhasa dialect of Central Tibetan [bod], 23% with Kanauri [kfk].",Only singular and plural number; no gender indicated in verbs or pronouns.,"All domains. Some young people, all adults.",Also use English [eng].,,,,Grammar. Bible portions: 1911–1923.,,,"Takri (Tankri, Takari) script [Takr], no longer in use. Tibetan script [Tibt].","Bodh caste, but speak a different language from Bodhs of Mayar, Khoksar, and Stod valleys. They consider themselves different from Bodhs of the north, whom they call Tibetans.",Buddhist.
122,gbl,Gamit,Gamit,ગામીત‎ (Gamit),"Gamati, Gameti, Gamith, Gamta, Gamti, Gavit",IN,India,T,T,T,139000,139000,,,"139,000 (2011 census).",,,,2011,,"Gujarat state: Surat district; some in Bharuch, Dangs, and Valsad districts; Maharashtra state: Nandurbar district; some in Dhule district.",Gujarat,21.072,73.7351,5,5* (Developing),,,"Indo-European, Indo-Iranian, Indo-Aryan, Intermediate Divisions, Western, Bhil",,Reportedly similar to Mawchi [mke].,,,Also use English [eng].,,Literacy rate in L2: 53% (2001 census). Most have high school or college education.,,Radio. NT: 1982.,,,Devanagari script [Deva]. Gujarati script [Gujr].,,"Traditional religion, Christian, Hindu."
123,gnb,Gangte,Gangte,Gangte,Gante,IN,India,T,T,T,16500,16500,,,"16,500 (2011 census).",,,,2011,,"Manipur state: south Churachandpur district, 37 villages; Assam and Meghalaya states.",Manipur,24.2413,93.3881,5,5* (Developing),,,"Sino-Tibetan, Tibeto-Burman, Kuki-Chin, Peripheral, Northern, Sizang",,"Related to Thado Chin [tcz]. Differs little from Vaiphei [vap], Paite [pck], or Zou [zom].",,Under pressure from Meitei [mni] (Van Driem 2007).,Also use English [eng]. Also use Meitei [mni].,,Literacy high among young people and lower among older people.,,Newspapers. Periodicals. Grammar. Bible: 1991–2010.,,,Latin script [Latn].,,Christian.
124,gas,"Garasia, Adiwasi",Adiwasi Garasia,"ગરાસિયા‎ (Garāsiyā), ગરાસિયા આદિવાસી‎ (Ādivāsī Garāsiyā)","Adiwasi Girasia, Adiwasi Gujarati, Garasia, Girasia",IN,India,T,T,T,100000,100000,,,"100,000 (1988 V. Patel).",,,,1988,,"Gujarat state: Banaskantha district, Danta sub-district; Sabarkantha district, Poshina sub-district; Rajasthan state: Jalor district.",Gujarat,24.3645,72.1171,5,5* (Developing),,,"Indo-European, Indo-Iranian, Indo-Aryan, Intermediate Divisions, Western, Bhil",,"Understand Rajput Garasia [gra] well. Lexical similarity: 89%–96% between dialects, 75%–93% with dialects of Rajput Garasia; 79%–92% with dialects of Patelia [bhb]; 79%–93% with Wagdi [wbr]; 76%–87% with Marwari [rwr] dialects.",,,"Also use English [eng]. Also use Gujarati [guj], but with low proficiency.",,Literacy rate in L2: 15%–25%.,,NT: 2017.,,,Gujarati script [Gujr].,Speakers are Bhils. Dungra Bhil is sometimes used as an alternate name for Adiwasi Garasia and Rajput Garasia [gra] but probably refers to more than 1 group living in the hills (Dungra means hill).,"Traditional religion, Hindu."
125,gra,"Garasia, Rajput",Rajput Garasia,गरसिया‎ (Garasiya),"Dhungri Garasia, Dungari Garasia, Dungri Grasia, Girasia, Grasia, Nyar",IN,India,T,T,T,76700,76700,,,"76,700 (2011 census).",,,,2011,,"Gujarat state: Banaskantha district; Rajasthan state: Pali, Sirchi, and Udaipur districts.",Rajasthan,24.9492,73.1036,5,5* (Developing),,,"Indo-European, Indo-Iranian, Indo-Aryan, Intermediate Divisions, Western, Bhil",,"Rajput Garasia do not understand Adiwasi Garasia [gas] but intelligibility is high the other way. Lexical similarity: 94%–99% with Gujarati [guj] and Rajasthani [mve] dialects, 75%–93% with Adiwasi Garasia [gas] dialects; 76%–84% with Patelia [bhb] dialects; 79%–86% with Wagdi [wbr]; 67%–84% with Marwari [rwr] dialects.",,Positive attitudes.,Also use Gujarati [guj]. Also use Hindi [hin].,,Literacy rate in L2: 15%–25%.,,NT: 2009.,,,Devanagari script [Deva]. Gujarati script [Gujr].,"Warrior Caste. Distinct from Dungra Bhil [duh], which is sometimes used as an alternate name for Adiwasi Garasia [gas] and Rajput Garasia but probably refers to more than 1 group living in the hills (Dungra means hill).","Traditional religion, Hindu."
126,gbm,Garhwali,Garhwali,गढ़वळि भाख‎ (Garhwali bhākha),"Gadhavali, Gadhawala, Gadwahi, Gashwali, Girwali, Godauli, Gorwali, Gurvali, Pahari Garhwali",IN,India,T,T,T,2480000,2480000,,,"2,480,000 (2011 census).",,,,2011,,"Himachal Pradesh state; Uttarakhand state: Chamoli, Dehra Dun, Pauri Garhwal, Rudraprayag, Tehri Garhwal, and Uttarkashi districts.",Uttarakhand,30.4542,78.7118,5,5 (Developing),,,"Indo-European, Indo-Iranian, Indo-Aryan, Intermediate Divisions, Western, Pahari, Garhwali","Srinagari, Tehri (Gangapariya), Badhani, Dessaulya, Lohbya, Majh-Kumaiya, Bhattiani, Nagpuriya, Rathi, Salani (Pauri), Ravai, Parvati, Jaunpuri, Gangadi (Uttarkashi), Chandpuri","Jaunsari [jns] is sometimes referred to as a dialect of Garhwali, but most say they cannot understand it. Parvati dialect also reportedly not mutually intelligible; Srinagari is literary standard; Pauri generally regarded as the sweetest; Srinagari and Pauri are very similar. Lexical similarity: 53%–84% among dialects; 54%–69% with Hindi [hin], 55%–66% with Kumaoni [kfy]. The divergent dialect varieties of Bangani, Parvati, and Ravai are no more similar to Western Pahari varieties than to Garhwali.",SOV.,"Vigorous. Home, village. Used by all. Positive attitudes.","Also use English [eng]. Also use Hindi [hin], in the market, and with more fluency among men, the educated, and youth.","Used as L2 by Gujari [gju], Jad [jda], Rongpo [rnp].",Literacy rate in L2: 72% for Uttarakhand (2001 census). Older women lack literacy.,,Literature. Periodicals. Radio. Texts. NT: 1827–1994.,,,Devanagari script [Deva].,"Jaunpuri and Ravai dialects are culturally similar to Jaunsari and distinct from Garhwali. Castes are Brahmin, Rajput, Harijan.","Hindu, traditional religion."
127,grt,Garo,Garo,Mande,"Garrow, Mandi",IN,India,T,T,T,1150000,1150000,,,"1,150,000 in India (2011 census).",,,,2011,"12,26,800","Assam state: Goalpara, Kamrup, and Karbi Anglong districts; Meghalaya state: Garo Hills district; Nagaland state: Kohima district; Tripura state: south Tripura district, Udaipur sub-district; north Tripura district, Kailasahar and Kamalpur sub-districts; west Tripura district, Sadar sub-district; West Bengal state: Jalpaiguri and Koch Bihar districts.",Meghalaya,25.4297,90.5182,2,2 (Provincial),"Statutory provincial language in Meghalaya State (1950, Constitution, Articles 347), unscheduled language.",,"Sino-Tibetan, Tibeto-Burman, Sal, Boro-Garo","A’beng (A’bengya, Am’beng), A’chick (A’chik, A’we, Chisak, Dual, Matchi), Dacca, Ganching, Kamrup","A’chick is the standardized dialect in India. A’beng dialect used in Bangladesh, but is not mutually intelligible. Reportedly most similar to Koch [kdq].",SOV; postpositions; case-marking (9 cases); numeral classifiers; tense markers; 16 consonant and 5 vowels; non-tonal.,"Awe dialect, spoken in Assam, has few remaining speakers. Most use standard Garo.",,"Used as L2 by Atong [aot], Hajong [haj], Koch [kdq], Lyngngam [lyg], Rabha [rah], Ruga [ruh].",Literacy rate in L2: 55% for Meghalaya (2001 census). General level of education is low compared to Khasi [kha].,Taught in primary and secondary schools in Meghalaya state. Taught as subject at North-Eastern Hill University.,Literature. Radio. Videos. Dictionary. Grammar. Bible: 1924–1994.,,,"Bengali (Bangla) script [Beng]. Braille script [Brai], used since 1998. Latin script [Latn].",,Christian.
128,gaq,Gata’,Gata’,,"Didayi, Didei, Dire, Gataq, Geta’, Getaq, Gta Asa, Gta’",IN,India,T,T,T,3060,3060,,,"3,060 (1991 census).",,,"7,370 (2001 census). In Odisha.",1991,,"Andhra Pradesh state: east Godavari district; Odisha state: Koraput and Malkangiri districts, Kudumulgumma and Chitrakonda sub-districts south of Bondo Hills; some in Khairput sub-district. 47 villages.",Odisha,18.3606,82.2262,6b,6b (Threatened),,,"Austro-Asiatic, Munda, South Munda, Koraput Munda, Gutob-Remo-Geta’, Geta’","Plains Geta’, Hill Geta’","Ruhlen treats Plains Geta’ and Hill Geta’ as separate languages. Lexical similarity: 68%–93% among dialects, 27%–37% with Bondo [bfw] varieties, 22%–28% with Gadaba Gutob [gbj] dialect.",,"Some young people, all adults.",Also use Desiya [dso]. Also use English [eng]. Also use Odia [ory].,,Literacy rate in L2: 10% in Odisha (2001 census).,,Grammar. Texts. NT: 2020.,,,Oriya (Odia) script [Orya].,,"Traditional religion, Hindu."
129,gdx,Godwari,Godwari,,,IN,India,T,T,T,3000000,3000000,,,"3,000,000 (2001 census).",,,,2001,,"Gujarat state: Banas Kantha and north Sabar Kantha; Rajasthan state: Jhalor, Pali, and Sirohi districts.",Rajasthan,25.2975,72.8786,6b,6b (Threatened),,,"Indo-European, Indo-Iranian, Indo-Aryan, Intermediate Divisions, Western, Rajasthani, Marwari","Balvi, Khuni, Madahaddi, Sirohi","88%–92% intelligibility of Marwari [rwr]. Lexical similarity: 70% between dialects; 62%–75% with Merwari [wry], 45%–69% with Shekhawati [swv], 51%–73% with Mewari [mtr], 46%–66% with Dhundari [dhd], 44%–67% with Haroti [hoj], 62%–74% with Marwari [rwr].",,"Home, village, market, religion. Some of all ages. Positive attitudes.","Also use English [eng]. Also use Hindi [hin], with very good proficiency among the educated.",,,,Grammar.,,,Unwritten [Qaax].,,Hindu.
130,wsg,"Gondi, Adilabad",Adilabad Gondi,"కోయంగ్‎ (Koyang), గోండి‎ (Gondi)","Gunjala Gondi, Koyang, Nirmal, Raj Gond, Telugu Gondi",IN,India,T,T,T,300000,300000,,,"300,000 (2015 M. Penny). All Gondi speakers: 2,910,000 (2011 census).",,,,2015,,"Maharashtra state: south Chandrapur, Nanded, and Yavatmal districts; Telangana state: Adilabad, north Karimnagar, and Warrangal districts.",Telangana,19.1882,78.9805,4,4 (Educational),,,"Dravidian, South-Central, Gondi-Kui, Gondi","Utnoor Gondi, Rajura",Intelligibility of Northern Gondi [gno] 49%–58%.,,All domains. Used by all.,Also use English [eng].,,Literacy rate in L2: 25%–50%.,Taught in primary schools in early grades only. The State Education Department has recognized this language and has been active in promoting it for primary education (2015 M. Penny).,Dictionary. NT: 2018.,,,Telugu script [Telu].,,"Hindu, traditional religion."
131,esg,"Gondi, Aheri",Aheri Gondi,"कोयम‎ (Koyam), गोंडी‎ (Gondi)","Koyam, Raj Gond",IN,India,T,T,T,150000,150000,,,"150,000 (2015 B. Kurian). All Gondi speakers: 2,910,000 (2011 census).",,,,2015,,Maharashtra state: Gadchiroli district; Telangana state: Adilabad district.,Maharashtra,19.3622,80.055,5,5 (Developing),,,"Dravidian, South-Central, Gondi-Kui, Gondi","Sironcha, Etapally Gondi, Bhamragarh","Sironcha dialect understood best by the others, with 73%–98% intelligibility. 49%–58% intelligibility of Northern Gondi [gno]. Lexical similarity: 34%–43% with Adilabad Gondi [wsg].",,Used by all.,Also use English [eng].,,Literacy rate in L2: 25%–50%.,,Dictionary. NT: 2022.,,,Devanagari script [Deva].,,"Hindu, traditional religion."
132,gno,"Gondi, Northern",Northern Gondi,गोंडी‎ (Gondi),"Gaudi, Ghond, Godi, Gondi, Gondiva, Gondu, Gondwadi, Goondile, Goudi, Goudwal",IN,India,T,T,T,2152000,1950000,202000,"2,152,000, all users.","1,950,000 (1997 Bible Society of India). All Gondi speakers: 2,910,000 (2011 census).","202,000 (2011 census).",,,1997,,"Madhya Pradesh state: Balaghat, Betul, Chhindwara, Mandla, and Seoni districts; Maharashtra state: Amravati, Bhandara, Nagpur, Wardha, and Yavatmal districts.",Madhya Pradesh,22.4744,80.2809,5,5 (Developing),,,"Dravidian, South-Central, Gondi-Kui, Gondi","Betul, Chhindwara, Mandla, Seoni, Amravati, Bhandara, Nagpur, Yavatmal","Inherent intelligibility between dialects 94%–97%. Speakers tested in other dialects understood Amravati 94%–97%; Betul 83%–96%, and Seoni 82%–97%. 58%–78% intelligibility of Adilabad Gondi [wsg] and Aheri Gondi [esg]. Different from Muria [hlb], Maria [mrr] of Garhchiroli, Dandami Maria [daq], and Koya [kff]. Lexical similarity: 58%–90% among dialects.",,Used by all. Positive attitudes.,"Also use English [eng]. Also use Hindi [hin], especially in Madhya Pradesh, but with low proficiency. Also use Marathi [mar], especially in Maharashtra, but with low proficiency.","Used as L2 by Nagarchal [nbg], Northwestern Kolami [kfb].",Literacy rate in L1: 1%–5%. Literacy rate in L2: 25%–50%.,,Radio. Videos. Grammar. NT: 1996.,,,Devanagari script [Deva].,,"Traditional religion, Hindu."
133,goj,Gowlan,Gowlan,,,IN,India,T,T,T,20200,20200,,,"20,200 (2000).",,,,2000,,"Madhya Pradesh state: Hoshangabad district; Maharashtra state: Amravati district, and among Korku [kfq] people; some in north Karnataka state.",Maharashtra,21.3849,77.0749,5,5* (Developing),,,"Indo-European, Indo-Iranian, Indo-Aryan, Outer Languages, Southern, Unclassified",,Dialects in Maharashtra and Karnataka reportedly different. May be more similar to Hindi [hin] (Central zone) than to Marathi [mar] (Southern zone).,,Home. Mixed attitudes. Positive attitudes toward Gowlan and Hindi [hin]. Only some want their children to learn Marathi [mar].,"Also use English [eng]. Also use Hindi [hin], but with low bilingualism in Chikli area.",,,,NT: 2022.,,,Devanagari script [Deva].,Surrounded by Korku. Belong to Gowli caste.,"Traditional religion, Christian."
134,gok,Gowli,Gowli,गौली‎ (Gaulī),Nand,IN,India,T,T,T,35000,35000,,,"35,000 (IMA 1997).",,,,1997,,Madhya Pradesh state; Maharashtra state: Amravati district.,Maharashtra,21.0303,77.6903,5,5* (Developing),,,"Indo-European, Indo-Iranian, Indo-Aryan, Western Hindi, Unclassified","Nand, Ranya, Lingaayat, Khamla",Nand subdialects have 93% or higher intelligibility with Khamla dialect. Dialect used in Madhya Pradesh appears more similar to Marathi [mar] (Southern zone) than to Hindi [hin] (Central zone). Lexical similarity: 84%–92% between the Ranya and Nand dialects.,,Home.,Also use English [eng]. Also use Hindi [hin]. Also use Marathi [mar].,,Literacy rate in L2: 5%–15%.,,NT: 2017.,,,Devanagari script [Deva].,"Speakers belong to Gowli caste. 1 and a half subgroups; Nand Gowli the highest, Musalman (the half tribe) the lowest. Surrounded by Korku [kfq].","Hindu, traditional religion."
135,gac,"Great Andamanese, Mixed",Mixed Great Andamanese,,"Andamese, Jeru",IN,India,T,T,T,0,0,,,"No known L1 speakers. The last fluent speaker, Nao, died in 2009 (2009 A. Abbi).",,,60 (2020 D. Dasgupta).,,,"Andaman and Nicobar Islands union territory: Strait island, about 100 km northeast of Port Blair.",Andaman and Nicobar Islands,12.2094,92.9446,9,9 (Dormant),,,"Andamanese, Great Andamanese",,,"The linguistic system of Mixed Great Andamanese appears to be close to Koineization. It is a mixture of three to four languages spoken once on the island, including Jeru, Khora, Sare and Bo.",,Shifted to Andaman Hindi Creole [hca].,Used as L2 by Aka-Jeru [akj].,,,Grammar.,,,Unwritten [Qaax].,"Only one other language in the Central Andamanese group, Aka-Jeru [akj], has any remaining speakers.",
136,gro,Groma,Groma,,Tromowa,IN,India,F,T,T,14000,14000,,,"14,000 in India (2007 Asia Harvest).",,,,2007,"26,800","Sikkim state: North Sikkim district, Chumbi valley.",Sikkim,,,6b,6b* (Threatened),,,"Sino-Tibetan, Tibeto-Burman, Western Tibeto-Burman, Bodish, Central Bodish, Central, Southern","Upper Groma, Lower Groma",,,,Also use English [eng].,,,,,,,,,
137,guj,Gujarati,Gujarati,ગુજરાત‎ (Gujarātī),"Gujerathi, Gujerati, Gujrathi",IN,India,T,T,T,60000000,55200000,4800000,"60,000,000 in India, all users.","55,200,000 in India (2011 census).","4,800,000 (2011 census).",,,2011,"62,473,620 (as L1: 57,633,620; as L2: 4,840,000)",Gujarat state: both shores of Gulf of Khambhat; Maharashtra state: Nandubar and Nashil districts; Rajasthan state: Jalor and Sirohi districts; Daman and Diu Union Territory.,Gujarat,22.7477,71.8323,2,2 (Provincial),"Statutory provincial language in Gujarat State; Dadra and Nagar Haveli, Daman and Diu union territories (1950, Constitution, Schedule VIII).",,"Indo-European, Indo-Iranian, Indo-Aryan, Intermediate Divisions, Western, Gujarati","Standard Gujarati (Mumbai Gujarati, Nagari, Patnuli, Saurashtra Standard), Gamadia (Ahmedabad Gamadia, Anawla, Brathela, Charotari, Eastern Broach Gujarati, Gramya, Patani, Patidari, Surati, Vadodari), Parsi (Parsee), Kathiyawadi (Bhawnagari, Gohilwadi, Holadi, Jhalawadi, Sorathi), Kharwa, Kakari, Tarimuki (Ghisadi)","The Parsi dialect has less than 55,000 speakers, with only a very few knowing how to read or write it (2017 R. Doctor). Parsi is not inherently intelligible with Parsi-Dari [prd], from whom they separated 600–700 years ago. Other reports say they came to India 1,300 years ago.","SOV; postpositions; noun head final; gender (masculine/feminine/neuter); no articles; case-marking (6 cases); verb affixes mark person, number, gender of subject; split ergativity; passives; tense and aspect; comparatives; 31 consonants, 8 vowels, 2 diphthongs; non-tonal; stress on penultimate syllable.",,Also use English [eng].,"Used as L2 by Adiwasi Garasia [gas], Chodri [cdi], Dangi [dhn], Dhodia [dho], Indo-Portuguese [idb], Kacchi [kfr], Rajput Garasia [gra], Sansi [ssi], Varli [vav].",Literacy rate in L1: 70% for Gujarat state (2001 census).,"Taught in primary and secondary schools through grade 5 and as subject thereafter in Gujarat State; Dadra and Nagar Haveli, Daman and Diu union territories.",Fully developed. Bible: 1823–2005.,,,"Braille script [Brai]. Gujarati script [Gujr], primary usage. Khojki script [Khoj].",,"Hindu, Muslim."
138,gju,Gujari,Gujari,گوجری‎ (Gojri),"Gogri, Gojari, Gojri, Gujar, Gujer, Gujjari, Gujuri, Gurjar, Hindki, Kashmir Gujuri, Parimu, Rajasthani Gujuri",IN,India,T,T,T,1290000,1290000,,,"1,290,000 in India (2011 census).",,,"1,600,000 (2002). In Uttar Pradesh, Haryana, Madhya Pradesh, Rajasthan, Maharashtra, Gujarat, Punjab, Delhi.",2011,"17,12,000","Jammu and Kashmir state: Anantnag district, Doru, Kukernag, and Pahalgam sub-districts; Baramulla district, Uri sub-district; Ganderbal district, Kangan sub-district; Kulgam district; Kupwara district, Handwara, Karnah, and Kupwara sub-districts; Pulwama district, Tral sub-district; Shopian district.",Jammu and Kashmir,33.5008,74.7697,5,5* (Developing),,,"Indo-European, Indo-Iranian, Indo-Aryan, Intermediate Divisions, Western, Rajasthani",Ajiri of Hazara,"Poonchi [phr] may be understood by others and form the basis for a standard dialect. In Pakistan, Eastern Gujari appears more similar to Northern Hindko [hno] or Pahari-Potwari [phr]. Western Gujari appear to understand the Eastern dialect better than vice versa. Comparison with India varieties is needed. Lexical similarity: 60% between Uttar Pradesh and Pakistan, 76% with Poonchi.",,"In general, Hindu agriculturalists have not retained Gujari language and culture, whereas Muslim Gujari have. Gujars outside Jammu-Kashmir and Himachal Pradesh do not speak Gujari, but regional languages. All domains. Positive attitudes.",Also use Dogri [dgo]. Also use English [eng]. Also use Garhwali [gbm]. Also use Hindi [hin]. Also use Jaunsari [jns]. Also use Kashmiri [kas]. Also use Kullu Pahari [kfx]. Also use Kumaoni [kfy]. Also use Urdu [urd].,,Literacy rate in L2: 5%–15%.,,Literature. Periodicals. Radio. TV. Dictionary. Grammar. Texts.,,,"Arabic script, Naskh variant [Arab]. Arabic script, Nastaliq variant [Aran], primary usage. Devanagari script [Deva], plans for future development using this script.",,"Muslim, Hindu."
139,gvr,Gurung,Gurung,तमु क्यी‎ (Tamu Kyi),"Gurung Kura, Tamu Kyi, Western Gurung",IN,India,F,F,T,33000,33000,,,"33,000 in India (2007).",,,########,2007,"399,700 (as L1: 376,000; as L2: 23,700)",Sikkim state: South district; West Bengal state: Darjeeling district.,West Bengal,,,6b,6b* (Threatened),,,"Sino-Tibetan, Tibeto-Burman, Western Tibeto-Burman, Bodish, West Bodish, Gurung-Tamang, Gurungic",,,"SOV; postpositions; genitives, adjectives, relative clauses precede noun heads; numerals after noun heads; noun head final; no noun classes or genders; content q-word in situ; rising intonation marks bipolar questions; one negative prefix on verbs; up to 2 suffixes; clause constituents indicated by case-marking; case of noun phrases is indicated by postpositions; no subject or object referencing in verbs; split ergative system according to tense; causatives; benefactives; aspect; no passives or voice; 24 consonant and 5 vowel phonemes; CV, CCV, CCCV; tonal: voice quality or register is part of the tone system.",,All also use Nepali [npi].,,,,Literature. Newspapers. Periodicals. Radio. TV. Videos. Dictionary. Grammar. Texts. NT: 1982–2020.,,,Devanagari script [Deva]. Gurung Khema script [Gukh].,,
140,haj,Hajong,Hajong,"Hajong Bhasa, হৃজং ভাশা‎ (Hajong Bhasa)","Haijong, Hajang, Hazong",IN,India,T,T,T,71800,71800,,,"71,800 in India (2011 census).",,,,2011,"79,800","Assam state: Goalpara, and Nagaon districts; Meghalaya state: West Garo Hills district, west side; West and East Khasi hills districts; Arunachal Pradesh and West Bengal states.",Meghalaya,25.5042,90.0896,5,5* (Developing),,,"Indo-European, Indo-Iranian, Indo-Aryan, Outer Languages, Eastern, Bengali-Assamese","Banai, Dalu","No prestige or standard dialect recognized. Intelligible with Hajong of Bangladesh. Lexical similarity: 82%–91% between Banai dialect of Koch [kdq] and mainstream Hajong varieties, 74%–77% between Dalu dialect and mainstream Hajong varieties, 79% between Banai dialect of Koch [kdq] and Dalu, 54%–64% with Assamese [asm], 63%–67% with Bengali [ben], 74%–85% with Hajong of Bangladesh.",,Vigorous. All domains. Positive attitudes.,Also use Assamese [asm]. Educated have high fluency in Assamese. Also use Bengali [ben]. Also use English [eng]. Also use Garo [grt].,Used as L2 by Koch [kdq].,Literacy rate in L2: 20%–25%; 48% for Meghalaya (2001 census).,,Literature. Radio. TV. Bible portions: 2010–2011.,,,"Bengali (Bangla) script [Beng], used in Bangladesh and India. Latin script [Latn], used in India.","Jharua may be an alternate name. Though linguistically different, the Banai affiliate themselves with the Koch.","Traditional religion, Hindu."
141,hlb,Halbi,Halbi,हलबी‎ (Halabi),"Halabi, Halba, Halvas, Halvi, Holva, aia jaia got",IN,India,T,T,T,956000,766000,190000,"956,000, all users.","766,000 (2011 census).","190,000 (2011 census).",,,2011,,Andhra Pradesh state; Chhattisgarh state: Bastar district plains; Madhya Pradesh state: Balaghat district; Maharashtra state: Gondia district; Odisha state: Koraput district.,Madhya Pradesh,21.7351,80.2289,3,3 (Wider communication),,"Became dominant in the 19th century under British rule. Main means of communication for various groups across the central part of India. Used in trade, music, and communication among the less educated.","Indo-European, Indo-Iranian, Indo-Aryan, Outer Languages, Eastern, Bengali-Assamese","Adkuri, Bastari, Bhunjia, Chandari, Gachikolo, Govari of Balaghat, Kawari, Kunbi, Mahari (Mahara, Mehara, Mehari), Muri (Muria), Sundi","Bhunjia and Kawari dialects considered more divergent dialects. Reportedly a creole language. Grierson and Konow called it a dialect of Marathi [mar] for convenience, but noted similarities to Bhatri [bgw], a dialect of Odia [ory] (Grierson and Konow 1903–1928).","SOV; postpositions; genitives, articles, adjectives, numerals before noun heads; 2 or 3 affixes per word; word order distinguishes given and new information; noun affixes indicate case; verb affixes mark person, number, gender of subject; passives; causatives; comparatives; CV, CVC, CVV; nontonal.",,"Also use Bhatri [bgw]. Also use Hindi [hin], especially educated men, for trading and common topics.","Used as L2 by Bhatri [bgw], Duruwa [pci], Eastern Muria [emu], Maria [mrr], Mirgan [zrg].",Literacy rate in L2: 74% for Chhattisgarh plains (2001 census). Government literacy program uses Hindi [hin] primers.,,Dictionary. Grammar. NT: 2017.,,,Devanagari script [Deva].,,"Traditional religion, Hindu."
142,hoj,Haroti,Haroti,हाड़ौती‎ (Haroti),"Hadauti, Hadothi, Hadoti, Hara, Harauti",IN,India,T,T,T,2940000,2940000,,,"2,940,000 (2011 census).",,,,2011,,"Madhya Pradesh state: Neemuch district, 3 other border areas; Rajasthan state: Baran, Bundi, Jhalawar, and Kota districts.",Rajasthan,24.9978,76.1999,5,5* (Developing),,,"Indo-European, Indo-Iranian, Indo-Aryan, Intermediate Divisions, Western, Rajasthani, Unclassified",,"45% intelligibility with standard Marwari [rwr], 57%–67% with Merwari [wry], 58%–66% with Shekhawati [swv], 44%–67% with Godwari [gdx], 61%–71% with Mewari [mtr], 64%–73% with Dhundari [dhd], 52%–70% with Mewati [wtm], 55%–62% with Bagri [bgq], 63%–77% with Hindi [hin].",SOV.,"Vigorous. Home, village; market, religion. Positive attitudes.","Also use English [eng]. Also use Hindi [hin], with widespread bilingualism. 40% have very good proficiency, with greater proficiency among the educated.",,Literacy rate in L2: 75% in Kota District (2001 census).,,Literature. NT: 1822.,,,Devanagari script [Deva].,,"Hindu, Jain, Muslim."
143,bgc,Haryanvi,Haryanvi,हरियाणवी‎ (Hariyāṇvī),"Bangaru, Banger, Bangri, Bangru, Chamarwa, Desari, Hariani, Hariyani, Haryani, Jatu",IN,India,T,T,T,9810000,9810000,,,"9,810,000 in India (2011 census).",,,"16,000,000 (1992 SIL).",2011,"9,810,194 (as L1: 9,810,110; as L2: 84)","Haryana, Himachal Pradesh, Karnataka, Punjab, Rajasthan, and Uttar Pradesh states; Delhi.",Haryana,28.9444,76.365,5,5 (Developing),,,"Indo-European, Indo-Iranian, Indo-Aryan, Western Hindi, Unclassified","Bangaru Proper, Deswali, Khadar","Good intelligibility among dialects, but Haryanvi is not intelligible with Hindi [hin]. Reportedly most similar to Braj Bhasha [bra]. Lexical similarity: 92% among dialects.",,"Home, religion. Used by all. Positive attitudes.","Also use English [eng]. Also use Hindi [hin], with proficiency higher among the educated.",,Literacy rate in L2: 55% in Hindi [hin].,,Grammar. NT: 2017.,,,Devanagari script [Deva].,Khadar used by speakers in Jind to refer to the speech of Rohtak and Sonipat.,"Hindu, Muslim."
144,hin,Hindi,Hindi,"मानक हिन्दी‎ (Mānak Hindī), हिन्दी‎ (Hindī)",Modern Standard Hindi,IN,India,T,T,T,6.02E+08,3.39E+08,2.63E+08,"602,000,000 in India, all users.","339,000,000 in India (2011 census).","263,000,000 (2020).",,,2011,"609,009,930 (as L1: 345,249,930; as L2: 263,760,000)","Widespread in north India: northern Bihar, Himachal Pradesh, Madhya Pradesh, Punjab, Rajasthan, Uttar Pradesh, and Uttarakhand states; Delhi.",Delhi,26.2657,78.2713,1,1 (National),"Statutory national language (1950, Constitution, Article 343), also statutory provincial language in Bihar State and 12 other jurisdictions.",,"Indo-European, Indo-Iranian, Indo-Aryan, Western Hindi, Hindustani","Khari Boli (Dehlavi, Kauravi, Khadi Boli, Khari, Khariboli, Vernacular Hindustani)","Formal vocabulary borrowed from Sanskrit, de-Persianized, de-Arabicized. Literary Hindi, or Hindi-Urdu, has 4 varieties: Hindi (High Hindi, Nagari Hindi, Literary Hindi, standard Hindi); Urdu [urd]; Dakhini; Rekhta. Hindustani, though not listed separately in India, refers here to the unofficial lingua franca of northwest India. Has a lexical mixture in varying proportions of Hindi (vocabulary derived from Sanskrit) and Urdu (vocabulary derived from Persian or Arabic).","SOV; postpositions; noun head final; content q-word in situ; gender (masculine/feminine); no articles; clause constituents partially indicated by case-marking (direct, oblique), postpositions, and word order; verbal affixation marks person, number, gender, and honorificity of subject; split ergativity; both tense and aspect; passives and voice; causatives; non-tonal; 30 consonants, 10 vowels, 2 diphthongs; stress linked to syllable weight.",,,,,"Taught in all primary and secondary schools, more in northern India than in southern India. Taught in tertiary schools.",Fully developed. Bible: 1835–2000.,,,"Braille script [Brai]. Devanagari script [Deva], primary usage. Latin script [Latn], recent informal usage, especially online on social media. Mahajani script [Mahj], no longer in use, historic usage. Newa script [Newa], no longer in use, historic usage.","Hindi, Hindustani, Urdu could be considered co-dialects, but have important sociolinguistic differences.",Hindu.
145,hii,Hinduri,Hinduri,,Handuri,IN,India,T,T,T,47800,47800,,,"47,800 (2011 census).",,,,2011,,"Himachal Pradesh state: Solan district, Nalagarh, Ramshahr, and surrounding villages.",Himachal Pradesh,31.1707,76.9257,6a,6a* (Vigorous),,,"Indo-European, Indo-Iranian, Indo-Aryan, Intermediate Divisions, Western, Pahari, Western Pahari",,"Reportedly most similar to Bilaspuri [kfs]. Lexical similarity: 67% with Baghliani dialect of Mahasu Pahari [bfz] spoken in Arki, 60% with Lower Mahasui dialect of Pahari [bfz], 56% with Upper Mahasui dialect of Pahari [bfz] and Sirmauri [srx], 64% with Hindi.",,"Home, village. Positive attitudes.",Also use English [eng]. Also use Hindi [hin].,,,,,,,,,Hindu.
146,hmr,Hmar,Hmar,Hmar,"Hamar, Hmari, Mhar",IN,India,T,T,T,99000,99000,,,"99,000 (2011 census).",,,,2011,,"Assam state: Cachar district; Manipur state: south, Churachandpur, Tipaimukh, 35 villages; Mizoram state: Aizawl district; Tripura state.",Assam,25.0537,93.0223,4,4 (Educational),,,"Sino-Tibetan, Tibeto-Burman, Kuki-Chin, Central, Mizo",,Reportedly similar to Zou [zom].,,,Also use Assamese [asm]. Also use English [eng]. Also use Meitei [mni]. Also use Mizo [lus].,Used as L2 by Sakachep [sch].,Literacy rate in L2: 90%.,"Taught in primary schools in Assam, Manipur and Mizoram states.",Literature. Dictionary. Grammar. Bible: 1968–2004.,,,Latin script [Latn].,Ethnic Hmar living in Mizoram speak Mizo [lus] as L1.,Christian.
147,hoc,Ho,Ho,"Ho jagar, Ho kaji, Ho̅, हो जगर‎ (Ho jagar), ହୋ ଜାଗାର‎ (Ho jagaara), 𑢹𑣉𑣉 𑣎𑣋𑣜‎ (Ho jagar)","Bihar Ho, Hōō jagara, Ho haram, Ho: basa, Lanka Kol",IN,India,T,T,T,1420000,1420000,,,"1,420,000 (2011 census).",,,,2011,,"Bihar state; Jharkhand state: Purbi Singhbhum district, Kolhan, Seraikella; East Singhbhum district, Dhalbhum sub-district; Odisha state: Koenjhar and Mayurbhanj districts; West Bengal state.",Odisha,21.9285,85.767,5,5* (Developing),,,"Austro-Asiatic, Munda, North Munda, Kherwari, Mundari","Lohara, Chaibasa-Thakurmunda","Most understand Chaibasa and Thakurmunda dialects well; 90%–92% comprehend narrative discourse. Kherwari (Khanwar, Kharar, Kharoali, Kharwari) is group name for Ho, Mundari [unr], Munda [unx], and Santhali [sat], closely related languages, and other smaller languages or dialects. Lexical similarity: 85% between most dialects, except for 3 on Ho area east and south edges.",,Vigorous. Positive attitudes.,Also use English [eng]. Also use Hindi [hin]. Also use Odia [ory]. Also use Sadri [sck]. Also use Santhali [sat].,Used as L2 by Birhor [biy].,Literacy rate in L1: 1%–5%. Literacy rate in L2: 25%–50%. Literacy program in progress.,,Literature. Radio. Dictionary. Grammar. NT: 1997.,,,"Devanagari script [Deva], used in Bihar. Latin script [Latn]. Oriya (Odia) script [Orya], used in Odisha. Telugu script [Telu]. Warang Citi script [Wara].","Different from Ho (Hani [hni]) of Myanmar, China, Vietnam, Laos.","Traditional religion, Hindu."
148,hoy,Holiya,Holiya,,"Gohllaru, Golari-Kannada, Holar, Holari, Hole, Holian, Holu",IN,India,T,T,T,500,500,,,500 (2002 survey).,,,,2002,,Madhya Pradesh state: Balaghat and Seoni districts; Karnataka and Maharashtra states.,Karnataka,17.1438,76.5474,6b,6b* (Threatened),,,"Dravidian, Southern, Tamil-Kannada, Kannada",,,,,Also use English [eng]. Also use Kannada [kan].,,Literacy rate in L2: 5% in Kannada [kan].,,NT: 2020.,,,Devanagari script [Deva].,A Scheduled Caste in Madhya Pradesh.,"Hindu, traditional religion."
149,hra,Hrangkhol,Hrangkhol,,"Hrangkol, Rangkhol",IN,India,T,T,T,18700,18700,,,"18,700 (2000), decreasing.",,,,2000,,"Assam, Manipur, Mizoram, and Tripura states.",Assam,25.2507,93.1857,6b,6b (Threatened),,,"Sino-Tibetan, Tibeto-Burman, Kuki-Chin, Central, Mizo",Hadem,Reportedly most similar to Biate [biu].,SOV.,"Use declining in Mizoram, Manipur and even Assam; shifting to Assamese [asm] or Bengali [ben] (Van Driem 2007). Home, village. Some of all ages.",Some also use English [eng]. Also use Assamese [asm]. Also use Hindi [hin]. Also use Mizo [lus].,Used as L2 by Sakachep [sch].,Literature committee since 1960.,,Literature. Bible: 2006.,,,"Latin script [Latn], used in India.",,"Christian, Hindu, traditional religion."
150,hru,Hruso,Hruso,,"Aka, Angka, Angkae, Gusso, Hrusso, Tenae",IN,India,T,T,T,3000,3000,,,"3,000 (Van Driem 2007).",,,,2007,,"Arunachal Pradesh state: West Kameng district, Thrizino sub-district, Balipho, Bhalukpong, Buragaon, Dijungonia, Gijiri, Gohainthan, Husigaon, Jamiri, Karangonia, Khuppi, Palizi, Polatari, Raghupam, Raindogonia, Tania, Tulu, and Yayom villages; East Kameng district, Seppa sub-district, Pisang village.",Arunachal Pradesh,27.3323,92.6781,6b,6b (Threatened),,,"Sino-Tibetan, Tibeto-Burman, Central Tibeto-Burman, Hrusish","Hruso, Levai (Bangru, Ləvai)",No apparent wider affiliation within Tibeto-Burman. Varieties sometimes grouped under Tibeto-Burman as Hruish. Levai is similar to Miji [sjl] and may be a distinct language. Lexical similarity: 9% between Koro [jkr] and the Hruso dialect [hru]. Both are highly dissimilar to neighboring languages.,SOV.,"Steady shift away from Hruso, especially among youth educated outside the area. Some young people, all adults.",Also use Assamese [asm]. Also use English [eng]. Also use Hindi [hin]. Also use Miji [sjl].,"Used as L2 by Bugun [bgg], Miji [sjl].","Literacy rate in L2: 48%: males 58%, females 39% (2001 census).",,Literature.,,,Latin script [Latn].,"’Aka’, painted. Has 2 ethnic groups (Kavatsun and Kutsun) and an additional subdivision called Miri-Akas on the other side of Kaya River (known as Khrome) who speak Mising [mrg], not Hruso. Probably not the same as Plains Miri or Hill Miri (Mising) [mrg] (Sinha 1962). Aka in East Kameng District are called Koro Aka [jkr], distinct from Hruso Aka in West Kameng.","Traditional religion, Christian."
151,clk,Idu-Mishmi,Idu-Mishmi,Idu-Mishmi,"Ida, Idu, Midhi, Nedu, “Chulikata” (pej.), “Chulikotta” (pej.), “Sulikota” (pej.)",IN,India,T,T,T,4000,4000,,,"4,000 in India (2016 R. Blench).",,800 monolinguals.,,2016,"4,080","Arunachal Pradesh state: Dibang Valley district, Dibong Valley and Lower Dibong Valley districts; Assam state.",Arunachal Pradesh,28.7205,95.9266,6b,6b (Threatened),,,"Sino-Tibetan, Tibeto-Burman, Central Tibeto-Burman, Digarish","Midu, Mithu","Reportedly most similar to Digaro-Mishmi [mhu]. Different from Adi [adi]. Lexical similarity: 7% with the Miju-Mishmi dialect of Miju-Mishmi [mxj], 25% with Digaro-Mishmi [mhu].","SOV; postpositions; genitives before noun heads; numerals after noun heads, adjective and relatives before noun head; affixes indicate case of noun phrase; comparatives; nasal vowels; tonal (3 level tones: high, mid, low).","Home, community, religion. Some young people, all adults. Positive attitudes.","Also use Assamese [asm], especially older people. Also use English [eng], especially educated individuals. Also use Hindi [hin], especially younger people.",Used as L2 by Khamba [kbg].,Literacy rate in L2: 55% (2001 census).,,Dictionary. Grammar. Texts. NT: 2024.,,,Latin script [Latn].,"May not be in the Tani group, but is related.",Hindu.
152,ins,Indian Sign Language,Indian Sign Language,,"IPSL, ISL, Indo-Pakistani Sign Language, Urban Indian Sign Language",IN,India,T,T,T,6000000,6000000,,,"6,000,000 in India (2021 SIL). Estimated 4–8 million deaf signers, based on 0.3%–0.6% of the general population. Other estimates vary: 1.5 million (2008 S. Panda); 5.9 million profoundly deaf in India (2014 IMB); 8 million deaf signers (2017 Indian Sign Language Research and Training Centre).",,,,2021,"68,15,000",Scattered.,,27.2791,77.4043,5,5 (Developing),,,"Sign language, Deaf community sign language","Mumbai-Delhi, Kerala, Hyderabad (Andhra Pradesh), Bangalore (Karnataka), Chennai (Tamil Nadu)","Most sign language varieties in south Asia appear to be related, but there is considerable variation, which has only been partially assessed. Some scholars regard most varieties in India, Pakistan, Bangladesh and possibly Nepal as dialects of one language called Indo-Pakistani Sign Language (IPSL), while others feel at least some varieties should be recognized as separate languages. The ISO standard currently (as of 2020) distinguishes ISL from Pakistan Sign Language [pks], West Bengal Sign Language (Kolkata Sign Language) [wbs], and Nepalese Sign Language [nsp]. The variety that originated in Delhi is the most widely-recognized and promoted; Mumbai is very similar. Varieties in the southern Indian states of Andhra Pradesh, Karnataka, Kerala, and Tamil Nadu are quite divergent from the Delhi variety and may need to be recognized as a distinct language (2020 D. Eberle). Some villages, such as Alipur, Karnataka have an indigenous sign language unrelated to ISL (Panda 2012). Some influence from British Sign Language [bfi] in the fingerspelling system and a few other signs developed indigenously in India.",,Vigorous. Used by all.,"Many also use American Sign Language [ase], especially in Bangalore (Panda 2012).",,Literacy rate in L2: Below 2%. Male literacy rate in L2 is higher than female as boys are more likely to attend school.,,TV. Videos. Dictionary. Grammar. Bible portions: 2023–2024.,,Indian Sign Language Research and Training Centre at Indira Gandhi National Open University.,,"Only about 550–700 schools use ISL (2008 S. Panda, 2017 BBC). 2% or less of deaf children attend deaf schools, with a high drop-out rate. Vocational programs use ISL more often. Nearly all educated deaf are bilingual in a written language of wider communication to some degree, and ISL serves as a signed language of wider communication among deaf in India, especially in cities. The government and educational institutions promote the Delhi variety for use in the entire country. Starting 2001, interpreter training in Mumbai by the Ali Yavar Jung National Institute for Hearing Handicapped.",
153,idb,Indo-Portuguese,Indo-Portuguese,,Daman-Diu Portuguese,IN,India,T,T,T,4940,4940,,,"4,940 in India (Cardoso 2006).",,"Relatively few monolinguals, even in Korlai (Cardoso 2006).",,2006,"7,160",Kerala state: Kannur; Maharashtra state: Korlai near Mumbai; Daman and Diu Union Territory.,Maharashtra,19.8333,72.8703,6b,6b (Threatened),,,"Creole, Portuguese based","Cochin (Kochi), Diu, Cannanore",,,"It is mostly, if not entirely, spoken by multilingual speakers (Cardoso 2006). Some communities in India have no remaining speakers. Few remaining speakers in Cannanore; last speaker in Cochin, Mr. William Rozario, died on Vypeen Island (2010). Some young people, all adults.","Also use English [eng]. Also use Gujarati [guj]. Also use Hindi [hin]. Also use Marathi [mar]. Also use Portuguese [por], extensively (Cardoso 2006).",,,,Grammar. Texts. NT: 1826–1852.,,,Latin script [Latn].,The term Indo-Portuguese does not stand for 1 language but rather a number of Portuguese-lexified creoles scattered across South Asia (Cardoso 2006).,Christian.
154,iru,Irula,Irula,இருளா‎ (Irula),"Erukala, Irava, Irulan, Irular, Irular Mozhi, Irulavan, Iruliga, Iruligar, Kad Chensu, Korava",IN,India,T,T,T,11900,11900,,,"11,900 (2011 census).",,,"200,000 (2003 E. Udayakumar).",2011,,"Kerala state: Palakkad district, Attapady and Walayar sub-districts; Tamil Nadu state: Coimbatore, Nilgiri, Periyar districts; Andhra Pradesh and Karnataka states.",Tamil Nadu,11.1511,76.783,7,7 (Shifting),,,"Dravidian, Southern, Tamil-Kannada, Tamil-Kodagu, Tamil-Malayalam, Tamil","Mele Nadu Irula (Malanadu, Southern Irula), Northern Irula (Kasaba, Kasava, Kasuba), Vette Kada Irula (Irula Pallar, Vettakada), Irula Urali, Attapady Irula, Walayar Irula (Urali Irula)","Dialects: Vette Kada 73% intelligibility of Mele Nadu; Northern Irula 83% of Mele Nadu; no intelligibility of Tamil [tam] (1993 Irula survey); Vette Kada 94% of Attapady; Walayar 84% of Attapady. (2004 Palakkad survey). Lexical similarity: 78%–86% between Mele Nadu dialect varieties, 67%–70% with Northern Irula, 64%–66% with Vette Kada, 47%–50% with Tamil [tam]. Attapady has 73%–75% with Mele Nadu and 85%–89% with Vette Kada. Walayar has 74%–79% with Attapady, 76% with Vette Kada, and 69% with Mele Nadu.",SOV; postpositions; nontonal.,All domains. Positive attitudes.,Many shifting to Kannada [kan]. Many shifting to Tamil [tam]. Also use Badaga [bfq]. Also use English [eng]. Also use Malayalam [mal].,Used as L2 by Attapady Kurumba [pkr].,"Literacy rate in L2: 20% among adults, 50% among younger generation.",,Dictionary. Grammar. Texts. Bible portions: 2001–2013.,,,"Malayalam script [Mlym], used in Kerala. Tamil script [Taml], used in Tamil Nadu.","Some people called Irula speak Tamil [tam] as mother tongue. Urali Irula (Periyar) is separate from both Betta Kurumba Urali [xub] and Urali [url] in Idukki District, Kerala. Two Urali Irula dialects in Periyar and Palakkad.","Traditional religion, Christian."
155,jda,Jad,Jad,,"Bhotia, Dzad, Rongba",IN,India,T,T,T,300,300,,,300 (Breton 1997).,,,,1997,,"Himachal Pradesh state: Kinnaur district; Uttarakhand state: Uttarkashi district, Harsil subdistrict, Jadang and Nilang villages in Jad Ganga gorges.",Uttarakhand,31.119,78.6352,6a,6a (Vigorous),,,"Sino-Tibetan, Tibeto-Burman, Western Tibeto-Burman, Bodish, Central Bodish, Central, Western",,Reportedly similar to Spiti Bhoti [spt].,Does not have pronominalization found in other languages of the area.,"Garhwali [gbm] learned together with Jad. Code switching and code mixing common. Uncertain whether stable bilingualism will continue or whether Jad will be replaced by Garhwali [gbm] or Hindi [hin]. Home, community. Used by all. Negative attitudes.",Also use Central Tibetan [bod]. Also use English [eng]. Also use Garhwali [gbm]. Also use Hindi [hin].,,Hindi used for all written communication.,,,,,,Some borrowing of vocabulary from Hindi [hin] and Garhwali [gbm].,Buddhist.
156,jna,Jangshung,Jangshung,,"Central Kinnauri, Jangiam, Jangrami, Thebarskad, Thebor, Thebör Skadd, Zangram, Zhang-Zhung",IN,India,T,T,T,1990,1990,,,"1,990 (1998 survey).",,,,1998,,"Himachal Pradesh state: Kinnaur district, Morang sub-district, Asrang, Jangi, and Lippa villages.",Himachal Pradesh,31.4248,78.5295,6b,6b* (Threatened),,,"Sino-Tibetan, Tibeto-Burman, Western Tibeto-Burman, Bodish, West Himalayish, Kinauri",,"Lexical similarity: 70% with Shumcho [scu], 65% with Sunam [ssk], 51% with Chitkuli Kinnauri [cik], 49% with Pahari Kinnauri [kjo].",,,Also use English [eng].,,,,,,,Unwritten [Qaax].,,"Traditional religion, Buddhist, Hindu."
157,jpn,Japanese,Japanese,日本語‎ (Nihongo),,IN,India,F,F,F,8200,8200,,,"8,200 in India (2023 census), based on nationality.",,,,2023,"125,563,320 (as L1: 123,657,820; as L2: 1,884,400)",,,,,xUn,Unestablished,,,Japonic,,,"SOV; agglutinative language; postpositions; demonstrative, numeral, adjective, possessive, relative clause, proper noun precedes noun head; adverb precedes verb; sentence final question particle; no articles; passives; tense and aspect; causatives; 15 consonants, 5 vowels, 3 diphthongs; non-tonal; pitch-accentuation pattern.",,,,,,Fully developed. Bible: 1883–2018.,,,"Braille script [Brai]. Han, Hiragana, and Katakana scripts [Jpan], primary usage. Latin script [Latn].",,
158,anq,Jarawa,Jarawa,,,IN,India,T,T,T,340,340,,,340 (Kumar 2012).,,"340 monolinguals (Kumar 2012). Monolingual group, with some language contact with Hindi [hin] (Kumar 2012).",,2010,,"Andaman and Nicobar Islands Union Territory: interior and south central Rutland Island; central and south interiors of South Andaman Island; Middle Andaman Island, west coast, 70 square km reserve.",Andaman and Nicobar Islands,12.106,92.6818,6a,6a (Vigorous),,,"Andamanese, South Andamanese",,Different from Önge [oon] and Sentinel [std].,,Used by all.,,,,,Grammar.,,,Unwritten [Qaax].,"Seminomadic, monolingual group starting to use some Hindi [hin] words (Kumar 2012).",Traditional religion.
159,jns,Jaunsari,Jaunsari,,"Jansauri, Jaunpuri, Jaunsauri, Pahari",IN,India,T,T,T,137000,137000,,,"137,000 (2011 census).",,,,2011,,"Himachal Pradesh state: Shimla district; Uttar Pradesh state: Saharanpur district; Uttarakhand state: Dehra Dun district, Kalsi, Tiuni, and Chakrata sub-district, Jaunsar-Bawar area.",Uttarakhand,30.5731,77.9205,6a,6a (Vigorous),,,"Indo-European, Indo-Iranian, Indo-Aryan, Intermediate Divisions, Western, Pahari, Western Pahari","Jaunsari, Jaunsari-Bawari","97% intelligibility between dialects. Perceived by some as a Garhwali [gbm] dialect; but users perceive Garhwali as distinct and report lack of intelligibility. Lexical similarity: 70%–77% between dialects, 63%–70% with Garhwali dialects [gbm], 64% with Kumaoni [kfy], 66% with Hindi [hin], 51%–64% with Sirmauri [srx].",,"Vigorous. Home, village, private prayer. Used by all. Positive attitudes.","Also use Hindi [hin], with proficiency higher among the educated.",Used as L2 by Gujari [gju].,Literacy rate in L2: 26%. Hindi preferred for education.,,Dictionary. Texts. Bible portions: 1895–2009.,,,"Devanagari script [Deva]. Latin script [Latn], no longer in use. Takri (Tankri, Takari) script [Takr], no longer in use.",A Scheduled Tribe.,Hindu.
160,jun,Juang,Juang,ଜୁଆଙ୍‌‎ (Juang),"Juango, Patra-Saara, Patua, Puttooas",IN,India,T,T,T,30400,30400,,,"30,400 (2011 census).",,No monolinguals.,,2011,,"Odisha state: north Angul, east Dhenkanal, south Keonjhar districts.",Odisha,21.1313,85.2981,5,5* (Developing),,,"Austro-Asiatic, Munda, South Munda, Kharia-Juang",Keonjhar-Pal,Not closely related to other languages. Lexical similarity: 20%–22% with Kharia [khr].,,Positive attitudes.,"Some also use Odia [ory], especially men and educated. Also use English [eng].",,Literacy rate in L2: 21% (2001 census).,,Dictionary. Texts. NT: 2016.,,,Oriya (Odia) script [Orya].,,Traditional religion.
161,juy,Juray,Juray,,,IN,India,T,T,T,25000,25000,,,"25,000 (Anderson and Gomango 2016).",,,,2016,,Odisha state.,Odisha,19.0757,84.1116,8a,8a (Moribund),,,"Austro-Asiatic, Munda, South Munda, Koraput Munda, Sora-Juray-Gorum, Sora-Juray",,Reportedly most similar to Sora [srb].,SOV.,"Home, community. Older adults only.",Many shifted to Odia [ory] (Anderson and Gomango 2016). Many shifted to Sora [srb] (Anderson and Gomango 2016).,,,,Texts. NT: 2020.,,,Oriya (Odia) script [Orya].,,Traditional religion.
162,kfr,Kacchi,Kacchi,કચ્છી‎ (Kacchi),"Cuchi, Cutch, Kachchhi, Kachchi, Kachi, Katch, Katchi, Kautchy, Kutchchi, Kutchie",IN,India,T,T,T,1030000,1030000,,,"1,030,000 in India (2011 census).",,,,2011,"1,270,600 (as L1: 1,265,360; as L2: 5,240)","Gujarat state: Rann of Kutch area; Andhra Pradesh, Assam, Karnataka, Kerala, Madhya Pradesh, Maharashtra, Odisha, Tamil Nadu, Uttar Pradesh states.",Gujarat,23.3471,69.7296,5,5* (Developing),,,"Indo-European, Indo-Iranian, Indo-Aryan, Outer Languages, Northwestern, Sindhi",Jadeji,Reportedly similar to Sindhi [snd].,,,Most also use Gujarati [guj]. Also use English [eng].,,,,Radio. Grammar. NT: 2013.,,,Devanagari script [Deva]. Gujarati script [Gujr].,,"Hindu, Muslim."
163,xac,Kachari,Kachari,,"Cachari, Plains Kachari",IN,India,T,T,T,16000,16000,,,"16,000 (2011 census).",,,,2011,,"Assam state: north Cachar district, Cachar hills; Nagaland state: Kohima district; Dimapur district, Dhansiri sub-district. 16 villages.",Assam,25.4007,93.296,6b,6b (Threatened),,,"Sino-Tibetan, Tibeto-Burman, Sal, Boro-Garo, Boro-Tiwa, Boro",,,,"Some ethnic Kachari speak it as L1. Most speak Assamese [asm] as L1. Rapidly assimilating to Bengali [ben] or Assamese [asm] (Van Driem 2007). Some young people, all adults.",Also use Assamese [asm]. Also use English [eng].,,Literacy rate in L2: 81% in Assam (2001 census).,,,,,,A Scheduled Tribe.,
164,kej,Kadar,Kadar,,"Kada, Kadir",IN,India,T,T,T,1960,1960,,,"1,960 (2004 SIL), decreasing.",,,,2004,,"Kerala state: Thrissur district; Palakkad district, Chittoor sub-district; Tamil Nadu state: Coimbatore district.",Kerala,10.573,76.841,6b,6b (Threatened),,,"Dravidian, Southern, Tamil-Kannada, Tamil-Kodagu, Tamil-Malayalam, Malayalam",,"Phonology related to Tamil [tam] and vocabulary related to Malayalam [mal] (Menon 1996). Lexical similarity: 56%–62% with Tamil [tam], 62%–65% with Malayalam [mal], 67% with Mala Malasar [ima], 61%–63 % with Kanikkaran [kev].",,"Some language shift to Malayalam [mal] observed in Kerala. Home, village, religious services. Some young people, all adults.",Also use English [eng]. Also use Malayalam [mal]. Also use Tamil [tam].,,"Literacy rate in L2: 51% in Kerala, 56% in Tamil Nadu (2001 census).",,Grammar.,,,Unwritten [Qaax].,"3 groups named Kadar in Kerala and Tamil Nadu. The Kadar who use the Kadar language live primarily Palakkad and Thrissur hills, and Coimbatore. A second group lives in Wayanad District and use Malayalam [mal]. A third Kadar (Kadir) group is in Tamil Nadu, Triuchirapalli and Tanjavur districts. They have nothing in common with Western Ghats Kadar. Seen as less developed than other tribes of Chittoor.","Hindu, traditional religion."
165,kep,Kaikadi,Kaikadi,,"Kaikadia, Kaikai, Kokadi",IN,India,T,T,T,25900,25900,,,"25,900 (2011 census).",,,,2011,,Madhya Pradesh state: Betul district; Maharashtra state: Amravati district.,Maharashtra,21.2758,78.267,6a,6a* (Vigorous),,,"Dravidian, Southern, Tamil-Kannada, Tamil-Kodagu, Tamil-Malayalam, Tamil",,,,,Also use English [eng].,,,,,,,,Nomadic.,"Traditional religion, Hindu."
166,wkl,Kalanadi,Kalanadi,,,IN,India,T,T,T,750,750,,,750 (2004 survey).,,,,2004,,"Kerala state: Wayanad district, southwest.",Kerala,11.6025,76.1225,6b,6b* (Threatened),,,"Dravidian, Southern",,"Lexical similarity: 75% with Malayalam [mal], 74% with Paniya [pcg], 72%–75% with Wayanad Kurichiya [kfh], 79%–83% with Mullu Kurumba [kpb], 88% with Pathiya [pty], 81% with Kunduvadi [wku].",,"Continued vitality doubtful, due to small population, no separate settlements, living with Malayalis, and similarity to Malayalam [mal]. Home.",Also use English [eng]. Also use Malayalam [mal].,,Younger generation reportedly literate in Malayalam [mal].,,,,,Unwritten [Qaax].,Common cultural origin with Kunduvadiyar and Pathiyar.,Hindu.
167,keq,Kamar,Kamar,,,IN,India,T,T,T,40000,40000,,,"40,000 (2003 BI).",,,,2003,,Chhattisgarh state: Raipur district; Madhya Pradesh state: Rewa district; Maharashtra state.,Chhattisgarh,20.6756,81.7375,6a,6a* (Vigorous),,,"Indo-European, Indo-Iranian, Indo-Aryan, Intermediate Divisions, Eastern, East Central",,"Lexical similarity: 68%–72% with Bhunjia [bhu], 66%–69% with Chhattisgarhi [hne], 68% with Oriya [ory], 61% with Hindi [hin], 27% with Telugu [tel].",,Chhattisgarhi [hne] used among themselves and Hindi [hin] with others (Singh 1994b).,Also use English [eng].,,,,,,,,A Scheduled Tribe. No relationship between the Kamar caste of iron workers in Bengal and Chota Nagpur and this ethnic group.,"Traditional religion, Hindu."
168,rkt,Kamtapuri,Kamtapuri,রংপুরী‎ (Rangpuri),"Deshi Bhasa, Goalparia, Kamata, Kamta, Koch Rajbanshi, Rajbangsi, Rajbanshi, Rajbansi, Rajbongshi",IN,India,F,T,T,476000,476000,,,"476,000 in India (2011 census).",,,,2011,"10,801,000 (as L1: 10,476,000; as L2: 325,000)","West Bengal state: Darjeeling, Koch Bihar, Jalpaiguri, and Uttar Dinajpur districts; Assam state: Dhubri and Kokrajhar districts.",West Bengal,,,5,5 (Developing),,,"Indo-European, Indo-Iranian, Indo-Aryan, Outer Languages, Eastern, Bengali-Assamese",,,,Strong vitality in West Bengal and parts of Assam near Koch Bihar. Vitality weakens east of Dhubri in Assam. Those farthest east in Assam tend to prefer Assamese over their mother tongue. Used by all.,Also use Assamese [asm]. Bilingual ability increases with education. Also use Bengali [ben]. Also use English [eng].,,"Literacy rate in L2: 15%–20% men, lower for women (2007 Word For All).",,Literature. Radio. Dictionary. Grammar. Bible portions: 2008–2011.,,,Bengali (Bangla) script [Beng].,Strong language movement. Kamtapuri has become a symbol of community political aspirations.,"Hindu, traditional religion."
169,xns,Kanashi,Kanashi,,"Kanasi, Malani",IN,India,T,T,T,1400,1400,,,"1,400 (Chauhan 2002).",,,,2002,,"Himachal Pradesh state: Kullu district, Kullu sub-district, Bios valley glen, Malana (Malani) village area.",Himachal Pradesh,32.1936,77.1255,6b,6b* (Threatened),,,"Sino-Tibetan, Tibeto-Burman, Western Tibeto-Burman, Bodish, West Himalayish, Kinauri",,No intelligibility with any Tibeto-Burman languages of Lahul-Spiti and Kinnaur (Chauhan).,,,Also use English [eng]. Also use Hindi [hin].,,,,,,,Unwritten [Qaax].,Surrounded by Indo-Aryan languages. Malana village has the oldest surviving democracy in the world. They practice their own parliamentary form of government.,
170,bjj,Kanauji,Kanauji,देहाती‎ (Dehati),"Bhakha, Braj, Braj Kanauji, Dehati, Hindi, Kannauji",IN,India,T,T,T,6000000,6000000,,,"6,000,000 (Dwivedi and Kar 2016).",,,,2016,,"Uttar Pradesh state: Auraiya, Etawah, Farrukhabad, Hardoi, Kanpur, Pilibhit, Mainpuri, and Shahjahanpur districts.",Uttar Pradesh,26.9665,79.2835,6b,6b (Threatened),,,"Indo-European, Indo-Iranian, Indo-Aryan, Western Hindi, Unclassified","Kanauji Proper, Tirhari, Transitional Kanauji","Transitional Kanauji dialect is between Kanauji and Awadhi [awa]. Grierson and Konow call it a form of Braj Bhasha [bra]. The variety spoken in Kannauj and Farrukhabad is considered the pure form (Grierson and Konow 1903–1928). Lexical similarity: 84%–97% between all varieties of Kanauji, 72%–76% with Bundeli [bns], 70%–78% with Braj Bhasha [bra], 83%–94% with Hindi [hin].",,"Shifting to Hindi [hin]. In urban areas, almost replaced by Hindi [hin], while in rural areas, Kanauji is still functional (Dwivedi and Kar 2016). Various domains. Some young people, all adults. Negative attitudes.","Most also use Hindi [hin], the less-educated having lower proficiency. Also use English [eng].",,Literacy rate in L2: 60% (2001 census).,,NT: 1821.,,,Devanagari script [Deva].,"Kanauji may be only a name given by scholars. Language not commonly referred to as Kanauji. Very low identity. Regard their language as a variety of Hindi [hin]. However, a small local group is interested in promoting Kanauji before it dies out.","Hindu, Christian."
171,xnr,Kangri,Kangri,,"Kangra-Dogri, Pahari, Pahari Kangri",IN,India,T,T,T,1120000,1120000,,,"1,120,000 (2011 census).",,,,2011,,"Himachal Pradesh state: Hamirpur, Kangra, and Una districts; Punjab state: Gurdaspur and Hoshiarpur districts.",Himachal Pradesh,31.9165,76.2597,5,5 (Developing),,,"Indo-European, Indo-Iranian, Indo-Aryan, Intermediate Divisions, Western, Pahari, Western Pahari","Hamirpuri, Palampuri","Lexical similarity: Palampuri dialect; 90% with Bilaspuri [kfs] and Chambeali [cdh], 89% with Mandeali [mjl], 83% with Bhattiyali [bht], 80% with the MacLeod Ganj dialect of Gaddi [gbk].",,"Vigorous. Home, work, market. Used by all. Positive attitudes.","A few also use English [eng]. Also use Eastern Punjabi [pan]. Also use Hindi [hin], for communicating with outsiders. Also use Urdu [urd].",,Literacy rate in L2: 70%. Educators promote Kangri. Acceptability of other Pahari dialects is high.,,Literature. Radio. Grammar. NT: 2017.,,,"Devanagari script [Deva]. Takri (Tankri, Takari) script [Takr], no longer in use.",,Hindu.
172,kev,Kanikkaran,Kanikkaran,,"Kanikkar, Kannikan, Kannikaran, Kannikharan, Malampashi",IN,India,T,T,T,19000,19000,,,"19,000 (2007).",,,########,2007,,"Kerala state: Ernakulam, Koliam, Kozhikode, and Trivandrum districts, Nedumangadu and Neyyattinkara sub-districts; Tamil Nadu state: Kanniyakumari and Tirunelveli districts.",Kerala,8.6194,77.2257,6b,6b (Threatened),,,"Dravidian, Southern, Tamil-Kannada, Tamil-Kodagu, Tamil-Malayalam, Tamil",,"Lexical similarity: 71%–80% between Kanikkaran varieties in Kerala, 67%–71% between Kanikkaran in Kerala and Tamil Nadu, 66%–75% with Malayalam [mal], 59%–65% with Tamil [tam].",,"Almost all in Kerala are shifting to Malayalam [mal], but those in Tamil Nadu use L1. Some of all ages.",Also use English [eng]. Also use Malayalam [mal]. Also use Tamil [tam].,,"Literacy rate in L2: 71%–80% in Kerala, 59%–68% in Tamil Nadu (2001 census).",,Grammar.,,,,,"Traditional religion, Hindu."
173,kft,Kanjari,Kanjari,,"Kagari, Kangar Bhat, Kangri, Kanjri",IN,India,T,T,T,206000,91200,,"206,000 (2011 census), all users.","91,200 (1995).",,,,1995,,"Uttar Pradesh state: Aligarh, Etawah, Farrukhabad, Kheri, and Sitapur districts; Rajasthan state: Bhilwara, Chittorgarh, Bundi and Tonk districts; Bihar state: Madubani, Purnea and Saharsa districts; Maharashtra state: Pune, Satara, Kolhapur, Sangli, Thane, Bombay, Nasik districts; Madhya Pradesh state: Pune, Satara, Kolhapur, Sangli, Thane, Bombay, Nasik districts; New Delhi.",Uttar Pradesh,27.7586,78.9779,6a,6a* (Vigorous),,,"Indo-European, Indo-Iranian, Indo-Aryan, Unclassified",Kuchbandhi,May be in the Punjabi group.,,,"Some also use Hindi [hin], with outsiders and government officials.",,,,,,,,"Sometimes called a language of Roma who reportedly use certain linguistic means of disguising their language to make it unintelligible to outsiders. A Scheduled Caste who speak a dialect of Hindi [hin] in Uttar Pradesh, a dialect of Mewari [mtr] in Rajasthan, and Hindi in Bihar and Madhya Pradesh (Singh 1995b). Considered by some to be a pejorative name; no other name is used for the entire group (2019 G. Lovejoy).",
174,kan,Kannada,Kannada,ಕನ್ನಡ‎ (Kannaḍa),"Banglori, Canarese, Havyaka, Kanarese, “Madrassi” (pej.)",IN,India,T,T,T,58500000,43500000,15000000,"58,500,000 in India, all users.","43,500,000 in India (2011 census).","15,000,000 (2011 census).",,,2011,"58,706,690 (as L1: 43,697,430; as L2: 15,009,260)",Mainly Goa and Karnataka states; Andhra Pradesh state: Anantapur; Maharashtra state: Latur district; Tamil Nadu and Kerala states; small border areas of last 4 states.,Karnataka,14.6937,75.8109,2,2 (Provincial),"Statutory provincial language in Karnataka (1950, Constitution, Schedule VIII).",,"Dravidian, Southern, Tamil-Kannada, Kannada","Bellary, Bijapur, Gulbarga, Kumta, Aine Kuruba, Jeinu Kuruba, Nanjangud, Siddi",About 20 dialects; Badaga [bfq] may be one.,"SOV; postpositions; noun head final; gender (masculine/feminine/neuter); case-marking (7 cases); verb affixes mark person, number, gender of subject; tense and aspect; causatives; 22 consonants, 20 vowels, 2 diphthongs; non-tonal; light stress on first syllable.",,,"Used as L2 by Alu Kurumba [xua], Bellari [brw], Holiya [hoy], Irula [iru], Jennu Kurumba [xuj], Kannada Kurumba [kfi], Kodava [kfa], Kota [kfe], Kudiya [kfg], Lambadi [lmn], Mudu Koraga [vmd], Paniya [pcg], Ravula [yea], Tamil [tam], Tulu [tcy], Vaagri Booli [vaa].",Literacy rate in L1: 60%. Literacy rate in L2: 60%.,Taught in primary and secondary schools through grade 5 and as subject thereafter in Karnataka state.,Fully developed. Bible: 1831–2023.,,,"Braille script [Brai]. Kannada script [Knda], primary usage. Nandinagari script [Nand], no longer in use.",A Classical Language of India since 2008.,"Hindu, Muslim."
175,mjw,Karbi,Karbi,Arleng Alam,"Arleng, Karbi Karbak, Karbiarlong, Manchati, Nihang, Puta, “Mikir” (pej.), “Mikiri” (pej.), “Miquirés” (pej.), “Naga-Mikir” (pej.)",IN,India,T,T,T,529000,529000,,,"529,000 (2011 census).",,,,2011,,"Arunachal Pradesh state: Papumpare district, Balijan sub-district; Assam state: Cachar, Darrang, Karbi Anglong, Lakhimpur, Marigaon, Nagaon, and Sonitpur districts in Mikir and Rengma hills; Meghalaya state: Jaintia district; Nagaland state: Dimapur area foothills.",Assam,26.296,92.9394,5,5* (Developing),,,"Sino-Tibetan, Tibeto-Burman, Karbi","Chingthang (Jynthong), Mirlong, Rong Kethang (Rengkhang, Rongkhang)",Lexical similarity: 82%–96% between dialects.,,"Other groups speak Karbi as L1, including some Dimasa.","Also use Assamese [asm], among all age groups. Also use English [eng].",Used as L2 by Sakachep [sch].,Literacy rate in L2: 54% in Assam (2001 census).,,Literature. Radio. Dictionary. Grammar. Texts. Bible: 1952.,,,Latin script [Latn].,,"Hindu, Christian, traditional religion."
176,kas,Kashmiri,Kashmiri,"کٲشُر‎ (Koshur), कॉशुर‎ (Koshur)","Cashmeeree, Cashmiri, Kacmiri, Kaschemiri, Keshur, Koshur",IN,India,T,T,T,6897000,6770000,127000,"6,897,000 in India, all users.","6,770,000 in India (2011 census). 6,610,000 Kashmiri, 39,700 Kishtwari, and 125,000 Siraji (2011 census).","127,000 (2011 census).",,,2011,"7,174,610 (as L1: 7,046,800; as L2: 127,810)","Himachal Pradesh state: Chamba and Lahul Spiti districts in Kashmir valley; Jammu and Kashmir state: Anantag, Badgam, Bandipore, eastern Baramula and Kupwara, Doda, Ganderbal, Kargil, Kishtwar, Kulgam, west Leh, Ramban, and Shupian districts.",Jammu and Kashmir,34.3356,73.785,2,2 (Provincial),"Statutory language of provincial identity in Jammu and Kashmir (1950, Constitution, Schedule VIII).",,"Indo-European, Indo-Iranian, Indo-Aryan, Outer Languages, Northwestern, Dardic, Kashmiri","Bakawali, Bunjwali, Standard Kashmiri, Kishtwari (Kashtawari, Kashtwari, Kathiawari, Kistwali), Miraski, Rambani, Riasi, Shah-Mansuri, Siraji of Doda, Siraji-Kashmiri, Zayoli, Zirak-Boli, Poguli (Pogali, Pogli)","Transitional dialects to Punjabi [pan]. Kashtawari dialect is standard, other dialects are influenced by Dogri [dgo].","SVO; gender (masculine/feminine); case-marking (5 cases); verb affixes mark person, number, object; ergativity; tense and aspect; 23 consonant and 8 vowel phonemes.",,Most also use Urdu [urd] (Koul and Schmidt 1983). Some also use English [eng]. Also use Hindi [hin].,"Used as L2 by Bhadrawahi [bhd], Burushaski [bsk], Changthang [cna], Gujari [gju], Khah [hkh], Uyghur [uig].","Literacy rate in L1: 88% male; 12% female over 35 years of age (Koul and Schmidt 1983). Literacy rate in L2: 55% for Jammu and Kashmir (2001 census). 83% would prefer use of Kashmiri rather than Urdu as medium in primary school, 48% in middle school (Koul and Schmidt 1983).",Taught in primary and secondary schools through grade 5 and as subject thereafter in Jammu and Kashmir.,Literature. Newspapers. Radio. Videos. Dictionary. Grammar. Bible: 1899–2005.,,,"Arabic script, Naskh variant [Arab]. Arabic script, Nastaliq variant [Aran], primary usage. Devanagari script [Deva]. Latin script [Latn]. Sharada script [Shrd], no longer in use.",,"Muslim, Hindu, Sikh."
177,kfu,Katkari,Katkari,,"Katakari, Katari, Kathodi, Katvadi",IN,India,T,T,T,12000,12000,,,"12,000 (2007).",,,"294,000. Kathodi.",2007,,"Gujarat state: Bharuch, Dang, Surat, and Sabarkantha districts; Dadra and Nagar Haveli, Amboli and Dapada Panchayat areas; Maharashtra state: Raigad and Thane districts, Sahayadri Range foothills; Rajasthan state: Jhadol, Mubusha, Onga, and Samicha Parebati police station areas.",Maharashtra,19.0982,73.1975,6a,6a* (Vigorous),,,"Indo-European, Indo-Iranian, Indo-Aryan, Outer Languages, Southern, Konkani","Northern Katkari, Central Katkari, Southern Katkari","Referred to as a dialect of Marathi [mar]. 89%–96% intelligibility between dialects. Lexical similarity: 67%–75% with Marathi [mar], 77%–90% among dialects.",,"Vigorous. Home, community.",Also use English [eng]. Also use Marathi [mar].,,,,Dictionary. Grammar. Texts.,,,"Devanagari script [Deva], limited usage.","L1 in Maharashtra is Marathi [mar], in Dadra and Nagar Haveli is Kukna [kex], in Gujarat is a variety of Marathi [mar], in Rajasthan is Kathodi, a variety of Marathi [mar] (Singh 1994b:475–479).","Hindu, traditional religion."
178,hkh,Khah,Khah,Khah,"Banhali, Khahistani, Khash, Khasha, Khashali, Kohistani, Panchali, Parbati, Paristani",IN,India,T,T,T,20000,20000,,,"20,000 (2020 S. Sohil).",,,,2020,,"Jammu and Kashmir: Ramban district, Banihal, Gool, Khari, and Ramsu sub-districts; Doda, Jammu, Rajouri, Reasi, and Udampur districts.",Jammu and Kashmir,33.1424,75.1424,5,5 (Developing),,,"Indo-European, Indo-Iranian, Indo-Aryan, Intermediate Divisions, Western, Pahari, Western Pahari","Shirazi, Zundhari, Neeravi",,"SOV, SVO; postpositions; no articles; gender (masculine, feminine, neuter); nouns are inflected for gender, number and case; case-marking (4 cases: nominative, dative, ergative, vocative); tense and aspect; 33 consonants and 16 vowels (8 long, 8 short).","Home, community. Used by all.",Also use Dogri [dgo]. Also use English [eng]. Also use Kashmiri [kas]. Also use Urdu [urd].,,,,,,,"Arabic script, Naskh variant [Arab]. Devanagari script [Deva]. Latin script [Latn], informal use on social media.",,
179,klr,Khaling,Khaling,खा़ल ब्रा‎ (Khaael braa),"Khael Baat, Khael Bra, Khael Braa, Khalinge Rai",IN,India,F,F,T,,,,,,,,,,"29,270 (as L1: 18,870; as L2: 10,400)","Sikkim state: West and South districts, scattered; West Bengal state: Darjeeling district.",West Bengal,,,5,5* (Developing),,,"Sino-Tibetan, Tibeto-Burman, Western Tibeto-Burman, Himalayan, Kiranti, Western",,,"SOV; postpositions; adjectives, numerals, relatives before noun heads; content q-word initial; no noun classes or genders; 1 prefix, up to 2 suffixes; clause constituents indicated by case-marking; affixes indicate case of noun phrase; verbal affixation marks person and number of subject—obligatory; ergative; causatives; comparatives; passives and voice; CV, V, CCCV; nontonal; 23 consonant and 9 vowel phonemes.",,,,,,Literature. Radio. Dictionary. Texts. Bible: 2011.,,,Devanagari script [Deva].,,
180,kbg,Khamba,Khamba,,Khamba Khaadi,IN,India,T,T,T,780,780,,,780 (2011 census).,,,"2,000 (2019 NLCI).",2011,,"Arunachal Pradesh state: West Siang district, Singa sub-district, Mankota, Nuykkang, Nyering, Tashigong, and Yortung villages in Yang Sang Chu valley.",Arunachal Pradesh,28.7895,95.1788,6b,6b (Threatened),,,"Sino-Tibetan, Tibeto-Burman, Unclassified",,"Lexical similarity: 82% between Khamba varieties, 11%–14% with Tshangla (Memba) [tsj] (Joseph et al 2019).",,"Home, community. Some of all ages.","Most also use Hindi [hin], especially educated people. Also use Adi [adi]. Also use Idu-Mishmi [clk]. Also use Tshangla [tsj].",,,,,,,"Tibetan script [Tibt], Hingna style.",,Buddhist.
181,kht,Khamti,Khamti,လိꩱ့်တဲးၵမ်းတီ‎ (Tai Khamti),"Hkamti, Kham-Tai, Khampti, Khamti Shan, Khantis, Tai Kham Ti",IN,India,F,F,T,5000,5000,,,"5,000 in India (Bradley 2007a).",,,,2007,"13,000","Arunachal Pradesh state: Siang district, Namsai subdistrict, Barpathar, Chakham, Kheram, M. Pong, Man Khao, Memong, and Mime villages; Lohit district, Inten, Mahang, Mamareng, Nanam, Nathaw, and Ningro villages; Assam state: Lakimpur district, Barigaon, Barkhamti, Barpathar, Deotola, Sribhuyan, Tipling, and Tunijan villages; Dibrugarh district.",Assam,,,6b,6b* (Threatened),,,"Kra-Dai, Kam-Tai, Tai, Southwestern","Assam Khamti, North Burma Khamti, Sinkaling Khamti",,SOV; postpositional case-marking particle.,,Many also use Assamese [asm] (Bradley 2007a).,,Literacy rate in L2: 73% (2001 census).,,Literature. Dictionary. Grammar. Texts. NT: 2023.,,,Myanmar (Burmese) script [Mymr].,,Buddhist.
182,ksu,Khamyang,Khamyang,,"Khamiyang, Khamjang, Shyam, Tai Khamyang, Tai Nora",IN,India,T,T,T,50,50,,,50 (2003 S. Morey).,,,800 (1981).,2003,,"Assam state: Tinsukia district, Pawaimukh village.",Assam,27.5878,95.6438,8a,8a (Moribund),,,"Kra-Dai, Kam-Tai, Tai, Southwestern",,Reportedly similar to Phake [phk] of Assam and Shan [shn] of Myanmar. Lexical similarity: 64%–83% with Aiton [aio] and 48%–55% with Phake [phk].,,Older adults only.,Shifted to Assamese [asm].,,Literacy rate in L2: 58% in Assamese [asm] (1981 census).,,Literature.,,,Myanmar (Burmese) script [Mymr].,A Scheduled Tribe. Close affinity to the Khampti of Arunachal. Several thousand Assamese may use their ethnic group name.,Buddhist.
183,khn,Khandesi,Khandesi,खान्देशी‎ (Khandeshi),"Dhed Gujari, Khandeshi, Khandeshi Bhili, Khandish, Maharashtra Bhil",IN,India,T,T,T,459900,15900,444000,"459,900, all users.","15,900 (2011 census).","444,000 (2011 census).",,,2011,,"Gujarat state; Maharashtra state: Dhule district, Sakri sub-district; Nasik district, Satna sub-district; Nandurbar district, Nandurbar, and Shahada sub-districts.",Maharashtra,21.1912,74.3144,5,5* (Developing),,,"Indo-European, Indo-Iranian, Indo-Aryan, Intermediate Divisions, Western, Khandesi","Dangri, Kunbi (Kunbau), Rangari, Khandesi, Kotali Bhil",All varieties of Khandesi tested at 90% or higher intelligibility with each other. A group of Kukna in Dhule District speak Khandesi.,,Vigorous. A group of Kukna [kex] in Dhule District also use Khandesi. Positive attitudes.,Also use English [eng]. Also use Kukna [kex]. Also use Marathi [mar].,Used as L2 by Kukna [kex].,,,Grammar. Texts. NT: 2017.,,,Devanagari script [Deva].,,"Traditional religion, Christian, Hindu."
184,khr,Kharia,Kharia,Khaɽiyā,"Haria, Khadia, Khariya, Kharvi, Khatria, Kheria",IN,India,T,T,T,298000,298000,,,"298,000 in India (2011 census).",,,,2011,"3,01,230","Jharkhand state: Ranchi district, Khunti sub-district, Kolebira and Thethaitangar Anchal; Simdega sub-district; Bilaspur, Chhattisgarh, Durg, Jashpur, Raigarh, Raipur, East Singhbhum, and West Singhbhum districts; Odisha state: Mayurbhanj, Sambalpur, and Sundargarh districts; Andaman and Nicobar Islands, Assam, Tripura, West Bengal states. Dhelki dialect mainly in northwest Gangpur (Raigarh), Jashpur, and Sundargarh; Dudh dialect is in south Gangpur (Raigarh) Ranchi, and western Sambalpur.",Chhattisgarh,21.8428,81.7324,5,5* (Developing),,,"Austro-Asiatic, Munda, South Munda, Kharia-Juang","Dhelki Kharia, Dudh Kharia, Mirdha-Kharia",,,,Many also use Sadri [sck]. Also use Bengali [ben]. Also use English [eng]. Also use Hindi [hin]. Also use Odia [ory]. Also use Santhali [sat].,,Literacy rate in L2: 46% (1991 census).,,Literature. Radio. Dictionary. Grammar. Texts. NT: 1992.,,,Devanagari script [Deva]. Latin script [Latn].,"A Scheduled Tribe in Bihar, Madhya Pradesh, Odisha, West Bengal. A Scheduled Caste in Tripura.","Christian, Hindu."
185,ksy,Kharia Thar,Kharia Thar,,"Erenga, Kheria, Pahari, Sabar",IN,India,T,T,T,25000,25000,,,"25,000 (2007 SIL).",,,"25,500 (2007 SIL).",2007,,"Jharkhand state, East Singhbhum district, Chakulia, Dhalbhumgarh, Dumaria, Ghatsila, Musabani and Potka blocks; a few in West Singhbhum district; West Bengal state: Bankura district, Indpur, Raipur, and Ranibandh blocks; Purulia district, Balrampur, Barabazar, Bundwan, Hura, Manbazar, Puncha, and Purulia Muffasil blocks; West Medinipur district, Binpur block.",West Bengal,23.3169,86.9194,6a,6a* (Vigorous),,,"Indo-European, Indo-Iranian, Indo-Aryan, Outer Languages, Eastern, Bengali-Assamese",,"A Western subdialect of Bengali [ben] (Grierson and Konow 1903–1928). Lexical similarity: 57%–90% among varieties of Kharia Thar, 53%–63% with Bengali [ben], 51%–67% with Odia [ory], 57%–75% with Lodhi [lbm].",,"Spoken by some Hill Kharia. Ethnic Hill Kharia in Odisha speak Odia [ory] as L1. Many in Jharkhand and West Bengal speak Bengali [ben] as L1. Home, village, private prayer.","Most also use Bengali [ben], in outside domains. Also use English [eng]. Also use Hindi [hin]. Also use Odia [ory]. Also use Santhali [sat].",,,,,,,,,Traditional religion.
186,kha,Khasi,Khasi,Khasi,"Kahasi, Kassi, Khasa, Khashi, Khasiyas, Khuchia",IN,India,T,T,T,1050000,1050000,,,"1,050,000 in India (2011 census).",,,,2011,,"Assam state: Cachar, Kamrup, Lakhimpur, Nagaon, and North Cachar Hills districts; Meghalaya state: Jaintia Hills, and East and West Khasi Hills districts; Manipur, Tripura, and West Bengal states.",Meghalaya,25.4458,91.4415,2,2 (Provincial),"Statutory provincial language in Meghalaya State (1950, Constitution, Articles 345–347 inclusive), unscheduled language.",,"Austro-Asiatic, Mon-Khmer, Northern Mon-Khmer, Khasian","Bhoi-Khasi, Khasi (Cherrapunji, Sohra), Khynrium, War","Bhoi Khasi in East Khasi Hills, Nongpoh block, and Nonglung in East Khasi Hills, Umksning block are very different from standard Khasi, with different word order. Many varieties have only partial mutual inherent intelligibility. War dialect is separate from War-Jaintia [aml]. Cherrapunji (Sohra) is the standard. Lexical similarity: 75% between War dialect and standard Khasi.",SVO.,"Government, courts, mass media in Meghalaya.",,"Used as L2 by Biate [biu], Sakachep [sch], War-Jaintia [aml].",Literacy rate in L2: 63% in Meghalaya (2001 census).,Taught in primary and secondary schools through grade 5 and as subject thereafter in Meghalaya state.,Literature. Radio. TV. Dictionary. Grammar. Bible: 1891–2016.,,,"Bengali (Bangla) script [Beng], no longer in use. Latin script [Latn], used since about 1842.",,"Christian, Hindu, Muslim."
187,kwx,Khirwar,Khirwar,,"Kalari, Kharwâr, Kherwari, Khirwara",IN,India,T,T,T,25800,25800,,,"25,800 (2011 census). Census uses Kalari as the name.",,,,2011,,"Chhattisgarh state: Surguja district, at Madhya Pradesh and Uttar Pradesh borders.",Madhya Pradesh,24.0113,82.1732,6a,6a* (Vigorous),,,"Dravidian, South-Central, Gondi-Kui, Gondi",,,,,Also use English [eng].,,,,,,,,Khirwar is a subgroup of the Gonds.,"Hindu, traditional religion."
188,khw,Khowar,Khowar,کھووار‎ (Khowar),,IN,India,F,F,T,19200,19200,,,"19,200 in India (2000).",,,,2000,"5,69,200",Jammu and Kashmir state.,Jammu and Kashmir,,,5,5* (Dispersed),,,"Indo-European, Indo-Iranian, Indo-Aryan, Outer Languages, Northwestern, Dardic, Chitral",,,SOV.,,,,,,Newspapers. Radio. Dictionary.,,,"Arabic script, Naskh variant [Arab]. Arabic script, Nastaliq variant [Aran], primary usage.",,Muslim.
189,kfk,Kinnauri,Kinnauri,किन्नौरी‎ (Kinnauri),"Kanauri, Kanaury Anuskad, Kanawari, Kanawi, Kanoreunu Skad, Kanorin Skad, Kanorug Skadd, Kinnaura Yanuskad, Kinner, Kinori, Koonawure, Kunawari, Kunawur, Lower Kinnauri, Malhesti, Milchan, Milchanang, Milchang, Tibas Skad",IN,India,T,T,T,98600,83600,15000,"98,600, all users.","83,600 (2011 census).",########,,,2011,,"Himachal Pradesh state: Kinnaur and Lahaul Spiti districts, Chauhra to Sangla and north along Satluj river to Morang, upper Ropa river valley villages; Rampur and Shimla area; Kashmir, Punjab, and Uttar Pradesh states.",Himachal Pradesh,31.7534,78.0785,6b,6b (Threatened),,,"Sino-Tibetan, Tibeto-Burman, Western Tibeto-Burman, Bodish, West Himalayish, Kinauri",,"Dialect at Nichar has 79% inherent intelligibility of Sangla. Other varieties have functional intelligibility of each other. Related languages: Kanashi [xns], Chitkuli Kinnauri [cik], and Jangshung Tukpa [jna]. Lexical similarity: 76%–90% among varieties.",SOV.,"Home. Some young people, all adults. Positive attitudes.",Most also use Hindi [hin] (Negi 2012).,Used as L2 by Chitkuli Kinnauri [cik].,"Literacy rate in L2: 37%: men 52%, women 22%.",,Dictionary. Grammar. NT: 2017.,,,"Devanagari script [Deva]. Takri (Tankri, Takari) script [Takr], no longer in use.",,"Hindu, Buddhist, traditional religion."
190,nes,"Kinnauri, Bhoti",Bhoti Kinnauri,,"Bhōṭiā of Upper Kanawar, Bhotea of Upper Kinnauri, Bod-Skad, Bod-skad, Bud-Kat, Bud-kat, Khunu-Töt, Mnyam, Mnyamskad, Myamkat, Myamskad, Nyamkad, Nyamkat, Nyamskad, Puh, Sangs-Rgyas, Sangyas",IN,India,T,T,T,6790,6790,,,"6,790 (2000 USCWM).",,,,2000,,"Himachal Pradesh state: Kinnaur district, Morang sub-district, Nesang village in upper Kinnauri Sutlej river basin; Puh sub-district, Puh village; possibly Charang and Kuno villages.",Himachal Pradesh,31.5161,78.5725,6b,6b* (Threatened),,,"Sino-Tibetan, Tibeto-Burman, Western Tibeto-Burman, Bodish, West Himalayish, Kinauri","Kuno-Charang, Nàvakat (Nako), Nesang, Pooh-Namgya","May be more than 1 language. Lexical similarity: 71% with Chhoyul Kinnauri [tpq], 63% with Mane village, 59% with Darcha village, 54% with Tibetan [bod].",,,Also use English [eng].,,,,,,,Unwritten [Qaax].,A Scheduled Tribe.,"Traditional religion, Buddhist, Hindu."
191,tpq,"Kinnauri, Chhoyul",Chhoyul Kinnauri,,"Nesang, Nyam-Kad, Nyam-kat, Nyamkad, Tukpa",IN,India,T,T,T,610,610,,,610 (2000).,,,,2000,,"Himachal Pradesh state: Kinnaur district, Charang, Kunnu, and Nesang villages.",Himachal Pradesh,31.4456,78.1424,6b,6b* (Threatened),,,"Sino-Tibetan, Tibeto-Burman, Western Tibeto-Burman, Bodish, West Himalayish, Kinauri",,"May be the same language as Bhoti Kinnauri [nes] (2020 H. Negi). Lexical similarity: 71% with Bhoti Kinnauri [nes], 30% with Gahri [bfu], 22% with Pattani [lae].",,,,,,,,,,Unwritten [Qaax].,,Buddhist.
192,cik,"Kinnauri, Chitkuli",Chitkuli Kinnauri,,"Chhitkul-Rakchham, Chitkhuli, Chitkuli, Kanauri, Kinnauri, Thebarskad, Tsitkhuli, Tsíhuli",IN,India,T,T,T,1400,1400,,,"1,400 (Martinez 2019).",,,"1,600 (2011 census).",2019,,"Himachal Pradesh state: Kinnaur district, Nichar subdistrict, Chhitkul and Rakchham villages in Sangla valley, Baspa river area.",Himachal Pradesh,31.3704,78.4158,6a,6a (Vigorous),,,"Sino-Tibetan, Tibeto-Burman, Western Tibeto-Burman, Bodish, West Himalayish, Kinauri",,"Lexical similarity: 46% with Kinnauri [kfk], 51% with Jangshung [jna], 43% with Shumcho [scu], 38% with Sunam [ssk].",,"Home, cultural events. Used by all.",All also use Hindi [hin] (Martinez 2019). Most also use Kinnauri [kfk] (Martinez 2019).,,,,,,,Unwritten [Qaax].,A Scheduled Tribe.,"Traditional religion, Buddhist, Hindu."
193,kjo,"Kinnauri, Pahari",Pahari Kinnauri,किनौरी पहाड़ी‎ (Kinauri Phaadei),"Boli, Chamang Boli, Himachali, Kinnauri Pahari, Lower Kinnauri, Oras Boli, Orasi, Ores, Pahari, Sonar Boli, “Harija” (pej.), “Harijan Boli” (pej.), “Harijan Kinnauri” (pej.)",IN,India,T,T,T,6330,6330,,,"6,330 (1998 survey).",,,,1998,,Himachal Pradesh state: throughout Kinnaur district.,Himachal Pradesh,31.5477,78.3428,5,5* (Developing),,,"Indo-European, Indo-Iranian, Indo-Aryan, Intermediate Divisions, Western, Pahari, Western Pahari",,,,,,,,,Bible portions: 2017.,,,Devanagari script [Deva].,Spoken by Scheduled Castes throughout Kinnaur District.,
194,xis,Kisan,Kisan,,"Birhor, Koda, Kola, Kora, Kuda, Kunha, Kunhar, Kunhu, Kunna, Kunrukh, Kunuk, Mirdha, Morva, Nagesia, Nageswar",IN,India,T,T,T,206000,206000,,,"206,000 (2011 census).",,,,2011,,Jharkhand state: Palamu district; Odisha state: Sambalpur and Sundargarh districts; West Bengal state: Darjeeling and Jalpaiguri districts.,Odisha,21.8797,84.4149,5,5 (Developing),,,"Dravidian, Northern",,,,Home. Used by all.,Also use English [eng]. Also use Odia [ory].,,Literacy rate in L1: 17% (1981 census). Materials for multilingual education have been prepared in Kisan.,"Taught in primary schools, in 20 schools in Sambalpur district.",Bible portions: 2018.,,,Oriya (Odia) script [Orya].,,
195,kdq,Koch,Koch,,"Koc, Kocch, Koce, Kocha, Kochboli, Konch",IN,India,T,T,T,36400,36400,,,"36,400 in India (2011 census), increasing.",,No monolinguals.,,2011,"50,100","Assam state: Goalpara and Nagaon districts; Meghalaya state: West Garo Hills district; Bihar, Tripura, and West Bengal states.",Meghalaya,25.8697,90.3218,6a,6a (Vigorous),,,"Sino-Tibetan, Tibeto-Burman, Sal, Boro-Garo, Koch","Harigaya, Margan (Dasgaya), Tintekiya, Wanang","Tintekiya in Meghalaya is intelligible with same dialect in Bangladesh; Tintekiya not intelligible with other Koch dialects; Koch-Rabha and Harigaya are mutually intelligible with Wanang; Dasgaya and Harigaya are mutually intelligible; these form a dialect chain (Koch-Rabha-Wanang-Harigaya-Dasgaya-Tintekiya). Lexical similarity: 90% between Tintekiya Koch of India and Bangladesh; Tintekiya: 44%–55% with other Koch dialects; Kock: 31%–39% with Rongdani Rabha [rah], 13%–17% with Garo [grt]. Lexical borrowing is heavier when it comes to high register vocabulary; Koch has borrowed words from Bangla [ben], Assamese [asm] and Hajong [haj].",,"Vigorous. Non-Koch in Koch villages normally speak Koch. Only 6 of the 8 endogamous groups still speak their mother tongue: Tintekiya, Wanang, Harigaya, Dasgaya, Chapra, and Koch-Rabha. Sankar and Satpariya have no known speakers. All domains. Used by all. Positive attitudes.",Also use Assamese [asm]. Also use Bengali [ben]. Also use Boro [brx]. Also use English [eng]. Also use Garo [grt]. Also use Hajong [haj]. Also use Hindi [hin]. Also use Nepali [npi]. Also use Rabha [rah].,,"Literacy rate in L2: Approximately 75% in any of the following languages: Assamese [asm], Bangla [ben], Garo [grt], English [eng], Hindi [hin], Rabha [rah], or Bodo [brx]. Show a growing interest toward education (Singh 1994b).",,Literature. Dictionary.,,,Bengali (Bangla) script [Beng].,Koch-Rabha belongs to Koch linguistically and ethnically but claims identity with the Rabha for political reasons.,"Traditional religion, Christian, Hindu."
196,cdz,Koda,Koda,,"Kaora, Kora, Korali, Korati, Kore, Mudi, Mudikora",IN,India,T,T,T,47300,47300,,,"47,300 in India (2011 census).",,,,2011,"48,600",Bihar state; West Bengal state: Bankura and Bardhaman districts.,West Bengal,23.8031,87.627,6a,6a* (Vigorous),,,"Austro-Asiatic, Munda, North Munda, Kherwari, Mundari",,"Lexical similarity: 49%–55% with Santhali [sat], 61%–67% with Mundari [unr], 57%–60% with Kol [ekl]; wordlist contained 19% Bengali [ben] words.",,,Also use English [eng]. Also use Sadri [sck].,,,,,,,Bengali (Bangla) script [Beng].,,
197,ksz,Kodaku,Kodaku,कोड़ाकु‎ (Kodaku),"Koraku, Korwa",IN,India,T,T,T,15700,15700,,,"15,700 (1991 census).",,,,1991,,Chhattisgarh state: Surguja district; Jharkhand state: Garhwa and Palamau districts; Uttar Pradesh state: Sonbhadra district.,Chhattisgarh,23.7627,83.4772,6b,6b* (Threatened),,,"Austro-Asiatic, Munda, North Munda, Kherwari",,"A subgroup of Korwa [kfp] (Parkin 1991). Lexical similarity: 82%–96% between varieties, 50%–70% with Korwa [kfp].",,Kodaku in Jharkhand shifting to a local variety of Sadri [sck]. Kodaku in Chhattisgarh retaining their mother tongue more. In Chhattisgarh most use Kodaku in home and village and it is used by children with each other.,Also use English [eng]. Also use Hindi [hin]. Also use Kurux [kru]. Also use Sadri [sck].,,Literacy rate in L1: 26% in Chhattisgarh (2001 census).,,NT: 2022.,,,Devanagari script [Deva].,Grouped with Korwa on Scheduled Tribes list in Chhattisgarh and Madhya Pradesh.,"Traditional religion, Christian, Hindu."
198,kfa,Kodava,Kodava,ಕೊಡವ‎ (Kodava),"Coorg, Coorgi Kodava, Kadagi, Khurgi, Kodagu, Kotagu, Kurja, Kurug",IN,India,T,T,T,114000,114000,,,"114,000 (2011 census).",,,"200,000. 100,000 in Kodagu District; 100,000 in Karnataka District and major cities.",2011,,"Karnataka state: Bengaluru (Bangalore), Dakshina Kannada (Mangalore), Kodagu (Coorg), and Mysuru (Mysore) districts. 50% live outside of Kodagu district in Karnataka state.",Karnataka,12.3265,75.8992,5,5* (Developing),,,"Dravidian, Southern, Tamil-Kannada, Tamil-Kodagu, Kodagu",,"Historically there were 2 dialects, north and south. More recently, migration, intermarriage, and ethnic resurgence have contributed towards a single dialect in Kodagu (2020 N. Samuvel). 66% intelligibility of Malappuram [pcg]. Lexical similarity: 72% with Malappuram Paniya [pcg].",,"Vigorous. L1 of Airi, Male-Kudiya, Meda, Kembatti, Kapal, Maringi, Heggade, Kavadi, Kolla, Thatta, Koleya, Koyava, Banna, Golla, Kanya, Ganiga, and Malaya. Home, community, religion.",Most also use Kannada [kan]. Many also use English [eng]. Also use Malayalam [mal].,Used as L2 by Kudiya [kfg].,Literacy rate in L2: More than 95% in Kannada [kan].,,Literature. Newspapers. Radio. TV. Videos. Dictionary. Grammar. NT: 2017.,,,Kannada script [Knda].,"A symbol of identity. ‘Kodagu’, situated to the west. Northern variety has emerged as standard and is used in Kodava literature (Rajyashree 2001).","Hindu, traditional religion."
199,nkd,Koireng,Koireng,,"Koirng, Kolren, Koren",IN,India,T,T,T,3000,3000,,,"3,000 (2002 Baptist Church Association).",,,,2002,,"Manipur state: Bishnupur district, 3 villages south of Moirang; Chandel district, 2 villages near Palel; Senapati district, Saikul and Kangpokpi subdistricts, 5 villages; Nagaland state.",Manipur,24.9402,93.9282,6a,6a (Vigorous),,,"Sino-Tibetan, Tibeto-Burman, Western Naga",,"Not intelligible with any related speech varieties (1991 P. Khasung). Lexical similarity: 62%–68% with Aimol [aim], 60%–66% with Purum [pub], 64% with Kharam Naga [kfw].",,Purest Koireng spoken in Satu and Utonglo (2000 T. Shiekshel). Used by all. Children mix Meitei [mni] in with L1.,"Some also use Kom [kmm]. Also use English [eng], especially young people. Also use Meitei [mni].",,"Literacy rate in L2: 70%–80%. Older adults read Meitei, the young read English.",,Literature. Bible portions: 2018.,,,Latin script [Latn].,Different from Liangmai Naga (Quoireng) [njn]. Assigned under 3 different Naga groups politically.,"Christian, traditional religion."
200,trp,Kok Borok,Kok Borok,"Kok Borok, ককবরক‎ (Kok borok)","Hill Tippera, Kakbarak, Kohkborohk, Kokbarak, Kokborok, Tipura, Tripura, Tripuri, Usipi Mrung",IN,India,T,T,T,953000,953000,,,"953,000 in India (2011 census).",,,,2011,"9,58,000",Assam and Tripura states.,Tripura,23.6213,91.5858,4,4 (Educational),"Statutory language of provincial identity in Tripura State (1964, Official Languages Act No. 19 (as amended)), not a Schedule VIII language.",,"Sino-Tibetan, Tibeto-Burman, Sal, Boro-Garo, Dimasa-Kokborok, Kok Borok","Jamatia, Noatia (Tipra), Debbarma","Debbarma is spoken by the royal family and is medium of communication with the other dialects; understood by all, but not vice versa.",,,Also use Assamese [asm]. Also use Bengali [ben]. Also use English [eng].,,Literacy rate in L1: 74% (2001 census).,Taught as subject in primary and secondary schools from grade 6. Taught as subject at 2 universities.,Literature. Newspapers. Radio. Dictionary. Grammar. Bible: 1998.,,,Bengali (Bangla) script [Beng]. Latin script [Latn].,,"Hindu, Christian."
201,kfb,"Kolami, Northwestern",Northwestern Kolami,कोलामी‎ (Kolami),"Kolam, Kolamboli, Kolami, Kolamy, Kolmi, Kulme",IN,India,T,T,T,128000,128000,,,"128,000 (2011 census).",,,,2011,,"Maharashtra state: Nanded, Wardha, and Yavatmal districts; Andhra Pradesh and Madhya Pradesh states.",Maharashtra,20.0626,78.0913,5,5* (Developing),,,"Dravidian, Central, Kolami-Naiki","Madka-Kinwat, Pulgaon, Wani, Maregaon","Northwestern [kfb] and Southeastern Kolami [nit] not inherently intelligible. Neither is intelligible of Bodo Parja [bdv], Gadaba [gau], or Pottangi Ollar Gadaba [gdb]. Lexical similarity: 61%–68% with Southeastern Kolami [nit].",,"Home, community.","Also use English [eng]. Also use Marathi [mar], but with limited proficiency. Also use Northern Gondi [gno]. Also use Telugu [tel].",,Literacy rate in L1: 4%.,,Dictionary. Grammar. Texts. NT: 2006.,,,Devanagari script [Deva].,,"Traditional religion, Hindu."
202,nit,"Kolami, Southeastern",Southeastern Kolami,,,IN,India,T,T,T,10000,10000,,,"10,000 (1989 F. Blair). 1,500 speakers of Naiki (Van Driem 2007).",,,,1989,,Maharashtra state: Chandrapur and Nanded districts; Telangana state: Adilabad district.,Maharashtra,19.6762,78.5763,6b,6b* (Threatened),,,"Dravidian, Central, Kolami-Naiki","Metla-Kinwat, Utnur, Asifabad, Naiki","Not intelligible with Northwestern Kolami [kfb]. Rao (1950) reports another dialect in Chinnoor and Sirpur taluks of Adilabad District. The Naiki dialect is different from Naikri (Zvelebil 1970:13). Lexical similarity: 85%–88% with Naiki and other Southeastern Kolami dialects, 83% with the Metla-Kinwat and Utnur, 86% with Asifabad and Utnur, 60%–74% with Northwestern Kolami [kfb].",,,Also use English [eng].,,Literacy rate in L2: Low.,,NT: 2022.,,,Telugu script [Telu].,,
203,gjk,"Koli, Kachi",Kachi Koli,گجراتی کچی کوہلی‎ (Gujarati Kuchi Kohli),"Bajania, Kachi, Kachi Gujarati, Katchi, Kohli, Kolhi, Koli, Kori, Kuchi, Kuchikoli, Vagari, Vagaria, Vaghri",IN,India,F,F,T,400000,400000,,,"400,000 in India (1998). 100,000 Kachi Koli, 250,000 Rabari, 50,000 or more Vagri Meghwar, Katai Meghwar, and Zalavaria Koli.",,,,1998,"5,36,000","Gujarat state: Kachchh district, Rann, centered in Bhuj area.",Gujarat,,,5,5* (Developing),,,"Indo-European, Indo-Iranian, Indo-Aryan, Intermediate Divisions, Western, Gujarati","Kachi, Rabari (Rahabari), Kachi Bhil, Vagri (Kachi Meghwar), Katai Meghwar, Zalavaria Koli",,,,,,,,Grammar. NT: 2002.,,,"Arabic script, Naskh variant [Arab]. Gujarati script [Gujr], used by older people.",,Hindu.
204,kxp,"Koli, Wadiyari",Wadiyari Koli,"Wadiyari, Wadiyari Koli","Wadaria, Wadhiara, Wadiyara, Wadiyara Koli",IN,India,T,T,T,404000,404000,,,"404,000 in India (2000).",,,,2000,"5,90,000",Gujarat state: Wadhyar town area.,Gujarat,23.9996,69.2461,5,5* (Developing),,,"Indo-European, Indo-Iranian, Indo-Aryan, Intermediate Divisions, Western, Gujarati",Tharadari Koli,"Mewasi and Wadiyari are almost the same linguistically and are converging as a caste. Dialects listed are distinct sociolinguistic endogamous ethnic groups. Lexical similarity: 83% with Parkari Koli [kvx], 78% with Vaghri [vgr], 76% with Kachi Koli [gjk].","38 consonants, 13 vowels and 7 diphthongs; stress on first syllable.",,Also use English [eng].,,,,NT: 2017.,,,"Arabic script, Naskh variant [Arab]. Gujarati script [Gujr].",,
205,kmm,Kom,Kom,Kom-tong,Kom Rem,IN,India,T,T,T,15100,15100,,,"15,100 (2011 census).",,,,2011,,"Manipur state: Churachandpur, Seanapati, and Tamenglong districts, 22 villages.",Manipur,24.4641,93.7574,5,5* (Developing),,,"Sino-Tibetan, Tibeto-Burman, Kuki-Chin, Northwestern",Kolhreng,Kolhreng may be a distinct language.,,"Aimol [aim], Koireng [nkd], and Chiru [cdf] speakers also understand Kom.",Also use English [eng]. Also use Meitei [mni].,Used as L2 by Koireng [nkd].,Literacy rate in L2: 64% (2001 census).,,Newspapers. Dictionary. Grammar. Bible: 1996.,,,Latin script [Latn].,,Christian.
206,kfc,Konda-Dora,Konda-Dora,కొండ‎ (Konda),"Konda, Kubi, Porja",IN,India,T,T,T,60700,60700,,,"60,700 (2011 census).",,,,2011,,"Andhra Pradesh state: East Godavari, Srikakulam, and Vizianagaram districts (Konda-Dora); Odisha state: Koraput district (Kubi); Assam state.",Andhra Pradesh,18.6568,83.495,5,5* (Developing),,,"Dravidian, South-Central, Gondi-Kui, Konda-Kui, Konda","Konda-Dora (Konda), Kubi","Konda and Kubi dialects mutually inherently intelligible. Lexical similarity: 83% between Konda-Dora and Kubi dialect, 28%–36% with Telugu [tel].",,Many ethnic Porja have adopted Telugu [tel] as L1.,Also use English [eng]. Also use Odia [ory].,,"Literacy rate in L2: 35%–44% for Vizianagaram, Srikakulam and E. Godavari districts; 29% among Kubi in Odisha (2001 census).",,Grammar. Texts. NT: 2006–2020.,,,Telugu script [Telu].,"The Porja are well established as two groups: the Pedda Kondalu and Chinna Kondalu. The Pedda Kondalu retain most of their traditional culture; however, the Chinna Kondalu have been heavily influenced by the Telugu [tel].",Traditional religion.
207,knn,Konkani,Konkani,कोंकणी‎ (Konknni),"Amchigela, Central Konkan, Concorinum, Cugani, Kathodi, Katvadi, Konkan Standard, Konkanese, Konkani Mangalorean, Kunabi, North Konkan",IN,India,T,T,T,2428000,2190000,238000,"2,428,000 in India, all users.","2,190,000 in India (2011 census). 2,150,000 Konkani, 17,200 Kudumbi, and 23,600 Malwani (2011 census).","238,000 (2011 census).",,,2011,"2,456,200 (as L1: 2,214,480; as L2: 241,720)","Gujarat state: Valsad district; Dadra and Nagar Haveli; Maharashtra state: Raigad, Ratnagiri, Sindhudung, and Thane districts; probably in Mumbai.",Maharashtra,19.7917,73.0385,2,2 (Provincial),"Statutory provincial language in Goa State (1950, Constitution, Schedule VIII), amended 1992.",,"Indo-European, Indo-Iranian, Indo-Aryan, Outer Languages, Southern, Konkani","Agri, Parabhi (Damani, Kayasthi), Koli, Kiristav, Dhangari (Dhanagari), Bhandari, Thakri (Thakari, Thakua, Thakura, Thakuri), Karhadi, Sangameshwari (Sangamesvari), Maoli (Ghati), Mahari (Dhed, Holia, Parvari), Chitpavani (Chitapavani), Malvani (Malwani), Kudumbi (Kudubi), Kudali, Bankoti (Bakoti), Bardeshi, Bicholi, Sashti, Cancona, Antruzi, Kunbi, Karwari, Siddi, Nawayathi, Kodiyali","Dialects closely related; Chitapavani recognized as standard Konkani. Local fishermen use the Koli dialect (Hukkeri). Related to Katkari [kfu] (dialects: Kathodi, Katvadi), Varli [vav], Phudagi [phd], Samvedi [smv], Mangelas.",,,,Used as L2 by Goan Konkani [gom].,,Taught in primary and secondary schools through grade 5 and as subject thereafter in Goa state.,Literature. Newspapers. Radio. Videos. Dictionary. Grammar. Bible: 1997.,,,"Devanagari script [Deva], primary usage. Kannada script [Knda], no longer in use. Latin script [Latn], no longer in use.",,Hindu.
208,gom,"Konkani, Goan",Goan Konkani,"Konknni, कोंकणी‎ (Konknni)","Goan, Goanese Konkani, Gomataki, Konkani, Southern Kanara, “Goanese” (pej.)",IN,India,T,T,T,3630000,3630000,,,"3,630,000 in India (2000).",,,,2000,"37,27,900","Maharashtra state: Ratnagari district, south coast strip; Goa, Karnataka, and Kerala states.",Karnataka,14.9793,74.2847,5,5* (Developing),,,"Indo-European, Indo-Iranian, Indo-Aryan, Outer Languages, Southern, Konkani","Bardeskari (Gomantaki), Sarasvat Brahmin, Chitpavani (Konkanasths), Daldi (Nawaits), Kudali (Malvani), Mangalore Standard Konkani (Goan)",Daldi and Chitapavani [knn] are intermediate varieties between Goan Konkani [gom] and standard Konkani [knn].,,,Also use English [eng]. Also use Konkani [knn].,,,,Grammar. Bible: 2006.,,,"Devanagari script [Deva], official usage. Kannada script [Knda]. Latin script [Latn].",,Hindu.
209,kfd,"Koraga, Korra",Korra Koraga,,"Koragar, Koragara, Korangi, Korra",IN,India,T,T,T,14000,14000,,,"14,000 (2007 census).",,,,2007,,"Karnataka state: Dakshina Kannada, and Udupi districts; Kerala state: Kannur, and Kasargod districts; possibly Tamil Nadu state.",Karnataka,12.7454,75.1945,6b,6b (Threatened),,,"Dravidian, Southern, Tulu, Koraga","Ande, Onti, Tappu","Related to Tulu [tcy], Bellari [brw]. Not intelligible with Mudu Koraga [vmd], Tulu [tcy], or Kannada [kan]. Structural differences in phonology with Mudu Koraga. According to Bhat (1968), there are 4 dialects: Onti (spoken in Udupi), Tappu (in Hebri), Mudu (in Coondapur), Ande (in Mangalore).",,"Some young people, all adults.",Also use English [eng]. Also use Tulu [tcy].,,,,Grammar.,,,,,Hindu.
210,vmd,"Koraga, Mudu",Mudu Koraga,,Muudu,IN,India,T,T,T,1580,1580,,,"1,580 (2011 census).",,,,2011,,Kerala state: Kasaragod district.,Kerala,12.533,75.1477,6b,6b* (Threatened),,,"Dravidian, Southern, Tulu, Koraga",,"Distinct from Korra Koraga [kfd], Tulu [tcy], or Kannada [kan]. Structural differences in phonology with Korra Koraga.",,,Also use English [eng]. Also use Kannada [kan].,,,,,,,,,Hindu.
211,kor,Korean,Korean,"한국말‎ (Hanguk-mal), 한국어‎ (Hanguk-eo)",,IN,India,F,F,F,10700,10700,,,"10,700 in India (2021 Korean Ministry of Foreign Affairs), based on nationality.",,,,2021,"81,371,810 (as L1: 81,157,510; as L2: 214,300)",,,,,xUn,Unestablished,,,Koreanic,,,"SOV; Postpositions and particles used to indicate case, topic, subject, and object; Demonstrative, numeral, adjective, possessive, relative clause, and proper noun precede noun head; Adverb precedes verb; Sentence-final question particle; No articles; Passives; Marked for tense, aspect, and mood; 19 consonants and 10 vowels; No diphthongs; Non-tonal; Pitch-accent; Extensive use of honorifics and speech levels depending on formality and social hierarchy.",,,,,,Fully developed. Bible: 1911–1993.,,,"Braille script [Brai]. Hangul and Han scripts [Kore], primary usage. Latin script [Latn], used for maps and signs.",,
212,kfq,Korku,Korku,कोर्कू‎ (Korku),"Bondeya, Bopchi, Korki, Kuri, Kurku, Ramekhera",IN,India,T,T,T,727000,727000,,,"727,000 (2011 census).",,,,2011,,"Madhya Pradesh state: Betul district, Betul city area and north; Hoshangabad and East Nimar (Khandwa) districts; Maharashtra state: Akola, Amravati, and Buldana districts.",Madhya Pradesh,22.4111,78.2802,5,5* (Developing),,,"Austro-Asiatic, Munda, North Munda, Korku","Bouriya, Bondoy, Ruma (Kurku-Ruma), Mawasi (Muasi, Muwasi)",Dialects in northern Maharashtra and south central Madhya Pradesh constitute one language; 82% to 97% intelligibility among them; Bouriya most widely understood. Lexical similarity: 76%–82% with Laki Bouriya dialects.,,Positive attitudes.,Also use English [eng]. Also use Hindi [hin]. Also use Marathi [mar].,Used as L2 by Nihali [nll].,Literacy rate in L1: 1%–5%. Literacy program in some villages in Chikaldara field. 50 literates reported.,,Dictionary. Grammar. Texts. NT: 2018.,,,Devanagari script [Deva].,Different from Koraku [ksz].,"Traditional religion, Hindu."
213,vkp,Korlai Portuguese Creole,Korlai Portuguese Creole,Nou Ling,"Creole Portuguese, Kristi, Nɔ Ling, No Ling",IN,India,T,T,T,800,800,,,800 (Clements 2015).,,,,2015,,"Maharashtra state: Korlai, 200 km south of Mumbai on west coast.",Maharashtra,18.0755,73.0707,6a,6a* (Vigorous),,,"Creole, Portuguese based",,A blend of Portuguese [por] and Marathi [mar].,,L1 of Christian farming community in upper Korlai. Intense cultural pressure from surrounding Marathi-speaking [mar] population. Home.,"Also use English [eng]. Also use Marathi [mar], fluently with outsiders.",,,,Literature.,,,Devanagari script [Deva]. Latin script [Latn].,,Christian.
214,jkr,Koro,Koro,,Aka Koro,IN,India,T,T,T,1500,1500,,,"1,500 (2011).",,,,2011,,Arunachal Pradesh state: East Kameng district.,Arunachal Pradesh,27.3783,92.7911,6b,6b (Threatened),,,"Sino-Tibetan, Tibeto-Burman, Unclassified",,Lexical similarity: 9% with Hruso [hru]. Both are highly dissimilar to neighboring languages.,,"Home. Some young people, all adults.",,,,,,,,Unwritten [Qaax].,Part of the Aka ethnic group.,
215,kfp,Korwa,Korwa,कोड़वा‎ (Kodava),"Ernga, Erngga, Korowa, Singli",IN,India,T,T,T,28500,28500,,,"28,500 (2011 census).",,Few monolinguals.,,2011,,"Bihar state; Chhattisgarh state: Bilaspur, Jashpur, Korba, Raigarh, and Surguja districts; Jharkhand state: Gumla, Garhwa, and Palamau districts; Odisha state: Mayurbhanj and Sundargarh districts; Uttar Pradesh state: Mirzapur district; Andhra Pradesh, Maharashtra, and West Bengal states.",Chhattisgarh,23.2324,83.9658,6b,6b (Threatened),,,"Austro-Asiatic, Munda, North Munda, Kherwari, Mundari",Majhi-Korwa,"Lexical similarity: 71%–92% between dialects, 50%–70% with Kodaku [ksz], 26%–36% with local Sadri [sck] spoken by Dihari Korwa. Lexical similarity with Sadri (an Indo-Aryan language) shows noticeable influence of Sadri on Korwa.",,Some Pahadi Korwa are shifting to Sadri [sck]. Dihari Korwa of Jashpur speak a local variety of Sadri as mother tongue. Some Korwa speak Chhattisgarhi [hne] as mother tongue. Some of all ages.,Also use English [eng]. Also use Sadri [sck].,,Literacy rate in L2: 26% for Chhattisgarh (2001 census).,,NT: 2022.,,,"Devanagari script [Deva], used since 2005.",A Scheduled Caste in Uttar Pradesh speaking Hindi [hin] as mother tongue (Singh 1995b). Korwa divided into two groups: Pahadi (hill dwellers) and Dihari (plains dwellers). No intermarriage.,"Hindu, Muslim."
216,kfe,Kota,Kota,,"Knof, Kohatur, Kotar, Kotha, Kother-Tamil, Kotta, Kov, Kowe-Adiwasi, Kuof",IN,India,T,T,T,930,930,,,930 (2001 census).,,,"1,400.00",2001,,"Tamil Nadu state: Gudalur, Kilkotagiri, Kollimalai, Kotagiri, Kundah, Sholur Kokkal, Trichicady settlements; a few in Aravankavu, Coonoor, Indunagar, Ooty, and Wellington; Chennai.",Tamil Nadu,11.4553,76.8601,6a,6a* (Vigorous),,,"Dravidian, Southern, Tamil-Kannada, Tamil-Kodagu, Toda-Kota",Ko Bashai,"Lexical similarity: 35% with Badaga [bfq], 38% with Tamil [tam], 36% with Malayalam [mal], 24% with Toda [tcx].",,"Vigorous. Home, community. Positive attitudes.","Also use Badaga [bfq]. Also use English [eng]. Also use Kannada [kan]. Also use Tamil [tam], with outsiders. It is the medium of instruction in school, so most children are bilingual in it.",,Literacy rate in L2: 75% (2001 census).,,Grammar. Texts.,,,Tamil script [Taml].,Endogamous within the ethnic group.,Hindu.
217,kff,Koya,Koya,"Koya, कोया‎ (Koya), కోయ‎ (Koya)","Kavor, Kaya, Koa, Koi, Koi Gondi, Koitar, Koyato, Koyi, Raj Koya",IN,India,T,T,T,455000,455000,,,"455,000 (2011 census).",,,,2011,,"Chhattisgarh state: Bastar district; Maharashtra state; Odisha state: Koraput district, Malkangiri subdistrict; Telangana state: south of Godavari river, adjoining districts north of the river.",Telangana,17.3435,81.2733,5,5* (Developing),,,"Dravidian, South-Central, Gondi-Kui, Konda-Kui, Manda-Kui, Kui-Kuvi","Malkangiri Koya, Podia Koya (Gotte Koya), Jaganathapuram Koya (Godavari Koya, Gommu Koya), Dorli (Chintoor Koya, Dor Koi, Dora, Dora Koi, Dorla Koitur, Dorla Koya, Korla)","Linguistic center is Chintoor. Malkangiri and Podia are more divergent. Separate from Northern Gondi [gno], Adilabad Gondi [wsg], and Aheri Gondi [esg].",,,"Some also use Telugu [tel], but proficiency is low. Also use English [eng].",,Literacy rate in L2: 7%.,,Dictionary. Grammar. NT: 1997–2016.,,,"Devanagari script [Deva]. Latin script [Latn], reportedly preferred by Koya leaders. Oriya (Odia) script [Orya]. Telugu script [Telu].",,"Traditional religion, Hindu."
218,kfg,Kudiya,Kudiya,,"Kurku, Kutiya, Male Kudiya",IN,India,T,T,T,1000,1000,,,"1,000 (Joseph 2024).",,,"7,000 (Joseph 2024).",2024,,"Karnataka state: Kodagu district, Madikeri taluk; Dakshina Kannada district, Sullia taluk; Kerala state: Kasargod district, Hosdurg taluk.",Karnataka,12.2855,75.4684,6b,6b* (Threatened),,,"Dravidian, Southern, Tulu",,,,"Of 3 clans whose members originally spoke Kudiya [kfg], only the Thenmala retain Kudiya as their mother tongue, very few of the Poomala speak it, and none of the Adayka use the language (Joseph 2024).","Also use English [eng]. Also use Kannada [kan]. Also use Kodava [kfa], which is spoken as the mother tongue by most members of the Poomala clan (Joseph 2024). Also use Malayalam [mal]. Also use Tulu [tcy], which is spoken as the mother tongue by all members of the Adayka clan (Joseph 2024).",,"Literacy rate in L2: 48% for Scheduled Tribes in Karnataka; 63% for Kudiya in Kerala, 65% in Tamil Nadu (2001 census).",,,,,Kannada script [Knda]. Malayalam script [Mlym].,,"Hindu, traditional religion."
219,kyw,Kudmali,Kudmali,,"Bedia, Dharua, Khotta, Kurmali, Kurmali Thar, Kurumali",IN,India,T,T,T,311000,311000,,,"311,000 in India (2011 census).",,,,2011,"311,460 (as L1: 311,400; as L2: 60)","Assam state: Darrang, Golaghat, Jorhat, and Sonitpur districts; Jharkhand state: east side; Odisha state: Keonjhar, Mayourbhanj, and Sundargargh districts; West Bengal state: Bankura Malda, west Midnapur, Nadia, and west Purulia districts.",West Bengal,22.8852,86.8706,6a,6a (Vigorous),,,"Indo-European, Indo-Iranian, Indo-Aryan, Outer Languages, Eastern, Bihari",,"Lexical similarity: 58%–89% between varieties, 61%–86% with Panchpargania [tdb], 58%–72% with Magahi (Khortha) [mag], 51%–73% with Sadri [sck], 46%–53% with Odia [ory], 41%–55% with Bengali [ben], 44%–58% with Hindi [hin].",,"Vigorous, but most young people in Odisha speak Odia [ory] among themselves rather than Kudmali. All domains. Used by all. Positive attitudes.",Also use Bengali [ben]. Also use English [eng]. Also use Hindi [hin]. Also use Odia [ory].,,"There are Pre-degree, Degree, and Masters level programs in Kudmali.",,Literature. Dictionary.,,,"Bengali (Bangla) script [Beng], used in West Bengal. Chisoi script [Chis], used in West Bengal, Odisha, and Jharkhand. Devanagari script [Deva], used in Jharkhand. Oriya (Odia) script [Orya], used in Odisha.","Kudmali is spoken by the Kurmi people of Assam brought to the tea gardens from Bihar, Odisha, and West Bengal.",Hindu.
220,uki,Kui,Kui,"କୁଇ‎ (Kui), କୁଟିଆ‎ (Kutia)","Kanda, Kandh, Khond, Khondi, Khondo, Kodu, Kodulu, Kuinga, Kutia, Kuy",IN,India,T,T,T,741000,741000,,,"741,000 (2011 census).",,,,2011,,"Odisha state: Ganjam, Kandhamal, and possibly Koraput districts; Ganjam, Udayagiri area; Andhra Pradesh, Madhya Pradesh, and Tamil Nadu states.",Odisha,20.1335,84.1212,5,5 (Developing),,,"Dravidian, South-Central, Gondi-Kui, Konda-Kui, Manda-Kui, Kui-Kuvi","Gumsai, Khondi",,,Vigorous. All domains. Used by all.,,,,,Literature. Radio. TV. Videos. Dictionary. Grammar. Texts. Bible: 2006.,,,Oriya (Odia) script [Orya].,Different from Kuvi [kxv] and Koya (Koi) [kff].,"Hindu, Christian."
221,dwk,"Kui, Dawik",Dawik Kui,,Davik Kui,IN,India,T,T,T,200000,200000,,,"200,000 (2018 PR Shinu).",,,,2018,,Odisha state: Gajapati district.,Odisha,19.1934,84.177,5,5 (Developing),,,"Dravidian, South-Central, Gondi-Kui, Konda-Kui, Manda-Kui, Kui-Kuvi",,Lexical similarity: 41%–73% with Kui [uki].,,Used by all.,,,,,,,,Oriya (Odia) script [Orya].,,"Hindu, Christian."
222,kex,Kukna,Kukna,कुक्णा‎ (Kukana),"Kanara, Kanara Konkani, Kokna, Kokni",IN,India,T,T,T,517000,417000,100000,"517,000, all users.","417,000 (2011 census).","100,000 (1998).",,,2011,,"Gujarat state: Dangs and Valsad districts; Karnataka state: Dakshina Kannada (Kanara) district; Maharashtra state: Dhule, Nasik, and Thane districts, Dadra and Nagar Haveli; Rajasthan state.",Gujarat,20.688,73.4428,3,3 (Wider communication),,"Became a language of wider communication in the 18th century under Portuguese control. Used in trade, plays, songs, and communication among ethnic tribes.","Indo-European, Indo-Iranian, Indo-Aryan, Outer Languages, Southern, Konkani",,Dhule District Kukna has 98%–100% intelligibility with Khandesi [khn].,,,"Also use Khandesi [khn], especially a group of Kukna in Dhule District.",Used as L2 by Khandesi [khn].,Literacy rate in L1: 10%–30%. Some literacy work being done.,,Radio. NT: 1977–2002.,,,Devanagari script [Deva]. Gujarati script [Gujr].,May be the same as Dangi [dhn].,Hindu.
223,kle,Kulung,Kulung,,"Kholung, Khulung, Khulunge Rai, Kulu Ring",IN,India,F,T,T,,,,,,,,,,"43,940 (as L1: 37,900; as L2: 6,040)","Sikkim state: Assam Lingzey, Zoom and many other places; Uttarakhand state: Dehradun; West Bengal state: Jalpaiguri district; Assam state.",Sikkim,,,6b,6b* (Threatened),,,"Sino-Tibetan, Tibeto-Burman, Western Tibeto-Burman, Himalayan, Kiranti, Eastern",,,"SOV; postpositions; noun head final; no noun classes or genders; content q-word initial; 1 prefix, up to 3 suffixes; clause constituents indicated by case-marking; verbal affixation marks person and number; ergativity; tense; no passives or voice; nontonal; 22 consonant and 6 vowel phonemes.",,,,,,Literature. Periodicals. Grammar. Bible: 2023.,,,Devanagari script [Deva].,,
224,kfy,Kumaoni,Kumaoni,कुमाँऊनी‎ (Kumaaũũnii),"Kamaoni, Kumau, Kumauni, Kumawani, Kumgoni, Kumman, Kunayaoni",IN,India,T,T,T,2080000,2080000,,,"2,080,000 (2011 census).",,"472,000 monolinguals (1998 SIL).",,2011,,"Uttarakhand state: Almora, Bageshwar, Champawat, Nainital, Pithoragarh, and Udhamsingh Nagar districts; Almora and north Nainital (Central Kumaoni); Pithoragarh (Northeastern Kumaoni); southeast Nainital (Southeastern Kumaoni); west of Almora and Nainital (Western Kumaoni).",Uttarakhand,29.8072,79.8086,5,5 (Developing),,,"Indo-European, Indo-Iranian, Indo-Aryan, Intermediate Divisions, Western, Pahari, Central Pahari","Central Kumaoni, Northeastern Kumaoni, Southeastern Kumaoni, Western Kumaoni","Reportedly, eastern dialects are different. Names sometimes listed for dialects or subgroups are: Askoti, Bhabari of Rampur, Chaugarkhiya, Danpuriya, Gangola, Johari, Khasparjiya, Kumaiya Pachhai, Pashchimi, Phaldakotiya, Kumaoni, Rau-Chaubhaisi, Sirali, Soriyali. Most closely related to Garwhali [gbm] and Nepali [npi].",,"Home, community. Used by all. Positive attitudes. Central dialect is most accepted.","Also use English [eng]. Also use Hindi [hin], especially men, a few educated women, and school-aged children in towns and markets.","Used as L2 by Byangsi [bee], Chaudangsi [cdn], Darmiya [drd], Gujari [gju], Rangkas [rgk], Rawat [jnl], Rongpo [rnp].",Literacy rate in L2: 72% for Uttarakhand (2001 census). Motivation for literacy not high.,,Literature. Periodicals. Radio. Dictionary. Grammar. Texts. NT: 1825–2020.,,,Devanagari script [Deva].,,"Hindu, traditional religion."
225,kmj,Kumarbhag Paharia,Kumarbhag Paharia,,"Kumar, Mad, Mal, Maler, Malti, Malto, Maltu, Paharia, Pahariya",IN,India,T,T,T,12500,12500,,,"12,500 (Bhaskararao 2006).",,,,2006,,"Jharkhand state: Godda district, Sundar Pahardi sub-district; Pakaur district except southernmost block; Odisha state: Mayurbhanj; West Bengal state: Bankura, Barddhaman, and Murshidabad districts.",Jharkhand,24.6745,87.3764,6a,6a* (Vigorous),,,"Dravidian, Northern",,Low comprehension of Mal Paharia [mkb]. Related to Kurux [kru]. Lexical similarity: 80% with Mal Paharia [mkb].,,Vigorous. All domains. Positive attitudes.,Also use Bengali [ben]. Also use English [eng]. Also use Hindi [hin].,,,,Dictionary. Grammar.,,,Unwritten [Qaax].,Part of the Malto ethnic group.,Traditional religion.
226,wkb,Kumbaran,Kumbaran,,"Adi Andhra, Kusavan",IN,India,T,T,T,10000,10000,,,"10,000 (2004 NLCI).",,,,2004,,"Kerala state: Kozhikode, Malappuram, and Wayanad districts, Ernakkulam, Kannur, Palakkad, and Trissur; all states in peninsular India.",Kerala,11.4813,76.1406,6b,6b (Threatened),,,"Dravidian, Southern",,Reportedly cannot understand Telugu [tel] on Wayanad District radio. Lexical similarity: 48% with Telugu [tel].,,"Fairly vigorous in Wayanad District although Malayalam [mal] is used some in home and village. Some young people, all adults. Positive attitudes, especially in Wayanad District.",Also use English [eng].,,Literacy rate in L2: Below 50% for older adults in Kerala.,,,,,Unwritten [Qaax].,Kumbaran are a subcaste of Chettiars (or Adi Andhra) whose caste occupation is pottery or any work with mud or clay. Adi Andhra is a Scheduled Caste. Kusavan caste also speaks Kumbaran.,"Hindu, traditional religion."
227,wku,Kunduvadi,Kunduvadi,,,IN,India,T,T,T,1000,1000,,,"1,000 (2004 SIL).",,,,2004,,"Kerala state: Kozhikode district, Vythiri sub-district, Cheeyambam, Irulambam, Manaluvayal, Pakkam, and Porakady villages; Wayanad district, Pulpalli, Purakkadi, and Puthadi villages.",Kerala,11.7535,76.2015,6b,6b* (Threatened),,,"Dravidian, Southern",,"Similar to Malayalam [mal] but with peculiar intonation and dialect virtually unintelligible to others (Shashi and Shri 1994, Menon 1996). Lexical similarity: 65% with Malayalam [mal], 61% with Aranadan [aaf], 83% with Pathiya [pty], 81% with Kalanadi [wkl].",,"Continued vitality doubtful, due to small population, no separate settlements, living with Malayalis, and similarity to Malayalam [mal]. Home.",Also use English [eng]. Also use Malayalam [mal].,,,,,,,Unwritten [Qaax].,Common cultural origin with Kalanadiyar and Pathiyar.,Hindu.
228,key,Kupia,Kupia,,Valmiki,IN,India,T,T,T,6600,6600,,,"6,600 (2007).",,,"79,000 (2007).",2007,,Andhra Pradesh state: East Godavari and Vishakhapatnam districts.,Andhra Pradesh,17.5877,82.2385,6b,6b (Threatened),,,"Indo-European, Indo-Iranian, Indo-Aryan, Outer Languages, Eastern, Oriya",,,,"Home. Some young people, all adults.","Also use English [eng]. Also use Telugu [tel], particularly in the market and for work and travel.",,Literacy rate in L2: 40% (1991 census).,,Texts. NT: 1983.,,,Telugu script [Telu].,,"Traditional religion, Christian, Hindu."
229,kfh,Kurichiya,Kurichiya,,"Kowohans, Kurichchan, Kurichchia, Kurichia, Kurichiyars, Kuruchans",IN,India,T,T,T,29400,29400,,,"29,400 (2004 survey).",,,"32,800 (2001 census).",2004,,"Kerala state: Kannur, Kozhikode, and Wayanad districts, Mananthavady and Vythiri sub-districts in Wayanad.",Kerala,11.7981,75.9164,6b,6b* (Threatened),,,"Dravidian, Southern","Kunnam, Wayanad",Lexical similarity: 60%–66% between dialects; Wayanad dialect 67%–71% with Malayalam [mal].,,"Shifting to Malayalam [mal], more in Kunnam than in Wayanad dialect.","All also use Malayalam [mal], but less than half with good proficiency. Also use English [eng].",,Literacy rate in L2: 68% (2001 census).,,,,,Malayalam script [Mlym].,A Scheduled Tribe. Consider themselves higher caste than Brahmin. An endangered language (Central Institute of Indian Languages). Further study is being done at Annamalai University.,"Hindu, Christian, traditional religion."
230,kfv,Kurmukar,Kurmukar,,"Kamar, Karmakar, Karmokar, Kumbhakar, Kumhar, Umar",IN,India,T,T,T,3000,3000,,,"3,000 (2000 SIL).",,,,2000,,"Assam state: Barpeta, Goalpara, and Dhubri districts; Bihar, Madhya Pradesh, Tripura, and West Bengal states.",Assam,26.2278,90.5864,6b,6b* (Threatened),,,"Indo-European, Indo-Iranian, Indo-Aryan, Outer Languages, Eastern, Bengali-Assamese",,,,,Also use Assamese [asm]. Also use English [eng]. Also use Hindi [hin].,,,,,,,Latin script [Latn].,A dialect of Bengali [ben] which differs a lot from the standard (Singh et al 2003).,Hindu.
231,xua,"Kurumba, Alu",Alu Kurumba,,"Alu Kurumba Nonstandard Kannada, Hal Kurumba, Pal Kurumba",IN,India,T,T,T,2400,2400,,,"2,400 (2019).",,,,2019,,Tamil Nadu state: east Nilgiri Hills.,Tamil Nadu,11.4142,76.7623,6b,6b (Threatened),,,"Dravidian, Southern, Tamil-Kannada, Tamil-Kodagu, Kodagu",,Lexical similarity: 80% between Alu Nonstandard Kannada and Pal varieties.,,Some of all ages.,"Some also use Kannada [kan], or southern nonstandard Kannada. Also use English [eng]. Also use Tamil [tam].",,Literacy rate in L2: 15%–25%.,,,,,Unwritten [Qaax].,A Scheduled Tribe.,"Traditional religion, Hindu."
232,pkr,"Kurumba, Attapady",Attapady Kurumba,പാല് കുറുമ്പ‎ (Pāl Kuṟumpa),"Kurumba, Pal Kurumba",IN,India,T,T,T,1370,1370,,,"1,370 (1991 census).",,,,1991,,"Kerala state: Palakkad district, Attapady sub-district.",Kerala,11.1575,76.5365,5,5 (Developing),,,"Dravidian, Southern",,"Separate from Alu Kurumba [xua] and Kurumba Kannada [kfi]. Despite dissimilarity between Kurumba, Muduga [udg], and Irula [iru], each group uses their mother tongue to communicate with each other. Lexical similarity: 82% with Muduga [udg]; 61%–70% with Irula [iru], 50% with Alu Kurumba [xua], 52% with Kurumba Kannada, 55% with Malayalam [mal], 58% with Tamil [tam].",,"Vigorous. Home, village, religion. Used by all. Positive attitudes.",Many also use Muduga [udg]. Also use English [eng]. Also use Irula [iru]. Also use Malayalam [mal]. Also use Tamil [tam].,,"Literacy rate in L2: 32% in Attapady; or 23% (27% men, 15% women), including other Kurumba in Wayanad District (1991 census).",,NT: 2018.,,,Malayalam script [Mlym].,The least developed language group in Attapady. Thudukki variety is reportedly most pure.,"Hindu, traditional religion."
233,xub,"Kurumba, Betta",Betta Kurumba,பெட்டக் குறும்பர்‎ (Peṭṭak kuṟumpar),"Kadu Bhasha, Kadu Kurumba, Kurubara Bhashe, Nanga Man Pagi, Urali Kurumba",IN,India,T,T,T,32000,32000,,,"32,000 (2003 NLCI), increasing.",,,,2003,,"Karnataka state: Chamrajnagar district, Gundlupet sub-district; Kodagu district, Somvarpet and Virarajendrapet sub-districts; Mysore district, Heggadadevanakote and Piriyapatna sub-districts; Kerala state: Wayanad district, Bathery, Mananthavady and Vythiri sub-districts; Tamil Nadu state: Nilgiri district, Gudalur and Panthalur sub-districts.",Tamil Nadu,11.564,76.4456,5,5* (Developing),,,"Dravidian, Southern, Tamil-Kannada, Tamil-Kodagu, Tamil-Malayalam, Tamil",,A nonstandard variety of Tamil [tam] or Kannada [kan]. May be same as Betta Kurumba dialect in Coorg District. Lexical similarity: 59%–77% among groups that are called Betta Kurumba.,,"Central Institute of Indian Languages lists Betta Kurumba as endangered. It is being studied by Annamalai University. Home, work, religion. Positive attitudes.",Also use English [eng].,,"Literacy rate in L2: 10%–15% in Tamil Nadu, 15%–20% in Karnataka, 40%–45% in Kerala. Favorable attitude toward literacy.",,Literature. Grammar.,,,Kannada script [Knda]. Malayalam script [Mlym]. Tamil script [Taml].,"‘Kadu Kurumba’, jungle shepherds. ‘Betta Kurumba’, hill shepherds. 3 subdivisions: Ane (elephant) Kurumba, Bevina (neem tree) Kurumba, and Kolli (fire-brand) Kurumba.",Hindu.
234,xuj,"Kurumba, Jennu",Jennu Kurumba,,"Jen Kurumba, Jennu Kurumba, Jennu Nudi, Kattu Nayaka, Naik Kurumba, Naikan, Nonstandard Kannada, Shola Nayakan, Ten Kurumba",IN,India,T,T,T,101000,101000,,,"101,000 (2011 census). 36,200 in Karnataka, 18,200 in Kerala, and 46,700 in Tamil Nadu (2011 census).",,,,2011,,Karnataka state: Mysore and Kodagu districts; Kerala state: Wayanad district. Tamil Nadu and Karnataka states’ border; east of Kerala state border; North Nilgiri Hills.,Karnataka,11.7609,76.4264,6a,6a* (Vigorous),,,"Dravidian, Southern, Tamil-Kannada, Tamil-Kodagu, Kodagu",,"Possibly the same as Jeinu Kuruba dialect of Kannada [kan]. Lexical similarity: 61%–83% among varieties called Jennu Kurumba, less than 60% with Betta Kurumba [xub] dialects.",,Positive attitudes.,Also use English [eng]. Also use Kannada [kan]. Also use Malayalam [mal]. Also use Tamil [tam].,,Literacy rate in L2: 46% in Tamil Nadu (2001 census). Attitudes favorable toward literacy.,,,,,Unwritten [Qaax].,"In Karnataka and Kerala states, they are known as Jennu Kurumba and Kattu Nayaka. In Tamil Nadu state, they are known as Kattu Nayakan.","Traditional religion, Hindu."
235,kfi,"Kurumba, Kannada",Kannada Kurumba,கன்னட‎ (Kannada),"Canarese, Kannada, Korambar, Kuramwari, Kuremban, Kuruba, Kuruban, Kurubar, Kurubas Kuruma, Kuruman, Kurumans, Kurumar, Kurumba, Kurumban, Kurumbar, Kurumbas, Kurumvari, Palu Kurumba, Southern Nonstandard Kannada",IN,India,T,T,T,180000,180000,,,"180,000 (2000).",,,,2000,,"Tamil Nadu state: Coimbatore district, Pollachi; Dindigul district, Sirumalai and Palani; Teni district, Cumbum Valley; Chingalpattu, Dharmapuri, Salem, and Vellore districts; Karnataka and Andhra Pradesh states.",Tamil Nadu,10.2356,77.5791,5,5 (Developing),,,"Dravidian, Southern, Tamil-Kannada, Tamil-Kodagu, Kodagu","Coimbatore, Dharmapuri, Pudukottai",,,Home. Used by all.,Also use English [eng]. Also use Kannada [kan]. Also use Muduga [udg]. Also use Tamil [tam].,,"Younger generation over 50% literate, older generation less.",,Radio. NT: 2018.,,,Tamil script [Taml].,"Reportedly 3 groups of Gowda: Okkili, Anuppa, and Kurumba, which may be languages or dialects of 1 language. Sometimes referred to as Alu or Palu Kurumba, but is a different language from Alu Kurumba [xua] in the hills. Kurumba and Kuruman are different Scheduled Tribes.",Hindu.
236,kpb,"Kurumba, Mullu",Mullu Kurumba,,,IN,India,T,T,T,26000,26000,,,"26,000 (2004 survey). 25,000 in Wayanad; 1,000 in Gudalur of Nilgiri.",,,,2004,,"Kerala state: Wayanad district, Sulthan Bathery and Vythiri sub-districts; Tamil Nadu state: Nilgiri district, Gudalur sub-districts, Cherangodu and Erumad villages, 10 hamlets.",Tamil Nadu,11.5585,76.2809,6a,6a* (Vigorous),,,"Dravidian, Southern, Tamil-Kannada, Tamil-Kodagu, Kodagu",,"Lexical similarity: 89%–92% between Mullu Kurumba varieties in Tamil Nadu and Kerala, 73%–77% with Malayalam [mal], 56%–65% with Tamil [tam], 22%–36% with Kannada Kurumba [kfi], 29%–41% with other Kurumba languages.",,"Use is declining. Home, village, religious services. Positive attitudes.",Also use English [eng]. Also use Malayalam [mal].,,Literacy rate in L2: 60%. Favorable motivation toward literacy.,,Grammar.,,,Unwritten [Qaax].,A Scheduled Tribe. Mullukuruman and Mullukurumbar are sometimes referred to as different tribes. Kuruman are in Kerala and Kurumbar in Tamil Nadu. Linguistically can be considered one group.,"Traditional religion, Hindu."
237,kru,Kurux,Kurux,कुड़ुख़‎ (Kudukh),"Kadukali, Kurka, Kurukh, Urang, Uraon",IN,India,T,T,T,2109000,1990000,119000,"2,109,000 in India, all users.","1,990,000 in India (2011 census).","119,000 (2011 census).",,,2011,"2,243,950 (as L1: 2,124,700; as L2: 119,250)","Chhattisgarh state: Raigarh and Surguja districts; Jharkhand state: Lohardaga and Ranchi districts; Odisha state: Jharsuguda and Sundargarh districts; West Bengal state: Jalpaigiri district; Assam, Bihar, and Tripura states.",Chhattisgarh,22.3149,83.258,6b,6b (Threatened),,,"Dravidian, Northern",Oraon,Kisan [xis] and the Oraon dialect have 73% intelligibility. Oraon becoming standard. Related to Kumarbhag Paharia [kmj].,"SOV; postpositions; noun head final; 2 noun classes (human, non-human); content q-word initial; 1 prefix, up to 6 suffixes; clause constituents indicated by case-marking; verbal affixation marks person, number and genders of subject and object; ergativity; tense and aspect; passives and voice; nontonal; 29 consonant and 10 vowel phonemes.","While there are written materials, the language is losing speakers (mostly due to urbanization). Some young people, all adults.",Also use English [eng]. Also use Sadri [sck].,Used as L2 by Kodaku [ksz].,"Literacy rate in L1: 62% Oraon in Chhattisgarh, 25% in Bihar (2001 census).",,Literature. Newspapers. Radio. Videos. Dictionary. Grammar. Texts. Bible: 2000.,,,Devanagari script [Deva]. Tolong Siki script [Tols].,,"Hindu, Christian, traditional religion."
238,kxv,Kuvi,Kuvi,కువి‎ (Kuvi),"Khod, Khondh, Khondi, Kodu, Kond, Kuvi Kond, Kuvinga, Kuwi",IN,India,T,T,T,176000,176000,,,"176,000 (2011 census).",,,,2011,,"Odisha state: Ganjam, Kalahandi, Koraput, and Phulbani districts; Andhra Pradesh state: Srikakulam, Vishakhapatnam, and Vizianagaram districts.",Odisha,19.7637,83.4884,5,5* (Developing),,,"Dravidian, South-Central, Gondi-Kui, Konda-Kui, Manda-Kui, Kui-Kuvi","Laxmipur, Raigada, Dongria Khond, Jatapu",,,Dongria and Kuvi subgroups speak Kuvi as L1.,Also use English [eng].,,"Literacy rate in L2: 34%—42% in for Vishakhapatnam, Vizianagaram, Srikakulam districts (2001 census).",,Dictionary. Grammar. NT: 1987–2024.,,,"Latin script [Latn], experimental usage in 1916. Oriya (Odia) script [Orya], used in Odisha. Telugu script [Telu], used in Andhra Pradesh.",Distinct from Kui [uki] and Koi (Koya).,Hindu.
239,lbj,Ladakhi,Ladakhi,ལ་དྭགས་ཀྱི་སྐད།‎ (Ladaks skat),"Ladak, Ladakh, Ladakh Skat, Ladaphi, Ladhakhi, Ladwags",IN,India,T,T,T,15000,15000,,,"15,000 (2011 census).",,,,2011,,"Himachal Pradesh state: Kinnaur and Lahaul Spiti districts; Ladakh state: Leh district, 250 villages and hamlets.",Ladakh,33.8633,78.0999,5,5 (Developing),,,"Sino-Tibetan, Tibeto-Burman, Western Tibeto-Burman, Bodish, Central Bodish, Western","Leh (Central Ladakhi), Shamma (Lower Ladakhi, Sham, Shamskat), Nubra Ladakhi","Perhaps 30%–40% intelligibility of Tibetan [bod]. Leh users comprehend 90% of Zangskari [zau] and Changthang [cna]. Nubra and Shamma not adequately intelligible with Leh to use the same educational, literacy, or development materials. Changthang and Zanskar, while understanding Stod Bhoti [sbu] better than Leh dialect, identify more with Leh Ladakhi culture. 58% to 85% intelligibility of Leh by Changthang, 73%–81% by Zanskar. Lexical similarity: 71%–83% with Purik [prx], 53%–60% with Tibetan, 84%–94% among 5 main dialects.","SOV; postpositions; genitives, relatives before noun heads; articles, adjectives numerals after noun heads; suffixes indicate case of noun phrase; ergative; causatives; comparative; CCVCC or CCCVV maximum; nontonal.",Vigorous. Used by all. Positive attitudes.,Also use English [eng]. Also use Hindi [hin]. Also use Urdu [urd].,"Used as L2 by Brokskat [bkk], Changthang [cna], Zangskari [zau].","Literacy rate in L1: 20%–50% (2001 census). Literacy rate in L2: 54%–65% men, 40% women. Percentage of those who can actually read with understanding is lower than census literacy rate indicates.",,Literature. Dictionary. Grammar. NT: 2016.,,,Tibetan script [Tibt].,"Written Ladakhi is distinct from spoken forms. Leh dialect is acknowledged as standard spoken Ladakhi. It is the medium of Leh radio broadcasts and standard medium of communication among all Ladakh dialects, including Changthang and Zangskari (Paldan 2002).","Buddhist, Muslim."
240,lmn,Lambadi,Lambadi,బంజార‎ (Banjara),"Bangala, Banjari, Banjori, Banjuri, Brinjari, Gohar-Herkeri, Goola, Gormati, Gurmarti, Kora, Labhani, Labhani Muka, Lamadi, Lamani, Lambani, Lambara, Lavani, Lemadi, Lumadale, Singali, Sugali, Sukali, Tanda, Vanjari, Wanji",IN,India,T,T,T,5080000,5080000,,,"5,080,000 (2011 census), including the following groups: 1,580,000 Banjari, 50,300 Gorboli, 3,280,000 Lambadi, and 171,000 Sugali (2011 census).",,,"7,810,000 (2022 Joshua Project).",2011,,"Gujarat, Himachal Pradesh, Karnataka, Madhya Pradesh, Maharashtra, Odisha, Tamil Nadu, Telangana, and West Bengal states.",Telangana,17.323,79.6199,5,5* (Developing),,,"Indo-European, Indo-Iranian, Indo-Aryan, Intermediate Divisions, Western, Rajasthani, Unclassified","Maharashtra Lamani, Karnataka Lamani (Mysore Lamani), Andhra Pradesh Lamani (Telugu Lamani)",,SOV.,,Also use English [eng]. Also use Kannada [kan]. Also use Marathi [mar]. Also use Telugu [tel].,,"Literacy rate in L2: 43% for Banjara of Andhra Pradesh. Many sources cite a much lower literacy rate for Banjara, 10%–20% (2001 census).",,Radio. Dictionary. Grammar. Texts. NT: 1999–2018.,,,"Devanagari script [Deva], used in Maharashtra. Kannada script [Knda], used in Karnataka. Telugu script [Telu], used in Andhra Pradesh.","A Scheduled Tribe in Odisha, a Scheduled Caste in Karnataka, Haryana, Punjab, Himachal Pradesh.","Traditional religion, Christian, Hindu."
241,lmk,Lamkang,Lamkang,Lamkaang,"Lamkang Naga, “Hiroi-Lamgang” (pej.), “Lamgang” (pej.)",IN,India,T,T,T,10000,10000,,,"10,000 (1999 census).",,,,1999,,"Manipur state: Chandel district, 6 villages near Shuganu; 6 villages in Chalong area; 18 villages in Palel, Chandel town, and Sibong area; Nagaland state: Dimapur.",Manipur,24.0053,94.0123,5,5 (Developing),,,"Sino-Tibetan, Tibeto-Burman, Kuki-Chin, Northwestern",,Reportedly most similar to Anal Naga [anm].,"SOV; postpositions; genitives before head nouns; adjectives and numerals after noun heads; noun prefixes mark person, number of possessor; VC, CV, CVC, CCCVC.","Vigorous, but each successive generation not as knowledgeable about their folksongs and folktales. Used by all.","A few also use English [eng]. Also use Hindi [hin]. Also use Meitei [mni], at least passively.",,Literacy rate in L2: 40% in Meitei [mni]: 10 to 40 year olds (2000 S. Towar). Only 2% can read Latin script.,,Grammar. Texts. Bible: 2019.,,,"Latin script [Latn]. Myanmar (Burmese) script [Mymr], used in Myanmar.",A Scheduled Tribe.,Christian.
242,lep,Lepcha,Lepcha,Róng-ríng,"Lapche, Nünpa, Rongke, Rongpa, Róng, Róngkup",IN,India,T,T,T,47300,47300,,,"47,300 in India (2011 census).",,,,2011,"52,680 (as L1: 52,440; as L2: 240)","Sikkim state: Mangan district, Dzongu assembly constituency; West Bengal state: Darjeeling and Kalimpong districts.",Sikkim,27.3572,88.6082,6b,6b* (Threatened),,,"Sino-Tibetan, Tibeto-Burman, Central Tibeto-Burman, Lepcha","Ilammu, Tamsangmu, Rengjongmu",Classification uncertain; has been classified both in Himalayan and Naga groups.,SOV; postpositions; dual number; definite article; 32 consonants and 8 vowels.,"In Sikkim, all ages. Language use not known in other regions.",Many also use Nepali [npi]. Some also use English [eng].,,Literacy rate in L2: 66% in Sikkim (2001 census).,,Radio. Dictionary. Grammar. NT: 1989.,,,Lepcha (Róng) script [Lepc]. Tibetan script [Tibt].,Lepcha is both language and name of people.,"Buddhist, Christian, Hindu."
243,lhm,Lhomi,Lhomi,ल्होमी‎ (Lhomi),"Lhoket, Lhomi dzyükki keccyok, Lhomiki keccyok, Shing Saapa, Syingsaaba",IN,India,F,T,T,1320,1320,,,"1,320 in India (2000 USCWM).",,,,2000,"9,320",West Bengal state: Darjeeling.,West Bengal,,,6b,6b (Threatened),,,"Sino-Tibetan, Tibeto-Burman, Western Tibeto-Burman, Bodish, Central Bodish, Central, gTsang",,,"SOV; postpositions; noun head initial; masculine and feminine (limited class); content q-word precedes the main verb; 1 prefix, up to 3 suffixes; clause constituents indicated by case-marking; split ergativity; aspect; no passives or voice; tonal (tense-lax); 23 consonant and 8 vowel phonemes; evidentiality is a salient feature of Lhomi syntax.","Some young people, all adults.",Also use English [eng].,,Literacy rate in L2: 5%–25% (men).,,Literature. Newspapers. Videos. Grammar. NT: 1995.,,,Devanagari script [Deva].,,"Traditional religion, Buddhist."
244,lif,Limbu,Limbu,"याक्थुङ् पान‎ (Yaakthung Paan), ᤕᤠᤰᤌᤢᤱ ᤐᤠᤴ‎ (Yakthung Paan)","Limbo, Limboo, Lumbu, Yakthung Pan",IN,India,F,T,T,40800,40800,,,"40,800 in India (2011 census).",,,"177,000 (2007).",2011,"432,900 (as L1: 413,200; as L2: 19,700)",Assam state; Sikkim state: West district; West Bengal state: Darjeeling district.,Sikkim,,,4,4 (Educational),,,"Sino-Tibetan, Tibeto-Burman, Western Tibeto-Burman, Himalayan, Kiranti, Eastern",,,"SOV; postpositions; genitives, articles, adjectives, numerals before noun heads; noun head final; content question word in situ; bipolar question word final; maximum of 3 prefixes, 6 suffixes; affixes indicate case of noun phrases; verb affixes mark subjects, objects, indirect objects—obligatory; verbal affixation marks person and number; split ergativity; reflexes conjugated intransitively can be used as a kind of passive; passives and voice; antipassives; causatives; comparatives; 16 consonant and 13 vowel phonemes; V, CV, CVC, CCV, CCVC; nontonal.",,Many also use Nepali [npi]. Some also use English [eng].,,,Taught as subject in primary and secondary schools from grade 6 in Sikkim state. Taught as subject in tertiary schools.,Literature. Newspapers. Periodicals. Radio. TV. Videos. Dictionary. Grammar. Bible: 2022.,,,"Devanagari script [Deva], primary usage. Limbu (Kiranti, Sirijonga) script [Limb], dating from early 18th century.",,"Traditional religion, Buddhist, Hindu."
245,lsh,Lish,Lish,,"Khispi, Kishpignag, Lish Monpa, Lishpa, Monpa",IN,India,T,T,T,2340,2340,,,"2,340.00",,,,,,"Arunachal Pradesh state: West Kameng district, Lish, Lish Gompache, Lish Gompalok villages.",Arunachal Pradesh,27.4228,92.2207,6b,6b* (Threatened),,,"Sino-Tibetan, Tibeto-Burman, Central Tibeto-Burman, Kho-Bwa",,Reportedly most similar to Chug [cvg]. Lexical similarity: 59%–74% with Chug [cvg].,,,Also use English [eng]. Also use Tshangla [tsj].,,"Literacy rate in L2: 62% for West Kameng District, males 71%, females 49% (2001 census).",,,,,Unwritten [Qaax].,"The cover term ‘Monpa’ (Moinba), man of the lower country, used to refer to several ethnically related peoples whose languages may not be related linguistically.",Buddhist.
246,lis,Lisu,Lisu,"Lisu, ꓡꓲ-ꓢꓴ‎ (Li-su)",,IN,India,F,F,T,2700,2700,,,"2,700 in India (Bradley 2007b).",,,,2007,"10,52,700","Arunachal Pradesh state: Changlang district, Miao and Vijoynagar sub-district, 6 villages, Gandhigram being largest.",Arunachal Pradesh,,,5,5* (Dispersed),,,"Sino-Tibetan, Tibeto-Burman, Ngwi-Burmese, Ngwi, Central",,,SOV; postpositions; classifiers; isolating language; no passives; aspect markers; causatives; topic markers; 28 consonants and 10 vowels; tonal (6 tones).,,,,Literacy rate in L1: 45%.,,Literature. Newspapers. Radio. Dictionary. Grammar. Bible: 1968–1986.,,,"Latin script [Latn], used in 1915–1918, 1958–1966, and from 1981. Lisu (Fraser) script [Lisu], used since 1918, primary usage.",The Lisu people are called Yobin or Yawyin by the Singpho [sgp] people.,Christian.
247,lbm,Lodhi,Lodhi,,"Lodha, Lodi, Lohi, Lozi",IN,India,T,T,T,139000,139000,,,"139,000 (2011 census).",,,,2011,,"Jharkhand state: West Bengal state border area; Odisha state: Mayurbhanj district, Sadar subdistrict, Morada and Suliapada; Balasore district, Sora sub-district; West Bengal state: West Medinipur district, Binpur and Kharagpur-I sub-districts.",West Bengal,22.1523,87.0522,5,5 (Developing),,,"Indo-European, Indo-Iranian, Indo-Aryan, Outer Languages, Eastern, Bengali-Assamese",,"Lexical similarity: 59%–67% with Oriya [ory], 56%–72% with Bangla (Bengali [ben]), 20% with Santhali [sat] and Mundari [unr], 66%–85% between varieties of Lodhi, 57%–75% with Kharia Thar [ksy].",,Vigorous. All domains. Used by all. Positive attitudes.,Also use Bengali [ben]. Also use English [eng]. Also use Odia [ory].,,Literacy rate in L2: 22% in Odisha (2001 census).,,NT: 2020.,,,Devanagari script [Deva].,,"Hindu, Christian."
248,gda,"Lohar, Gade",Gade Lohar,,"Bagri Lohar, Belani, Bhubaliya Lohar, Chitodi Lohar, Chittoriya Lohar, Dhunkuria, Domba, Dombiali, Gadia Lohar, Gaduliya Lohar, Gara, Kanwar Khati, Lohari, Lohpitta, Panchal Lohar, Rajput Lohar",IN,India,T,T,T,500000,500000,,,"500,000 (2016).",,,,2016,,"Delhi, Gujarat, Haryana, Madhya Pradesh, Maharashtra, Punjab, Rajasthan, and Uttar Pradesh states.",Rajasthan,27.4451,71.4668,6a,6a* (Vigorous),,,"Indo-European, Indo-Iranian, Indo-Aryan, Intermediate Divisions, Western, Rajasthani, Unclassified",,No significant dialect differences. May be same as Loarki [lrk] in Pakistan.,,,Also use English [eng].,,Literacy rate in L2: 40% (1981 census).,,Grammar.,,,Unwritten [Qaax].,Nomadic blacksmiths. The name ‘Gade Lohar’ refers to people who travel in bullock carts and are blacksmiths.,Hindu.
249,lhl,"Lohar, Lahul",Lahul Lohar,,"Garas, Lohar",IN,India,T,T,T,750,750,,,750 (1996).,,,,1996,,"Himachal Pradesh: Lahaul Spiti district in Lahul valley; Jammu and Kashmir state: Leh district, small border area.",Himachal Pradesh,32.4302,78.2637,6b,6b* (Threatened),,,"Indo-European, Indo-Iranian, Indo-Aryan, Unclassified",,Different from Gade Lohar [gda].,,,Also use English [eng]. Also use Hindi [hin].,,,,,,,,"Lohar is a Scheduled Caste in Himachal Pradesh, not all of whom speak Lahul Lohar. Similar name and occupation to ‘Gade Lohar’.",
250,lyg,Lyngngam,Lyngngam,,"Ləngngam, Lngngam, Lyngam, Lyngym, Megam",IN,India,T,T,T,11600,11600,,,"11,600 in India (2011 census).",,,,2011,"12,600",Assam state: Kamrup district; Meghalaya state.,Meghalaya,25.8531,91.8063,6b,6b* (Threatened),,,"Austro-Asiatic, Mon-Khmer, Northern Mon-Khmer, Khasian",,Lexical similarity: 36% with standard Khasi [kha].,,,Also use Assamese [asm]. Also use English [eng]. Also use Garo [grt]. Also use Hindi [hin].,,Literacy rate in L2: 10% (Singh 1994b).,,,,,,Previously listed as dialect of Khasi [kha]. Culturally intermediate between the Khasi and the Garo [grt].,Christian.
251,mag,Magahi,Magahi,मगही‎ (magahī),"Bihari, Magadhi, Magaya, Maghai, Maghaya, Maghori, Magi, Magodhi, Megahi",IN,India,T,T,T,20700000,20700000,,,"20,700,000 in India (2011 census). 8,000,000 Khortha and 12,700,000 Magahi (2011 census).",,,,2011,"20,959,200 (as L1: 20,930,000; as L2: 29,200)","Bihar state: Arwal, Aurangabad, western Bhagalpur, Gaya, Jehanabad, western Munger, Nalanda, Nawada, eastern Patna, and Sheikhpura districts; Jharkhand state: Giridih, Hazaribagh, Palamu, southern Ranchi districts, and north Chota Nagpur area.",Bihar,24.9619,85.1751,6b,6b (Threatened),,,"Indo-European, Indo-Iranian, Indo-Aryan, Outer Languages, Eastern, Bihari","Central Magahi, Khortha (Khotta), Eastern Magahi",Greatly influenced by standardized Hindi [hin].,,Shifting to Hindi [hin] among formally educated Magahi users and among those who have migrated to the cities (2020 M. Bhushan). Religion. Some of all ages. Positive attitudes.,"Also use English [eng]. Also use Hindi [hin], especially educated people, city-dwellers, and those who travel.",,Literacy rate in L1: 30%. Literacy rate in L2: 30% in Hindi [hin]. Bhojpuri [bho] can use Magahi materials.,,Newspapers. Periodicals. Radio. Grammar. Texts. NT: 1826–2016.,,,Devanagari script [Deva].,,"Hindu, Jain, traditional religion."
252,mgp,"Magar, Eastern",Eastern Magar,मगर ढुट‎ (magar ḍhuṭ),"Magari, Magarkura, Mangari, Manggar",IN,India,F,F,T,71700,71700,,,"71,700 in India (2006 J. Leclerc).",,,"278,000 (2006 FTT).",2006,"595,300 (as L1: 541,200; as L2: 54,100)","Sikkim state: South district, scattered in East district.",Sikkim,,,6b,6b* (Threatened),,,"Sino-Tibetan, Tibeto-Burman, Western Tibeto-Burman, Himalayan, Central Himalayan, Kham-Magar, Magar",,,,Home.,Also use Nepali [npi].,,,,Literature. Dictionary. Grammar. Texts. NT: 1991.,,,Brahmi script [Brah]. Devanagari script [Deva].,,
253,mjx,Mahali,Mahali,,"Mahili, Mahle, Mahli",IN,India,T,T,T,26400,26400,,,"26,400 in India (2011 census), decreasing.",,,"278,000 (2007).",2011,"33,010","Assam state: tea estates; Bihar state; Jharkhand state: Dhanbad, Gumla, Hazaribagh, Pargana, Ranchi, Santal Lohardaga, Saraikela Kharsawan, East Singhbhum, and West Singhbhum districts in Chota Nagpur area; Odisha state: Balasore, Keonjhar, and Mayurbhanj districts; West Bengal state: Jalpaiguri and West Medinipur districts.",Jharkhand,24.0779,85.9786,6b,6b* (Threatened),,,"Austro-Asiatic, Munda, North Munda, Kherwari, Santali",,"Possible dialect of Santhali [sat]. Lexical similarity: 69%–87% between varieties of Mahali, 68%–93% with Santhali [sat], 53%–59% with Mundari [unr].",,"Most in Jharkhand reported Santhali [sat], Sadri [sck] or Mundari [unr] as their mother tongue rather than Mahali. May be a threatened language. Home, village, private prayer for half the L1 speakers in Jharkhand.",Also use Bengali [ben]. Also use English [eng]. Also use Hindi [hin]. Also use Munda [unx]. Also use Mundari [unr]. Also use Odia [ory]. Also use Sadri [sck]. Also use Santhali [sat].,,"Literacy rate in L2: 12% for Jharkhand (20% male, 4% female) (1981 census); 32% for Odisha (2001 census).",,,,,"Bengali (Bangla) script [Beng]. Latin script [Latn], used in Bangladesh.","Mahli are reported to speak Sadri [sck] as L1 in Jharkhand, the Thar dialect of Dhatki [mki] in Odisha, and Bengali [ben] in West Bengal.",Hindu.
254,mai,Maithili,Maithili,मैथिली‎ (Maithilī),"Apabhramsa, Bihari, Maitili, Maitli, Methli, Tirahutia, Tirhuti, Tirhutia",IN,India,T,T,T,14152000,13500000,652000,"14,152,000 in India, all users.","13,500,000 in India (2011 census).","652,000 (2011 census).","12,000,000 monolinguals (1998).",,2011,"17,640,000 (as L1: 16,720,000; as L2: 920,000)","Bihar state: Muzaffarpur west, past Kosi east to west Purnia district, to Munger and Bhagalpur districts south, and Himalayan foothills north; Delhi, Kolkata, Mumbai. Cultural, religious, and linguistic centers are Janakpur, Madhubani and Darbhanga. Many settled abroad.",Bihar,26.7314,86.3096,2,2 (Provincial),"Statutory language of provincial identity in Bihar State (1950, Constitution, Schedule VIII), amended 2003.",,"Indo-European, Indo-Iranian, Indo-Aryan, Outer Languages, Eastern, Bihari","Standard Maithili, Southern Standard Maithili, Eastern Maithili (Khortha, Khotta, Kortha, Kortha Bihari), Jolaha, Central Colloquial Maithili (Sotipura), Kisan, Dehati, Thetiya (Thati)","Caste variation more than geographic variation in dialects. Functional intelligibility among all dialects, including those in Nepal. Reportedly most similar to Magahi [mag]. Lexical similarity: 91% between Brahmin and non-Brahmin dialects; 51%–65% with Bajjika [vjk].","SOV; postpositions; noun head final; 11 noun classes or genders; content q-word in situ; genitives, articles, numerals before noun heads, adjectives before and after noun heads; 1 prefix, up to 5 suffixes; clause constituents partially indicated by case-marking (6 cases) and postpositions; verbal affixation marks person, number, gender, and honorificity of subject; nominative-accusative; object marked by position; person, gender, animate distinguished, obligatory for subject; transitives; both tense and aspect; passives and voice; causatives; comparatives; V, VC, VCC, CV, CVC, CVV, CCV, CVCC, CCVCC; non-tonal; 26 consonant and 16 vowel phonemes; stress on penultimate syllable.","Used by Brahmin and other high caste or educated Hindus, who influence the culture and language, and other castes. There is a Maithili Academy. Linguistics and literature taught at Patna University and at L. N. Mithila University in Darbhanga. Home, community. Mixed attitudes. Influenced by caste, ranging from superiority to resentment; non-Brahmin speech viewed as inferior.",Also use Bengali [ben]. Also use Bhojpuri [bho]. Also use English [eng]. Also use Hindi [hin]. Also use Nepali [npi].,Used as L2 by Bajjika [vjk].,"Literacy rate in L1: 25%–50%. Literacy rate in L2: 25%–50%. If they can read Nepali [npi] or Hindi [hin], they can read Maithili. The educated read Hindi, Nepali, or English books for pleasure. Some literacy work in India.",Taught in primary and secondary schools through grade 5 and as subject thereafter in Bihar state.,Fully developed. NT: 2010.,,,"Devanagari script [Deva], primary usage. Kaithi script [Kthi], used until the turn of the 20th century. Newa script [Newa], no longer in use, historic usage. Tirhuta script [Tirh], used until the turn of the 20th century.",,Hindu.
255,mjz,Majhi,Majhi,माझी‎ (Majhi),Manjhi,IN,India,F,F,T,0,0,,,"No known L1 speakers in India (2016). Last native speaker in India, Thak Bahadur, died in 2016.",,,"121,000 (2007).",2016,"33,870 (as L1: 32,900; as L2: 970)","Jharkhand state: Gumla district; Sikkim state: South district, Majhigaon near Jorethang, and East district, Majhitar near Rangpo; possibly Assam and West Bengal states.",Sikkim,,,9,9 (Dormant),,,"Indo-European, Indo-Iranian, Indo-Aryan, Outer Languages, Eastern, Bihari",,,"SOV; postpositions; noun head final; no noun classes or genders; content q-word in situ; 1 prefix, up to 2 suffixes; clause constituents indicated by case-marking; verbal affixation marks person and number; split ergativity based on nominal hierarchy (the first and second person pronouns do not code ergativity but the third person pronouns do); passives and voice; nontonal; 29 consonant and 6 vowel phonemes.",,Most shifted to Nepali [npi]. Some shifted to Sadri [sck].,,,,Radio. Dictionary. Grammar. Texts. Bible portions: 2019.,,,Devanagari script [Deva].,Distinct from Majhi dialect of Eastern Punjabi [pan] or Bote (Bote-Majhi) [bmj] of Nepal.,Hindu.
256,mmj,Majhwar,Majhwar,,"Majhvar, Manjhi, Manjhia",IN,India,T,T,T,34300,34300,,,"34,300 (1995).",,,"174,000 (2007).",1995,,"Chhattisgarh state: Bilaspur district, Katghora sub-district; Raigarh and Surguja districts; Sikkim state; Uttar Pradesh state: scattered in Allahabad, Mirzapur, and Varanasi districts.",Chhattisgarh,22.9227,82.7082,7,7 (Shifting),,,Unclassified,,Possibly a dialect of Asuri [asr].,,,Shifting to English [eng].,,,,,,,,Reportedly speak Chhattisgarhi [hne] as L1.,Hindu.
257,mkb,Mal Paharia,Mal Paharia,,"Dehri, Mad, Mader, Mal, Mal Pahariya, Mal Pahoria, Maler, Malpaharia, Malti, Malto, Maltu, Manlati, Mar, Mar Paharia of Dumka, Marpaharia, Maw, Mawdo, Mawer, Mawer Nondi, Paharia, Parsi",IN,India,T,T,T,51000,51000,,,"51,000 (Bhaskararao 2006). Possibly 40,000 in West Bengal.",,,"111,000 (2000).",2006,,"Bihar state: Banka district; Jharkhand state: Deoghar district; Dumka district, Pakaur; south Godda district; Sahibganj district, Borio, Depart village; south Santal Pargana district, Ramgarh hills; West Bengal state: Bankura, Barddhaman, and Murshidabad districts.",Jharkhand,24.3677,87.6412,6b,6b* (Threatened),,,"Indo-European, Indo-Iranian, Indo-Aryan, Outer Languages, Eastern, Bengali-Assamese",,"Not inherently intelligible with Kumarbhag Paharia [kmj], Sauria Paharia [mjt], Bengali [ben], or Hindi [hin]. Part of the Malto ethnic group. Reportedly speak a variety similar to Kharia Thar [ksy] of Manbhum (Jharkhand). Lexical similarity: 85% between dialects, 59% with Mal Paharia Barmasiya.",,Vigorous. All domains. Positive attitudes.,Some also use Bengali [ben]. Also use English [eng].,,"Literacy rate in L2: 13% male, 3% female, average 8% (1981).",,Grammar. Texts. Bible: 2018.,,,Devanagari script [Deva].,,"Traditional religion, Christian."
258,ima,Mala Malasar,Mala Malasar,,"Maha Malasar, Malai Malasar, Malasir",IN,India,T,T,T,1000,1000,,,"1,000 (2004).",,,,2004,,"Kerala state: Palakkad district, Parambikulam wildlife sanctuary; Tamil Nadu state: Coimbatore district, Annamalai hills.",Tamil Nadu,10.4903,76.8706,6a,6a (Vigorous),,,"Dravidian, Southern, Unclassified",,"Lexical similarity: 68%–74% with Malasar [ymr], 70% with Eravallan [era], 70% with Muduga [udg], 65% with Tamil [tam], 61% with Malayalam [mal], 67%–72% with the Attapady dialect of Irula [iru], 75% with the Walayar dialect of Irula.",,"Vigorous. Home, village, religion. Used by all. Positive attitudes.",Also use English [eng]. Also use Malayalam [mal].,,"Literacy rate in L2: 17% in Kerala, 15% in Tamil Nadu (2001 census).",,,,,Unwritten [Qaax].,Mala Malasar means ‘king of the forest’. Culturally very distinct from neighboring tribal groups.,"Hindu, traditional religion."
259,mjo,Malankuravan,Malankuravan,,"Mala Koravan, Malaikuravan, Malakkuravan, Male Kuravan",IN,India,T,T,T,18600,18600,,,"18,600 (2001 census). 260 in Kerala, 18,300 in Tamil Nadu.",,,,2001,,"Kerala state: Kollam, Kottayam, and Trivandrum districts, Chittar, Kattachira, and Rajanpara in Ranni Range, Pathanamthitta sub-district, Nottakal in Pathanapuram sub-district, Pampa river, Neduvanged sub-district forest tracks; Tamil Nadu state: Kanniyakumari district.",Kerala,8.9556,77.1375,6a,6a* (Vigorous),,,"Dravidian, Unclassified",Malayadiars,,,,Also use English [eng]. Also use Tamil [tam].,,"Literacy rate in L2: 53% for Kerala, 41% for Tamil Nadu (2001 census).",,,,,,A Scheduled Tribe. Reported to speak a dialect of Malayalam [mal] with many borrowed words and phrases from Tamil.,"Traditional religion, Hindu."
260,mjp,Malapandaram,Malapandaram,,"Hill Pantaram, Malapantaram, Malepantaram, Pandaram Basha",IN,India,T,T,T,5850,5850,,,"5,850 (2001 census).",,,,2001,,"Kerala state: Kollam and Pathanamthitta districts, some in Kottayam and Palakkad districts; Tamil Nadu state: Coimbatore, Maduari, and Villupuram districts.",Kerala,9.1504,77.1664,6b,6b* (Threatened),,,"Dravidian, Southern, Tamil-Kannada, Tamil-Kodagu, Tamil-Malayalam, Malayalam",,"Lexical similarity: 83%–94% between varieties in Kerala, 63%–68% with Malayalam [mal], 64%–68% with Tamil [tam].",,"Home, community. Negative attitudes.","Also use Malayalam [mal], with many shifting in Kerala. Also use Tamil [tam], with most shifting in Tamil Nadu.",,"Literacy rate in L2: 48% for Kerala, 59% for Tamil Nadu (2001 census).",,,,,,A Scheduled Tribe.,"Hindu, traditional religion."
261,mjq,Malaryan,Malaryan,,"Arayans, Karingal, Malai Arayan, Malayarayan, Malayarayar, Male Arayans, Maley Arayan, Vazhiyammar",IN,India,T,T,T,0,0,,,No known L1 speakers. Dormant by 2000s.,,,"35,000 (2001 census).",,,"Kerala state: scattered in Ernakulam, Idukki, Kottayam, and Thrissur districts.",Kerala,10.2176,76.9427,9,9 (Dormant),,,"Dravidian, Southern, Tamil-Kannada, Tamil-Kodagu, Tamil-Malayalam, Malayalam",,,,,"Shifted to Malayalam [mal], in Kerala state.",,,,Grammar.,,,Unwritten [Qaax].,"A Scheduled Tribe. Speak a variety of Malayalam [mal] as L1. Malayarayar and Mala Arayan are listed as 2 different communities in the census but are the same group. Though the Kanikkar of Trivandrum District also sometimes call themselves Malayarayar, they are entirely different (Menon 1996:198).","Hindu, Christian."
262,ymr,Malasar,Malasar,,Malayar,IN,India,T,T,T,7760,7760,,,"7,760 (2001 census).",,,,2001,,"Karnataka state; Kerala state: Palakkad district, Chittoor and Palakkad sub-districts; Tamil Nadu state: Coimbatore district, Pollachi sub-district.",Tamil Nadu,10.6985,76.9487,6a,6a (Vigorous),,,"Dravidian, Southern, Unclassified",,"Lexical similarity: 68%–74% with Tamil [tam], 79%–83% with Walayar Irula [iru], 77%–86% with Eravallan [era], 57%–61% with Malayalam [mal], 68%–75% with Mala Malasar [ima] (2004 survey); 52%–56% with Malaryan [mjq], 77%–82% between Malasar and Kollimalakkar, Kollimalakkar 80% with Malapulaya (2006 survey).",,"Home, village, religion. Used by all. Positive attitudes.","Also use English [eng]. Also use Malayalam [mal], especially in Kerala among the few with higher education. Also use Tamil [tam].",,"Literacy rate in L2: 36% in Kerala, 22% in Tamil Nadu (2001 census).",,,,,Unwritten [Qaax].,"Kollimalakkar call themselves Malasar but are different culturally, belonging to the Malayali tribe of Tamil Nadu. They migrated to Nelliyampathy area in Kerala for work many years ago.","Traditional religion, Christian, Hindu."
263,mjr,Malavedan,Malavedan,,"Malai Vedan, Malavetan, Towetan, Veda Bhasha, Vedans, Vettava Bhasha",IN,India,T,T,T,27000,27000,,,"27,000 (2011), decreasing.",,,"33,000 (2011 census). 26,000 in Kerala and 7,000 In Tamil Nadu.",2011,,"Kerala state: Ernakulam, Idukki, Kollam, Kottayam, Pathanamthitta, and Trivandrum districts; Tamil Nadu state: scattered in Dindigul, Kanniyakumari, Madurai, Nilgiris, Salem, and Tirunelveli districts.",Kerala,9.7425,76.7266,6b,6b (Threatened),,,"Dravidian, Southern, Tamil-Kannada, Tamil-Kodagu, Tamil-Malayalam, Malayalam","Vetan, Vettuvan","Lexical similarity: 64%–68% with Malayalam [mal], 48%–52% with Tamil [tam].",,"Shifting to Malayalam [mal] in Kerala state, especially in Idukki district. Home, village in Pathanamthitta district. Some of all ages. Negative attitudes, especially in Kerala state.","Also use English [eng]. Also use Malayalam [mal], especially in Kerala.",,"Literacy rate in L2: 67%–78% for Kerala, 56% for Tamil Nadu (2001 census).",,Grammar.,,,Unwritten [Qaax].,A Scheduled Tribe.,Hindu.
264,mal,Malayalam,Malayalam,മലയാളം‎ (Malayāḷam),"Alealum, Malayalani, Malayali, Malean, Maliyad, Mallealle, Malyalam, Mopla",IN,India,T,T,T,35601000,34800000,801000,"35,601,000 in India, all users.","34,800,000 in India (2011 census).","801,000 (2011 census).",,,2011,"38,180,200 (as L1: 37,367,500; as L2: 812,700)","Karnataka state: Dakshina Kannada, Kodagu, and Mysore districts; Kerala and Lakshadweep states; Puducherry state: Mahe; Tamil Nadu state: Colimbatore, The Nilgiris, and Tirunelveli districts.",Kerala,10.5227,76.3723,2,2 (Provincial),"Statutory provincial language in Kerala State; union territories Lakshadweep and Puducherry (1950, Constitution, Schedule VIII).",,"Dravidian, Southern, Tamil-Kannada, Tamil-Kodagu, Tamil-Malayalam, Malayalam","Malabar, Nagari-Malayalam, Malayalam, South Kerala, Central Kerala, North Kerala, Kayavar, Namboodiri, Moplah (Mapilla), Pulaya, Nasrani, Nayar, Kasargod, Jeseri (Dweep Bhasha, Jesri), Jewish Malayalam, Nuclear Malayalam, Tiyya (Ezhava), Ernad","Caste and communal dialects: Namboodiri, Nayar, Moplah, Pulaya, Nasrani. Mapilla is among the most divergent dialects, differing considerably from literary Malayalam.","SOV; postpositions; noun head final; gender (masculine/feminine/neuter); case-marking (7 cases); tense; 37 consonants, 11 vowels, 2 diphthongs; non-tonal; light stress on first syllable; inclusive/exclusive pronouns.",Cochin Jews in Kerala speak Malayalam.,,"Used as L2 by Allar [all], Aranadan [aaf], Attapady Kurumba [pkr], Irula [iru], Jennu Kurumba [xuj], Kadar [kej], Kalanadi [wkl], Kanikkaran [kev], Kodava [kfa], Kudiya [kfg], Kunduvadi [wku], Kurichiya [kfh], Mala Malasar [ima], Malapandaram [mjp], Malaryan [mjq], Malasar [ymr], Malavedan [mjr], Mannan [mjv], Moundadan Chetti [cty], Muduga [udg], Mullu Kurumba [kpb], Muthuvan [muv], Paliyan [pcf], Paniya [pcg], Pathiya [pty], Ravula [yea], Thachanadan [thn], Ullatan [ull], Urali [url], Wayanad Chetti [ctt].",,"Taught in primary and secondary schools through grade 5 and as subject thereafter in Kerala State, and Lakshadweep and Puducherry union territories.",Fully developed. Bible: 1841–2004.,,,"Arabic script, Naskh variant [Arab]. Braille script [Brai], used since 1998. Malayalam script [Mlym], primary usage.",A Classical Language of India since 2013.,"Hindu, Christian, Jewish, Muslim."
265,div,Maldivian,Maldivian,"ދިވެހި‎ (Divehi), ދިވެހިބަސް‎ (Divehi-bas)","Dhivehi, Dhivehi Bas, Mahl, Malikh, Malki",IN,India,F,T,T,9500,9500,,,"9,500 in India (2012).",,,,2012,"4,99,500","Lakshadweep state: Laccadives, Minicoy island; Kerala state: possibly in Trivandrum.",Lakshadweep,,,5,5* (Dispersed),,,"Indo-European, Indo-Iranian, Indo-Aryan, Outer Languages, Southern, Sinhalese-Maldivian",Maliku Bas (Minicoy Dialect),,SOV.,"Those in Minicoy are undergoing acculturation owing to lack of contact with remaining Divehi people and pressure to use other languages (Malayalam [mal], English [eng], and Hindi [hin]).",Also use English [eng]. Also use Standard Arabic [arb].,,Literacy rate in L1: 95%–100%. Literacy rate in L2: 95%–100%.,,Fully developed. Bible portions: 2004–2017.,,,Thaana script [Thaa].,,"Muslim, traditional religion."
266,mup,Malvi,Malvi,मालवी‎ (Malvi),"Malavi, Mallow, Malwada, Malwi",IN,India,T,T,T,5440000,5440000,,,"5,440,000 (2011 census).",,"1,110,000 monolinguals.",,2011,,"Madhya Pradesh state: Bhopal, Dewas, Dhar, Guna, Indore, Mandsaur, Nimuch, Rajgarh, Rathlam, Sehore, Shajapur, and Ujjain districts; Rajasthan state: Jhalawar district. Sondwari dialect geographically isolated from the others.",Madhya Pradesh,23.3121,76.3726,5,5* (Developing),,,"Indo-European, Indo-Iranian, Indo-Aryan, Intermediate Divisions, Western, Rajasthani, Unclassified","Ujjaini (Avanthika, Malvi Proper), Rajawadi, Umadwadi, Sondwari (Sondhwadi, Soudhwari), Bachadi, , Dholewari, Hoshangabad, Jamral, Katiyai, Malvi Proper, Patvi, Rangari, Rangri","Considered the standard variety, Southeastern Rajasthani Nimadi [noe] is reportedly most similar language with 70% intelligibility. 88%–92% intelligibility of Ujjaini dialect by other dialects. Lexical similarity: 65%–89% among dialects.",SOV; nontonal.,"Vigorous. Home, village, religion. Positive attitudes.",Most also use Hindi [hin]. Also use English [eng].,,Literacy rate in L2: 58% for rural Madhya Pradesh (2001 census). Government project discontinued due to low response.,,Literature. Radio. Dictionary. NT: 1826.,,,Devanagari script [Deva].,,"Hindu, Muslim."
267,mha,Manda,Manda,,,IN,India,T,T,T,4040,4040,,,"4,040 (2000).",,,,2000,,"Odisha state: Kalahandi district, Thuamul Rampur subdivision.",Odisha,19.5937,83.0622,6b,6b* (Threatened),,,"Dravidian, South-Central, Gondi-Kui, Konda-Kui, Manda-Kui, Manda-Pengo",,,,,Also use English [eng].,,,,Dictionary.,,,,,Hindu.
268,mjl,Mandeali,Mandeali,मंडियाली‎ (Mandiali),"Mandi, Mandiali, Mandyali, Pahari Mandiyali",IN,India,T,T,T,623000,623000,,,"623,000 (2011 census).",,,,2011,,Himachal Pradesh state: Mandi district.,Himachal Pradesh,31.6445,77.0126,5,5 (Developing),,,"Indo-European, Indo-Iranian, Indo-Aryan, Intermediate Divisions, Western, Pahari, Western Pahari",,"Preliminary survey suggests speakers have functional intelligibility of Kangri [xnr]. People in southeast Mandi district may have more difficulty understanding Kangri. Standard Mandeali is spoken throughout the broad valley running north and south from Jogindernagar to Sundarnagar. Mandeali Pahari is spoken north around Barot, east of Uhl River. Intelligible with difficulty to standard Mandeali. May be intermediate variety between Mandeali and Kullui [kfx]. Southeast district contains transition to Mahasui [bfz]. In the west, Sarkaghat is also a bit different from standard Mandeali, perhaps forming a transition towards Hamirpur and Bilaspur areas. Lexical similarity: 89% with Palampuri dialect of Kangri [xnr], 83% with Chambeali [cdh].",SOV.,Used by all.,Also use Eastern Punjabi [pan]. Also use English [eng]. Also use Hindi [hin]. Also use Urdu [urd].,,,,Newspapers. Radio. NT: 2017.,,,"Devanagari script [Deva]. Takri (Tankri, Takari) script [Takr], no longer in use.",,Hindu.
269,mju,Manna-Dora,Manna-Dora,,,IN,India,T,T,T,18000,18000,,,"18,000 (2011 census).",,,########,2011,,"Andhra Pradesh state: Srikakulam, Vishakhapatnam, and Vizianagaram districts, scattered in East Godavari and West Godavari districts; perhaps in Tamil Nadu state.",Andhra Pradesh,18.415,83.4298,8b,8b (Nearly extinct),,,"Dravidian, South-Central, Telugu",,,,It is uncertain if they are speaking Telugu [tel] or a closely related language of their own.,Shifted to Telugu [tel].,,,,,,,Telugu script [Telu].,,Hindu.
270,mjv,Mannan,Mannan,,"Inavan petch, Mannan Pasha, Manne, Mannyod",IN,India,T,T,T,7850,7850,,,"7,850 (2001 census). 7,760 in Kerala, 82 in Tamil Nadu.",,,"12,000 (Shaw 2008).",2001,,"Kerala state: Idukki district, Devikulam, Pirmed, and Udumpanchola sub-districts; Tamil Nadu state: scattered in Madurai district.",Kerala,9.9756,77.0264,6b,6b (Threatened),,,"Dravidian, Southern, Tamil-Kannada, Tamil-Kodagu, Tamil-Malayalam",,"Little variation between varieties with 92% intelligibility, 70% intelligibility of Malayalam [mal]. Lexical similarity: 86%–96% between varieties, 57%–61% with Tamil [tam], 56%–64% with Malayalam [mal].",,"Home, village, religion. Some young people, all adults. Positive attitudes. Interest in language development.","Also use Malayalam [mal], with many youth shifting, especially the educated and those having contact with outsiders (Shaw 2008).",,"Literacy rate in L2: 50% for Kerala, 84% for Tamil Nadu (2001 census).",,NT: 2018.,,,Malayalam script [Mlym].,A Scheduled Tribe in Kerala and Tamil Nadu. Not the same as the Scheduled Caste Mannan in Trivandrum and other adjoining districts of Kerala and Tamil Nadu who speak Malayalam. Romanized spelling is the same but the Scheduled Caste name is pronounced with retroflex double n.,"Hindu, traditional religion."
271,mrh,Mara,Mara,"Mara, Mara Reih","Hawthai, Mira, Sabeu, Tlongsai, Zao, “Chin, Mara” (pej.), “Lakher” (pej.), “Mara Chin” (pej.), “Maraa” (pej.), “Miram” (pej.), “Shendu” (pej.)",IN,India,T,T,T,75000,75000,,,"75,000 in India (2024 Executive Secretary of the Mara Autonomous District Council).",,,,2024,"1,22,000","Mizoram state: Siaha district, Mara Autonomous District Council and other districts. 2 towns, 60 villages. Also some population in other states.",Mizoram,22.0661,93.0941,4,4 (Educational),,,"Sino-Tibetan, Tibeto-Burman, Kuki-Chin, Maraic, Mara","Tlôsai-Siaha (“Tlongsai” (pej.)), Lôchei-Hawthai, Chapi-Ngiaphia-Sabyh (“Fàbau” (pej.), “Sabeu” (pej.), Sizô), Zyhno-Lialai-Heima (“Zawhnai” (pej.)), Vyhtu",Same as Shendu [shl]; Shendu is an exonym for Mara. Tlôsai-Siaha dialect is the lingua franca of the Mara people.,SOV.,Vigorous. All domains. Used by all. Positive attitudes.,Many also use English [eng]. Also use Mizo [lus].,Used as L2 by Zyphe Chin [zyp].,,Taught in most primary schools through grade 8.,Literature. Dictionary. Grammar. Bible: 1955–2023.,,,Latin script [Latn].,,Christian.
272,mar,Marathi,Marathi,मराठी‎ (Marāṭhī),"Maharashtra, Maharathi, Malhatee, Marthi, Muruthu",IN,India,T,T,T,99000000,83000000,16000000,"99,000,000 in India, all users.","83,000,000 in India (2011 census).","16,000,000 (2011 census).",,,2011,"99,262,870 (as L1: 83,247,270; as L2: 16,015,600)","Andhra Pradesh, Chhattisgarh, Goa, Karnataka, and Madhya Pradesh states; Maharashtra state: Belgaum, Bidar, and Karnataka districts.",Maharashtra,19.3455,76.2593,2,2 (Provincial),"Statutory provincial language in Maharashtra State (1950, Constitution, Schedule VIII).",,"Indo-European, Indo-Iranian, Indo-Aryan, Outer Languages, Southern","Gawdi of Goa, Kasargod, Kosti, Kudali, Nagpuri Marathi, Thanjavuri Marathi","Complex dialect situation with many dialects. Dialects bordering other major language areas share many features with those languages. Dialects or closely related languages: Konkani [knn], Goan Konkani [gom], Deccan [dcc], Varhadi-Nagpuri [vah], and Gowlan [goj]. There is a dialect in Thanjavur District and elsewhere in Tamil Nadu influenced lexically by Tamil [tam] and Kannada [kan], with at least 100,000 speakers.",,The Bene Israel are a Marathi-speaking Jewish group in Mumbai.,,"Used as L2 by Ahirani [ahr], Andh [anr], Bhalay [bhx], Far Western Muria [fmu], Gowli [gok], Indo-Portuguese [idb], Katkari [kfu], Khandesi [khn], Korku [kfq], Korlai Portuguese Creole [vkp], Lambadi [lmn], Mawchi [mke], Nihali [nll], Noiri [noi], Northern Gondi [gno], Northwestern Kolami [kfb], Palya Bareli [bpx], Pardhan [pch], Pauri Bareli [bfb], Powari [pwr], Rathwi Bareli [bgd], Saraiki [skr], Tulu [tcy], Vaagri Booli [vaa], Varli [vav], Vasavi [vas], Waddar [wbq].",Literacy rate in L1: 77% (2001 census). Literacy rate in L2: 77% (2001 census).,Taught in primary and secondary schools through grade 5 and as subject thereafter in Maharashtra state.,Fully developed. Bible: 1821–2002.,,,"Braille script [Brai]. Devanagari script [Deva], primary usage. Modi script [Modi].","The Habshi are Muslim, descended from East African slaves brought to western India. Are is a synonym for a Marathi caste name. Are also refers to Marathi-speaking communities in south India.","Hindu, Jewish, Muslim."
273,mrr,Maria,Maria,माडिया गोंड‎ (Maadiya Gond),"Hill Madia, Hill Maria, Madi, Madia, Madia Gond, Madiya, Modh, Modi",IN,India,T,T,T,165000,165000,,,"165,000 (2000). 141,000 Maria and 23,700 Hill Maria; All Gondi speakers: 2,910,000 (2011 census).",,,,2000,,"Chhattisgarh state: Bastar district, Narayanpur and Bijapur sub-districts, administrative block of 200 villages known as ‘Abujhmar block’; Maharashtra state: Garhchiroli (Chanda) district, Bhamragad, Etapalli, and Sironcha sub-districts.",Maharashtra,19.6798,80.3741,6a,6a* (Vigorous),,,"Dravidian, South-Central, Gondi-Kui, Gondi","Abujmaria (Abujhmadia, Abujhmaria, Abujmar Maria, Abujmariya, Hill Maria), Adewada, Bhamani Maria (Bhamani), Etapally Maria","Etapally Maria dialect is apparently understood by all. Distinct from Muria, Dandami Maria [daq], Northern Gondi [gno], Adilabad Gondi [wsg], Aheri Gondi [esg], and Koya [kff]. 76%–77% intelligibility of other Gondi varieties. Muria Gondi [mut] is intelligible of Abujmaria around Narainpur area but not elsewhere. Distinct from Maria dialect of Chanda District in Maharashtra (Natarajan 1985). Intelligibility 90%–100% of Bhamragarh dialect by other Maria speakers. Maria is intelligible to the Gatte Maria, an ethnic group. Lexical similarity: 59%–80% among dialects (1991 survey), 65%–98% (1999 survey).",,All domains.,"Some also use Halbi [hlb], especially men who may also use a Muria variety. Also use English [eng]. Also use Hindi [hin].",,"Literacy rate in L1: Men 5%, women below 1%. Literacy rate in L2: 25%–50%. High interest in literacy.",,Grammar. Bible portions: 2019.,,,Devanagari script [Deva].,A Scheduled Tribe.,"Hindu, Christian, traditional religion."
274,daq,"Maria, Dandami",Dandami Maria,,"Bastar Koya, Bison Horn Maria, Dandami Madiya, Dhuru, Gondi Madiya, Madiya, Maria Gond",IN,India,T,T,T,200000,200000,,,"200,000 (2000). All Gondi speakers: 2,910,000 (2011 census).",,,,2000,,"Andhra Pradesh state: Bijapur, Chhattisgarh, and Daksin Bastar Dantewada districts; Maharashtra state: Garhichiroli district; Telangana state: Khamman district.",Andhra Pradesh,18.7206,81.0128,5,5 (Developing),,,"Dravidian, South-Central, Gondi-Kui, Gondi","Geedam, Sukma (Suka)","Those in Geedam and Bailadila have 95%–98% mutual intelligibility, 81% of the Sukma variety, but 18%–21% of Maria [mrr], 18%–45% of Muria in Sukma understood the Geedam variety at 81% or lower; those in Bailadila understood Sukma at 92%. May be more than one language. Distinct from Northern Gondi [gno], Adilabad Gondi [wsg], Aheri Gondi [esg], Maria of Garhchiroli, and Koya [kff].",,Used by all.,Also use English [eng].,,Literacy program in progress.,,Grammar. NT: 2010.,,,Devanagari script [Deva].,A Scheduled Tribe.,"Hindu, traditional religion."
275,rmz,Marma,Marma,မရမာ‎ (Mraima),"Arkanese-Marma, Mraima, “Mogh” (pej.)",IN,India,F,T,T,36700,36700,,,"36,700 in India (2011 census).",,,,2011,"2,60,700",Mizoram and Tripura states.,Mizoram,,,6a,6a* (Vigorous),,,"Sino-Tibetan, Tibeto-Burman, Ngwi-Burmese, Burmish, Southern",,,,"Home, village.",Also use English [eng].,,,,NT: 2022.,,,"Bengali (Bangla) script [Beng], used in Bangladesh. Myanmar (Burmese) script [Mymr], used in India.",,"Buddhist, Christian, Muslim."
276,rwr,Marwari,Marwari,मारवाड़ी‎ (Mārwāṛī),"Marrubhasha, Marvadi, Marvari, Marwadi, Rajasthani",IN,India,T,T,T,7830000,7830000,,,"7,830,000 in India (2011 census).",,,,2011,"7,854,750 (as L1: 7,851,300; as L2: 3,450)","Rajasthan state: Barmer, Bikaner, Churu, Jaisalmer, Jalore, Jodhpur, and Pali districts; Delhi, Gujarat, Haryana, Madhya Pradesh, Punjab, and Uttar Pradesh states; thoughout India.",Rajasthan,26.4528,71.9518,5,5 (Developing),,,"Indo-European, Indo-Iranian, Indo-Aryan, Intermediate Divisions, Western, Rajasthani, Marwari","Barmeri, Bikaneri, Jaisalmeri, Standard Marwari (Jodhpuri)","The standard form of Marwari. May or may not be different from Marwari of Pakistan [mve]. 67% intelligibility of Shekhawati [swv], 61% of Godwari [gdx], 54% of Mewari [mtr], 54% of Dhundari [dhd], 45% of Haroti [hoj], and 45% of Mewati [wtm]. 53% intelligibility of Shekawati by Marwari. Lexical similarity: 50%–65% with Hindi [hin], 69%–76% with Merwari [wry], 72%–87% between dialects, 62%–74% with Godwari [gdx], 61%–77% with Shekawati [swv].",SOV; postpositions; noun head final; content q-word in situ; clause constituents indicated by case-marking; both tense and aspect; 38 consonant and 10 vowel phonemes; nontonal.,"Vigorous. Home, village, market, religion. Used by all. Positive attitudes.","Also use English [eng]. Also use Hindi [hin], especially educated people.",,Literacy rate in L1: 5%–10%. Literacy rate in L2: 50%–75%.,,Literature. Newspapers. Radio. Dictionary. Grammar. Texts. NT: 1820–2023.,,,Devanagari script [Deva].,,"Hindu, Jain, Muslim."
277,mke,Mawchi,Mawchi,,"Māwəchī, Mauchi, Mavchi, Mawachi, Mawchi Bhil, Mowchi",IN,India,T,T,T,98500,98500,,,"98,500 (2011 census).",,,,2011,,Gujarat state: southeast; Maharashtra state: Dhule district.,Maharashtra,20.9265,73.9609,5,5* (Developing),,,"Indo-European, Indo-Iranian, Indo-Aryan, Intermediate Divisions, Western, Bhil","Mawchi, Padvi",,,,Also use English [eng]. Also use Marathi [mar].,,Literacy rate in L1: 5%–10%. Literacy rate in L2: 25%–50%.,,Radio. NT: 1989.,,,Devanagari script [Deva].,,Traditional religion.
278,mni,Meitei,Meitei,মৈতৈলোন্‎ (Meiteilon),"Kaṯhe, Kathe, Kathi, Mēkhalī, Mēklē, Mailhai, Manipuri, Meetei, Meeteilon, Meitei Manipuri, Meiteilon, Meiteiron, Meithe, Meithei, Meithlei, Menipuri, Mitei, Mithe, Pōṇṇā, Ponna",IN,India,T,T,T,2246000,1760000,486000,"2,246,000 in India, all users.","1,760,000 in India (2011 census).","486,000 (2011 census).",,,2011,"2,261,000 (as L1: 1,775,000; as L2: 486,000)","Assam state: Cachar and Dima Hasao; Mainly Manipur state; Nagaland state: Dimapur, Kohima, Peren, Phek; Mizoram state: Aizwal and Kolasibi; possibly some in nearby states.",Manipur,24.3075,91.6883,2,2 (Provincial),"Statutory provincial language in Manipur State (1950, Constitution, Schedule VIII), amended 1992.",,"Sino-Tibetan, Tibeto-Burman","Meitei, Loi (Chakpa), Pang-gal (Manipuri Muslim, Pang-gan)","Intelligibility of Meitei in Bangladesh is difficult. Those in Bangladesh may understand India Meitei better than vice versa possibly due to more language change in Bangladesh over the years. India Meitei is more standard. Intelligibility between dialects in Bangladesh definitely sufficient to understand complex and abstract discourse. Lexical similarity: 80%–86% between dialects in Bangladesh, 65%–70% between Bangladesh and India varieties.",SOV; postpositions; articles before noun heads; 25 consonants and 6 vowels; tonal (2 tones).,,Also use Hindi [hin].,"Used as L2 by Aimol [aim], Anal [anm], Chiru [cdf], Chothe Naga [nct], Gangte [gnb], Hmar [hmr], Inpui Naga [nkf], Kharam Naga [kfw], Koireng [nkd], Kom [kmm], Lamkang [lmk], Mao Naga [nbi], Maram Naga [nma], Monsang Naga [nmh], Moyon Naga [nmo], Purum [pub], Tarao Naga [tro], Thado Chin [tcz], Thangal Naga [nki].",Literacy rate in L1: 73% (2005 BI). Literacy rate in L2: 69% for Manipur (2001 census).,Taught in primary and secondary schools through grade 5 and as subject thereafter in Manipur state.,Literature. Radio. Videos. Dictionary. Grammar. Texts. Bible: 1984–2022.,,,"Bengali (Bangla) script [Beng]. Braille script [Brai]. Latin script [Latn], unofficial usage. Meitei Mayek script [Mtei].","Mainly rural. 7 clans (Mangang (Ningthouja), Luwang. Khuman (Khumal), Moirang, Angom, Khaba-nganba, and Sarang-leisangthem).","Hindu, Christian, Muslim, traditional religion."
279,wry,Merwari,Merwari,,Ajmeri,IN,India,T,T,T,3900000,3900000,,,"3,900,000 (2001 census).",,,,2001,,Rajasthan state: Ajmer and Nagaur districts.,Rajasthan,26.66,74.443,6a,6a (Vigorous),,,"Indo-European, Indo-Iranian, Indo-Aryan, Intermediate Divisions, Western, Rajasthani, Marwari",,"82%–97% intelligibility of Marwari [mve]. Lexical similarity: 60%–73% between varieties of Merwari in Ajmer and Nagaur districts; 49%–74% with Marwari [rwr], 58%–80% with Shekhawati [swv], 44%–70% with Godwari [gdx], 54%–72% with Mewari [mtr], 62%–70% with Dhundari [dhd], 57%–67% with Haroti [hoj].",,"Vigorous. Home, village, market, religion. Used by all. Positive attitudes.","Also use English [eng]. Also use Hindi [hin], especially educated people, with very good proficiency.",,,,Radio.,,,Unwritten [Qaax].,,
280,mtr,Mewari,Mewari,मेवाड़ी‎ (Mewadi),Mewadi,IN,India,T,T,T,4210000,4210000,,,"4,210,000 (2011 census).",,,,2011,,"Rajasthan state: Bhilwara, Chittoaurgarh, and Udaipur districts; Gujarat, Haryana, Delhi, Madhya Pradesh, Uttar Pradesh states.",Rajasthan,24.9787,74.6221,5,5* (Developing),,,"Indo-European, Indo-Iranian, Indo-Aryan, Intermediate Divisions, Western, Rajasthani, Marwari","Khairari, Gorawati, Sarwari","54% intelligibility with Marwari [rwr]. Lexical similarity: 81%–97% between dialects, 73%–91% with Marwari, 75%–90% with Wagri-Dhevdi, 72%–89% with Malvi [mup], 54%–72% with Merwari [wry], 57%–66% with Shekhawati [swv], 51%–73% with Godwari [gdx], 56%–64% with Dhundari [dhd], 69%–84% with Haroti [hoj].",SOV.,"Home, village. Positive attitudes.",Many also use Hindi [hin]. Also use English [eng].,,Literacy rate in L2: 38% (2001 census).,,Radio. Texts. NT: 2021.,,,Devanagari script [Deva].,"Different from Mewati, dialect of Haryanvi [bgc].","Hindu, traditional religion."
281,wtm,Mewati,Mewati,मेवाती‎ (Mewati),Mewathi,IN,India,T,T,T,857000,857000,,,"857,000 in India (2011 census).",,"51,600 monolinguals (2006 SIL).",,2011,"19,47,000","Haryana state: Faridabad and Gurgaon districts; Rajasthan state: Alwar, Bharatpur, and Dholpur districts; Uttar Pradesh: Madhura district.",Rajasthan,27.473,76.8917,5,5 (Developing),,,"Indo-European, Indo-Iranian, Indo-Aryan, Intermediate Divisions, Western, Unclassified",Ahirwati,"45% intelligibility of Marwari [rwr]. Over 90% intelligibility of Alwar District dialect throughout Mewati area. Dialect in the Nuh area of Gurgaon is considered purest. Lexical similarity: 72%–77% with Hindi [hin], 63%–68% with Haryanvi [bgc], 57%–70% with Shekhawati [swv], 62%–67% with Dhundari [dhd], 52%–70% with Haroti [hoj], 68%–71% with Braj Bhasha [bra], 86%–99% between all varieties of Mewati.",,"Vigorous. Home, village, market, religion. Used by all. Positive attitudes.",Some also use Hindi [hin]. Also use Standard Arabic [arb]. Also use Urdu [urd].,,Literacy rate in L2: 25% (2006 SIL).,,Bible portions.,,,Devanagari script [Deva].,People are called Meo; many Urdu [urd] loanwords.,"Muslim, Hindu."
282,sjl,Miji,Miji,,,IN,India,T,T,T,6500,6500,,,"6,500 (2001).",,,,2001,,"Arunachal Pradesh state: East Kameng district, Bameng and Lada sub-districts, Besai, Dongko, Drackchi, Gerangzing, Kampaa, Kojo, Nabolong, Naschgzang, Panker, Pego, Rojo, Sachung, Salang, Sekong, Wakke, and Zarkam villages; West Kemang district, Nafra sub-district, 25 villages including Chalang, Debbing, Dibrick, Dichik, Khellong, Lower Dzang, Nachinghom, Nafra, Najang, Naku, Nizong, Rurang, Upper Dzang, and Zangnaching in Bichom and Pakesa river valley.",Arunachal Pradesh,27.4929,92.6242,5,5 (Developing),,,"Sino-Tibetan, Tibeto-Burman, Central Tibeto-Burman, Hrusish","Western Miji (Dammai, Dhəmmai, Dhammai, Sajalang, Sajolang), Eastern Miji (Nəmrai, Namrei)",Generally considered in the Mirish subgroup. Reportedly completely dissimilar to any surrounding language. Lexical similarity: 54%–65% between varieties of West and East Kameng; 54%–83% between all varieties.,,Used by all.,"Also use Assamese [asm]. Also use English [eng]. Also use Hindi [hin]. Educated speak it more fluently, but all speakers know some. Also use Hruso [hru]. Also use Nyishi [njz].","Used as L2 by Hruso [hru], Nyishi [njz].","Literacy rate in L2: 39%, males 48%, females 29% (2001 census).",,NT: 2019.,,,Latin script [Latn].,A Scheduled Tribe.,"Traditional religion, Christian."
283,mxj,Miju-Mishmi,Miju-Mishmi,,"Eastern Mishmi, Geman Dend, Geman Deng, Kaman, Kaman Mishmi, Kman, Mījū Mishmi, Miji, Miju, Mishmi",IN,India,T,T,T,3000,3000,,,"3,000 in India (Blench 2015).",,,,2015,"3,200","Arunachal Pradesh state: Lohit district, 25 villages, high altitudes of east, upper Lohit and Dau valleys; Assam state.",Arunachal Pradesh,28.1619,97.0129,6a,6a* (Vigorous),,,"Sino-Tibetan, Tibeto-Burman, Central Tibeto-Burman, Mijish",,"Conflicting reports about Miju-Mishmi similarity to Idu-Mishmi [clk] and Digaro-Mishmi [mhu]. Reportedly intelligible but recorded lexical similarity is too low for this to be possible. Ethnically related, but may not be linguistically similar. Related to Kachin, Chin and Lepcha [lep] languages (Chowdhury 1996). Some linguists believe the language is similar to Jingpho [kac]. Lexical similarity: 7% with Idu-Mishmi [clk], 10% with Digaro-Mishmi [mhu] (IICCC).",SOV; 28 consonants and 6 vowels; tonal (4 tones which reportedly have a low functional load).,,Some also use English [eng]. Also use Assamese [asm]. Also use Digaro-Mishmi [mhu]. Also use Hindi [hin]. Also use Nepali [npi].,,Literacy rate in L2: 40% for Mishmi (2001 census).,,Dictionary. Grammar.,,,Latin script [Latn].,Different from the Miji [sjl].,"Buddhist, traditional religion."
284,zrg,Mirgan,Mirgan,,"Mirgami, Mirkan, Panika, Panka",IN,India,T,T,T,60000,60000,,,"60,000 (1998 N. Lima).",,,,1998,,Chhattisgarh state: Bastar district; Odisha state: Koraput and Nabarangapur districts.,Chhattisgarh,20.2751,81.2675,6a,6a* (Vigorous),,,"Indo-European, Indo-Iranian, Indo-Aryan, Outer Languages, Eastern, Bengali-Assamese","Batasuna, Jagdal Pur, Kosagumuda, Kotpad, Nabarang Pur, Umerkote",Dialects have good intelligibility. Not functionally intelligible of Halbi [hlb]. Lexical similarity: 83%–95% among dialects.,,"Vigorous. Home, religion. Positive attitudes.","Also use Desiya [dso], in Odisha. Also use English [eng]. Also use Halbi [hlb], in Madhya Pradesh. Also use Hindi [hin], in Madhya Pradesh. Also use Odia [ory], in Odisha, but with low proficiency.",,Literacy rate in L2: 10% in Odia [ory].,,,,,Oriya (Odia) script [Orya]. Telugu script [Telu].,"Declared a General Caste by the government. Divided into 2 groups, the larger Kabirpanthi and the smaller Sakta.","Traditional religion, Christian, Hindu."
285,mrg,Mising,Mising,Mising,"Hill Miri, Miching, Mishing, Mising-Padam-Miri-Minyong, Missing, Takam",IN,India,T,T,T,630000,630000,,,"630,000 (2011 census).",,,,2011,,"Arunachal Pradesh state: Lower Subansiri district, Ziro subdistrict, villages near Pasighat, both sides of Kamla river; Upper Subansiri district, Daporizo sub-district; Assam state: Dhemaji, Dibrugarh, Golaghat, Jorhat, North Lakhimpur, Sibsagar, Sonitput, and Tinsukia districts.",Assam,26.8171,93.9331,5,5* (Developing),,,"Sino-Tibetan, Tibeto-Burman, Central Tibeto-Burman, Tani","Minyong, Miri, Mising, Padam",Adi [adi] may be a dialect (2021 T. Patir). Most experts on the Aranuchal Pradesh and Tani languages treat Hill Miri and Mising as separate languages belonging to different branches of the Tani subgroup (2022 ELP).,,,Also use Assamese [asm].,,"Literacy rate in L2: 53% for Arunachal, 60 % for Assam (2001 census).",,Radio. Dictionary. Grammar. NT: 2001.,,,Bengali (Bangla) script [Beng]. Devanagari script [Deva]. Latin script [Latn].,,"Hindu, traditional religion."
286,lus,Mizo,Mizo,Mizo,"Duhlian Twang, Dulien, Hualngo, Le, Lei, Lukhai, Lusago, Lusai, Lusei, Lushēi, Lushai, Lushai-Mizo, Lushei, Mizo ṭawng, Sailau, Whelngo",IN,India,T,T,T,947000,831000,116000,"947,000 in India, all users.","831,000 in India (2011 census).","116,000 (2011 census).",,,2011,"959,750 (as L1: 843,750; as L2: 116,000)",Assam state; Manipur state: Churachandpur district; Mizoram and Nagaland states; Tripura state: Jampui Hill range.,Mizoram,23.1998,92.7422,4,4 (Educational),"Statutory language of provincial identity in Mizoram State (1950, Constitution, Articles 345–347 inclusive), unscheduled language.",,"Sino-Tibetan, Tibeto-Burman, Kuki-Chin, Central, Mizo","Fannai, Mizo, Ngente, Tlau","Related to Hmar [hmr], Pangkhua [pkh], and Falam Chin [cfm] (Zahao dialect).",SOV.,,Also use English [eng].,"Used as L2 by Biate [biu], Chakma [ccp], Hmar [hmr], Hrangkhol [hra], Mara [mrh], Paite Chin [pck], Pankhu [pkh], Pnar [pbv], Ralte [ral].",Literacy rate in L1: 82%. Literacy rate in L2: 74% for Manipur (2001 census).,Taught as subject in primary and secondary schools in Mizoram state.,Periodicals. Dictionary. Grammar. Texts. Bible: 1959–1995.,,,"Bengali (Bangla) script [Beng]. Braille script [Brai]. Latin script [Latn], primary usage.","Mizo is a Scheduled Tribe with subgroups Lushai, Pang, Tlau, and Hualngo.",Christian.
287,kkf,"Monpa, Kalaktang",Kalaktang Monpa,,"Sharpa-lo, Southern Monpa, Tsangla Monpa",IN,India,T,T,T,8000,8000,,,"8,000 (2005).",,,,2005,,"Arunachal Pradesh state: West Kameng district, Kalaktang sub-district, Balimu, Kalaktang, and Tomko villages.",Arunachal Pradesh,27.1089,92.2024,6a,6a* (Vigorous),,,"Sino-Tibetan, Tibeto-Burman, Western Tibeto-Burman, Bodish",,"Reportedly most similar to Dirang dialect of Tshangla [tsj], average 55% intelligibility of Dirang.",,"Vigorous. Home, village, religion. Positive attitudes.",Also use English [eng]. Also use Hindi [hin].,Used as L2 by Bugun [bgg].,"Literacy rate in L2: 62% for West Kameng District, males 71%, females 49% (2001 census).",,,,,Unwritten [Qaax].,"’Monpa’ (Moinba), man of the lower country and refers to several ethnically-related peoples which may not be related linguistically.",Buddhist.
288,twm,"Monpa, Tawang",Tawang Monpa,,"Brahmi, Cuona Menba, Dwags, Monkit, Northern Monpa, Takpa, Tawan Monba",IN,India,T,T,T,8600,8600,,,"8,600 in India.",,,,,"9,900",Arunachal Pradesh state: Tawang district.,Arunachal Pradesh,27.5854,91.8825,6a,6a (Vigorous),,,"Sino-Tibetan, Tibeto-Burman, Western Tibeto-Burman, Bodish, East Bodish",,,Basic SOV.,"Vigorous. Home, village, religion. Used by all. Positive attitudes.",Also use English [eng]. Also use Hindi [hin].,"Used as L2 by Chug [cvg], Sherdukpen [sdp].",Literacy rate in L2: 32% (2001 census).,,,,,Devanagari script [Deva].,"Monpa (Moinba), ‘man of the lower country’, refers to several ethnically related peoples, which may not be related linguistically.",Buddhist.
289,mro,Mru,Mru,Mru,"Maru, Mro, Mro-Mru, Mrung, Murung, Niopheng, Niopreng",IN,India,F,F,T,200,200,,,200 in India (2011 census).,,,"2,100.00",2011,"72,700","West Bengal state: Hoogly, Jalpaiguri, and Nadia districts.",West Bengal,,,5,5* (Developing),,,"Sino-Tibetan, Tibeto-Burman, Ngwi-Burmese, Mru",,,SOV.,,,,,,Literature. Texts. NT: 1994.,,,"Latin script [Latn]. Mro script [Mroo], developed in the 1980s.",,"Traditional religion, Buddhist."
290,udg,Muduga,Muduga,മുഡുഗ‎ (Muduga),Mudugar,IN,India,T,T,T,3370,3370,,,"3,370 (1991 census). National census population figures combine Muduga of Attapady with Muthuvan, who, despite the similarity of the spelling of their ethnonym, are entirely different and separated by geographic and cultural distance (Menon 1996).",,,,1991,,"Kerala state: Palakkad district, Mannarkad sub-district, Attapady block, Abbannuru, Chandakulam, Chitturu, Chundakki, Kakkuppady, Kallamale, Karuvare, Koravanpady, Kottamale, Kottiyuru, Molakambi, Mukkali, Ommale, Pettikkallu, Thazhachundakki, Thekkumpanna, Ummathupadiga, and Veeranuru; Tamil Nadu state: Coimbatore and Nilgiris.",Kerala,11.062,76.5627,5,5 (Developing),,,"Dravidian, Southern",,"Also influenced by Kannada [kan] and Tulu [tcy]. Has grammatical similarities with Tamil [tam], but cannot be treated as a dialect. It is distinct in the Dravidian family (Menon 1996:274 citing Rajendran). No dialects determined on survey. Lexical similarity: 55%–57% with Malayalam [mal], 59% with Muthuvan [muv], 60% with Tamil [tam], 75% with the Attapady dialect of Irula [iru], 82%–83% with Attapady Kurumba [pkr].",,"Vigorous, children learn it first. Home, village, religion. Used by all. Positive attitudes.","Also use English [eng]. Also use Malayalam [mal]. Education often determines the extent of bilingualism in it, but even some higher educated Muduga are not adequately bilingual.","Used as L2 by Attapady Kurumba [pkr], Kannada Kurumba [kfi].","Literacy rate in L2: 25% (31% men and 17% women) (1991 census). One of the least literate communities in Kerala, but 73% of survey respondents claim to be literate in Malayalam [mal].",,NT: 2018.,,,Malayalam script [Mlym].,,"Traditional religion, Hindu."
291,muk,Mugom,Mugom,,"Mugali, Mugu",IN,India,F,F,T,500,500,,,"500 in India (2006 SIL). 75 families in India, 60 Mugom and 15 Karmarong. In addition, there are many seasonal workers.",,,,2006,"3,154 (as L1: 3,120; as L2: 34)","Himachal Pradesh state: Kinnaur, Dharmshala and Ladakh; Kullu, Manali.",Himachal Pradesh,,,6a,6a (Vigorous),,,"Sino-Tibetan, Tibeto-Burman, Western Tibeto-Burman, Bodish, Central Bodish, Central, gTsang",,,SOV; postpositions; content q-word in situ; clause constituents indicated by case-marking; ergativity; no passives or voice; tonal.,"Youth born in India still use Mugom at home. Home, with friends. Used by all.",,,,,Literature. Newspapers.,,,Tibetan script [Tibt].,"Migrate from Nepal temporarily for work, but many stay 20 to 30 years.",
292,mmk,Mukha-Dora,Mukha-Dora,,"Conta-Reddi, Mukha Dhora, Nooka Dora, Nuka-Dora, Reddi, Reddi-Dora, Riddi",IN,India,T,T,T,29700,29700,,,"29,700 (1991 census).",,,,1991,,"Andhra Pradesh state: Srikakulam, Vishakhapatnam, and Vizianagaram districts; Adivasi Oriya, scattered.",Andhra Pradesh,18.6448,83.9296,6a,6a* (Vigorous),,,"Dravidian, South-Central, Gondi-Kui, Konda-Kui, Konda",,,,Use Telugu [tel] as L1 (Singh 1994b).,Also use Adivasi Oriya [ort]. Also use English [eng].,,"Literacy rate in L2: 34%–42% for Scheduled Tribes in Vishakhapatnam, Srikakulam, Vizianagaram districts (2001 census).",,,,,,,"Hindu, traditional religion."
293,unx,Munda,Munda,মুন্ডা‎ (Muɳɖa),"Heriki, Killi, hoɽo jagar, muɳɖa jagar",IN,India,T,T,T,486000,486000,,,"486,000 (2011 census).",,,,2011,,Odisha and Jharkhand states; possibly Bihar and West Bengal.,Jharkhand,22.4468,86.6235,5,5* (Developing),,,"Austro-Asiatic, Munda, North Munda, Kherwari, Mundari",,Reportedly most similar to Mundari [unr].,,,Also use English [eng]. Also use Sadri [sck].,"Used as L2 by Birhor [biy], Mahali [mjx].",,,NT: 2024.,,,Bengali (Bangla) script [Beng]. Devanagari script [Deva]. Oriya (Odia) script [Orya].,,"Traditional religion, Christian."
294,unr,Mundari,Mundari,"Muṇḍari, मुण्डरि‎ (Muṇḍari), মুণ্ডরি‎ (Muṇḍari), ମୁଣ୍ଡରି‎ (Muṇḍari)","Colh, Horo, Kolh, Mandari, Mondari, Munari",IN,India,T,T,T,1160000,1160000,,,"1,160,000 in India (2011 census). 1,130,000 Mundari and 27,500 Bhumij (2011 census).",,,,2011,"11,64,610","Jharkhand state: Ranchi district, south and west; Andaman and Nicobar Islands union territory, Assam, Himachal Pradesh, Madhya Pradesh, Odisha, Tripura, and West Bengal states.",Odisha,21.7863,87.1278,5,5* (Developing),,,"Austro-Asiatic, Munda, North Munda, Kherwari, Mundari","Hasada’, Latar, Naguri, Kera’, Bhumij (Bhumij Munda, Bhumij Thar, Bhumji, Sadar Bhumij)",75% intelligibility of Ho [hoc]. Lexical similarity: 70%–84% with the Bhumij dialect.,,,Also use English [eng]. Also use Sadri [sck].,"Used as L2 by Birhor [biy], Mahali [mjx].",Literacy rate in L1: 10%–30%. Literacy rate in L2: 50%–75%.,,Literature. Periodicals. Radio. Dictionary. Grammar. Texts. Bible: 1910–2002.,,,"Bengali (Bangla) script [Beng]. Devanagari script [Deva], used in India. Latin script [Latn]. Nag Mundari script [Nagm]. Ol Onal script [Onao], used in Odisha, West Bengal, and Jharkhand in India. Oriya (Odia) script [Orya].",,"Traditional religion, Hindu."
295,emu,"Muria, Eastern",Eastern Muria,,Muria Gonḍi,IN,India,T,T,T,200000,200000,,,"200,000 (2007). All Gondi speakers: 2,910,000 (2011 census).",,,,2007,,"Chhattisgarh state: Bastar district, Keshkal and Kondagaon sub-districts; Odisha state: Nabarangapur district, Raigarh sub-district.",Chhattisgarh,19.7487,81.6938,6a,6a (Vigorous),,,"Dravidian, South-Central, Gondi-Kui, Gondi","Raigarh, Lanjoda","95% intelligibility between dialects; 73%–83% of Western Muria [mut]; 19%–34% of Northern Gondi [gno]; 35% of Dandami Maria [daq]. Lexical similarity: 74%–77% with Western Muria [mut], 65%–75% with Far Western Muria [fmu].",,"Vigorous. Religion, work; mixed use: home, village. Used by all. Positive attitudes.",Also use Chhattisgarhi [hne]. Also use English [eng]. Also use Halbi [hlb]. Also use Hindi [hin]. Also use Odia [ory].,,Majority are illiterate.,,,,,,A Scheduled Tribe.,"Traditional religion, Hindu."
296,fmu,"Muria, Far Western",Far Western Muria,,"Gondi, Koitor Boli, Koitori",IN,India,T,T,T,400000,400000,,,"400,000 (2007). All Gondi speakers: 2,910,000 (2011 census).",,,,2007,,"Chhattisgarh state: Rajnandgaon district, Mahola and Manpur sub-districts; Maharashtra state: Garhchiroli district, Armori, Dhanora, Korchi, and Kurkheda sub-districts; Gondia district, Jamdi sub-district.",Maharashtra,20.3295,80.4379,5,5 (Developing),,,"Dravidian, South-Central, Gondi-Kui, Gondi",,"79%–88% intelligibility of other Muria languages; 74% of Dandami Maria [daq], 0% to 34% of Northern Gondi [gno], 6%–50% of Aheri Gondi [esg] and Adilabad Gondi [wsg], 2%–70% of Maria [mrr]. Lexical similarity: 72%–80% with Western Muria [mut]; 65%–75% with Eastern Muria [emu].",,"Vigorous. Home, village, religion. Used by all. Positive attitudes.",Also use Chhattisgarhi [hne]. Also use English [eng]. Also use Marathi [mar].,,,,NT: 2015.,,,Devanagari script [Deva].,A Scheduled Tribe.,"Traditional religion, Hindu."
297,mut,"Muria, Western",Western Muria,,"Jhoria, Mudia, Muria Gondi",IN,India,T,T,T,400000,400000,,,"400,000 (2000 IICCC). All Gondi speakers: 2,910,000 (2011 census).",,,,2000,,"Chhattisgarh state: Bastar district, Narayanpur and Uttar Bastar Kanker districts; Maharashtra state: Gadchiroli.",Chhattisgarh,19.7366,81.1078,6a,6a (Vigorous),,,"Dravidian, South-Central, Gondi-Kui, Gondi","Sonapal, Banchapai, Dhanora","80%–96% intelligibility among dialects, 69%–73% of Eastern Muria [emu], 51%–78% of Far Western Muria [fmu]. No intelligibility of Dandami Maria [daq], Northern Gondi [gno], Adilabad Gondi [wsg], Aheri Gondi [esg] or Maria [mrr]. Lexical similarity: 72%–80% with Far Western Muria [fmu]; 74%–77% with Eastern Muria [emu].",,All domains. Used by all.,Also use English [eng].,,Literacy rate in L2: 2% (2003 India Church Growth Mission).,,Literature. Grammar.,,,Devanagari script [Deva].,A Scheduled Tribe.,"Hindu, traditional religion."
298,muv,Muthuvan,Muthuvan,,"Mudavan, Muduva, Muduvan, Muduvar, Mutuvar, Paanti naattu peeccu",IN,India,T,T,T,16800,16800,,,"16,800 (2006 IMB).",,,,2006,,"Andhra Pradesh state; Kerala state: Idukki district, Devikulam sub-district, Adimali and Devikulam blocks; Ernakulam, Kannur, Kottayam, Kozhikode, and Thrissur districts; Tamil Nadu state: Coimbatore district, Udumalpet and Valparai sub-districts, Anaimalai hills; Madurai district, Cardamom hills.",Kerala,10.209,77.1031,5,5 (Developing),,,"Dravidian, Southern, Tamil-Kannada, Tamil-Kodagu, Tamil-Malayalam, Tamil","Western Muthuvan (Malayalam Muthuvan, Nattu Muthuvan), Eastern Muthuvan (Pandi Muthuvan, Tamil Muthuvan)","Intelligibility 82%–87% between dialects, eastern dialect more intelligible to western than vice versa, 80% intelligibility of Malayalam [mal]. Lexical similarity: 77%–88% between dialects, 62%–67% with Tamil [tam], 58%–68% with Malayalam [mal].",,"Vigorous. Home, village, religion. Used by all. Positive attitudes.","Also use English [eng]. Also use Malayalam [mal], especially youth. Also use Tamil [tam], especially older people.",,"Literacy rate in L2: 24% (31% males, 17% females) (1991 census); 40% for Tamil Nadu (2001 census).",,Grammar. Texts. NT: 2018.,,,Tamil script [Taml].,,Hindu.
299,nbt,Na,Na,,Nah,IN,India,T,T,T,1500,1500,,,"1,500.00",,,,,,"Arunachal Pradesh state: Upper Subansiri district; Taksing sub-district, Dadu, Esnaya, Gumsing, Lingbing, Redi, Reding, Taying, Tongla, and Yeja villages.",Arunachal Pradesh,28.4479,93.3712,6b,6b (Threatened),,,"Sino-Tibetan, Tibeto-Burman, Central Tibeto-Burman, Tani",,Affinity with Tagin [tgj] (Singh 1994b).,,Home. Some of all ages.,All also use Hindi [hin].,,Literacy rate in L2: 40% in Hindi [hin].,,Dictionary.,,,Devanagari script [Deva]. Latin script [Latn].,A Scheduled Tribe.,"Buddhist, traditional religion."
300,njm,"Naga, Angami",Angami Naga,Tenyidie,"Angami, Angamis, Gnamei, Monr, Ngami, Tendydie, Tsanglo, Tsoghami, Tsugumi",IN,India,T,T,T,153000,153000,,,"153,000 (2011 census).",,,,2011,,Nagaland state: Kohima district; Maharashtra and Manipur states.,Nagaland,25.633,93.9783,3,3 (Wider communication),,"Originated in southern China; Naga Angami people migrated to the state of Nagaland during Naga pre-colonial period. Became widespread in first half of 19th century. Used in trade, church, and media.","Sino-Tibetan, Tibeto-Burman, Angami-Pochuri","Dzuna, Kehena, Khonoma, Chakroma (Western Angami), Mima, Nali, Mozome, Tengima (Kohima)","Tengima (Kohima) dialect is standard. Naga Chokri and Naga Khezha are eastern Angami groups with their own dialects. 2 southern varieties (Viswemal, Jakhama) are not intelligible with dialects listed. Tenyidie is an umbrella term for all the dialects spoken by the Angami people.",SOV; numerals after head nouns; postpositions; tonal.,,Also use Assamese [asm]. Also use English [eng]. Also use Hindi [hin]. Also use Nagamese [nag].,"Used as L2 by Chokri Naga [nri], Khezha Naga [nkh], Sumi Naga [nsm].",Literacy rate in L1: 86% (2001 census). Literacy rate in L2: 86% (2001 census). Most youth read Angami. Literacy among older people is lower.,Taught as subject in primary schools.,Literature. Periodicals. Dictionary. Grammar. Bible: 1970.,,,Latin script [Latn].,,Christian.
301,njo,"Naga, Ao",Ao Naga,Ao Naga,"Ao, Aorr, Cholimi, Hatigoria, Nowgong, Paimi, Uri",IN,India,T,T,T,260000,260000,,,"260,000 (2011 census).",,,,2011,,Assam state; Nagaland state: central Mokokchung district.,Nagaland,26.3929,94.4254,5,5* (Developing),,,"Sino-Tibetan, Tibeto-Burman, Central Naga","Mongsen Khari, Changki, Chongli (Chungli), Dordar (Yacham), Longla",Chongli and Mongsen border on mutual unintelligibility (Burling 2003).,,,Also use Assamese [asm]. Also use English [eng]. Also use Hindi [hin].,"Used as L2 by Chang Naga [nbc], Sangtam Naga [nsa], Sumi Naga [nsm].",Literacy rate in L1: 86% (2001 census). Literacy rate in L2: 86% (2001 census).,,Literature. Radio. Dictionary. Grammar. Bible: 1964–2004.,,,Latin script [Latn].,,Christian.
302,nbc,"Naga, Chang",Chang Naga,Mochungrr,"Chang, Changyanguh, Machongrr, Mochumi, Mojung, Tśang",IN,India,T,T,T,66900,66900,,,"66,900 (2011 census).",,,,2011,,"Assam state; Nagaland state: Tuensang district, 36 villages.",Nagaland,26.3637,94.9585,5,5* (Developing),,,"Sino-Tibetan, Tibeto-Burman, Sal, Boro-Garo, Northern Naga",,Reportedly similar to Wancho Naga [nnp]. Tuensang village dialect is central and intelligible to all.,,,Also use Ao Naga [njo]. Also use Assamese [asm]. Also use English [eng]. Also use Hindi [hin]. Also use Nagamese [nag].,,,,Dictionary. Texts. Bible: 2002.,,,Latin script [Latn].,,Christian.
303,nqq,"Naga, Chen-Kayu",Chen-Kayu Naga,,,IN,India,F,T,T,18700,18700,,,"18,700 in India (2011 census).",,,,2011,"27,700","Nagaland state: Mon district, 10 villages, along Myanmar border.",Nagaland,,,6a,6a (Vigorous),,,"Sino-Tibetan, Tibeto-Burman, Sal, Boro-Garo, Northern Naga","Chen, Kayu",The 2 dialects are closely related. Kayu is reportedly similar to the Chuyo and Gakat dialects of Tase Naga [nst].,SOV; tonal.,Vigorous. Used by all.,Many also use Konyak Naga [nbe].,,,,,,,Unwritten [Qaax].,,Christian.
304,nri,"Naga, Chokri",Chokri Naga,,"Chakhesang, Chakhesang Chokri, Chakrima Naga, Chakru, Chokri, Chokri Chakhesang, Eastern Angami",IN,India,T,T,T,111000,111000,,,"111,000 (2011 census).",,,,2011,,"Nagaland state: Phek district, Cheswezumi is main village; Manipur state: some in Senapati district.",Nagaland,25.5678,94.3626,5,5* (Developing),,,"Sino-Tibetan, Tibeto-Burman, Angami-Pochuri",Phek,,,,Also use Angami Naga [njm]. Also use English [eng].,,Literacy rate in L2: Greater than 40% (2001 census).,,NT: 2015.,,,Latin script [Latn].,"An eastern Angami tribe with its own language. Chokri, Khezha [nkh], and Sangtam-Pochuri [nsa] make up the Chakhesang Naga community (see separate entries).","Christian, traditional religion."
305,nct,"Naga, Chothe",Chothe Naga,,"Chawte, Chote, Chothe, Chowte",IN,India,T,T,T,3590,3590,,,"3,590 (2011 census).",,,"3,600 (2011 census).",2011,,"Manipur state: Bishnupur district, Lamlang Hupi village; Chandel district, 15 villages; Nagaland state: near Myanmar border.",Manipur,24.3471,94.2589,5,5* (Developing),,,"Sino-Tibetan, Tibeto-Burman, Kuki-Chin, Northwestern",,Reportedly most similar to Tarao Naga [tro]. Reported intelligibility of Aimol [aim]. Lexical similarity: less than 60% with any neighboring languages.,,"Purest Chothe spoken in Purum Khullen. Home, village, religion. Positive attitudes.",Also use English [eng]. Also use Meitei [mni].,,Literacy rate in L2: 90% in Meitei [mni] (Bengali script) (2000).,,Literature. Grammar. NT: 2014.,,,Bengali (Bangla) script [Beng]. Latin script [Latn].,,Christian.
306,nkf,"Naga, Inpui",Inpui Naga,Inpui,"Kabui, Kabui Naga, Kapwi, Koboi, Kubai",IN,India,T,T,T,54200,54200,,,"54,200 (2011 census).",,,,2011,,"Assam state; Manipur state: Imphal, Senapati, and Tamenglong Imphal districts, 16 villages; Nagaland state: Dimapur, Mahei Namchi, New Zaluke, and Peren.",Manipur,24.7617,93.9356,5,5 (Developing),,,"Sino-Tibetan, Tibeto-Burman, Unclassified",,Considered by some to be the same language as Puimei Naga [npu]. Lexical similarity: 68% with Puimei Naga [npu].,,"Home, religion. Used by all. Positive attitudes.",Most also use Meitei [mni]. Some also use English [eng]. Also use Rongmei Naga [nbu].,,Literacy rate in L2: 70% in English [eng] and in Meitei [mni] (Bengali script) (2000). Literacy high among young people in Meitei and English.,,Literature. NT: 2011.,,,Latin script [Latn].,,Christian.
307,kfw,"Naga, Kharam",Kharam Naga,,"Duisalongmei, Thinglong",IN,India,T,T,T,1400,1400,,,"1,400 (2000 SIL).",,,,2000,,"Manipur state: Senapati district, Kharam Pallen, Laikot, Phaijol, and Thuisenpai villages.",Manipur,25.0289,94.1034,5,5 (Developing),,,"Sino-Tibetan, Tibeto-Burman, Kuki-Chin, Northwestern",,"Lexical similarity: 71%–73% with Purum [pub], 58%–60% with Kom [kmm], 64% with Koireng [nkd].",,Used by all.,Also use English [eng]. Also use Meitei [mni]. Also use Purum [pub].,,"Literacy rate in L2: 30% in Meitei [mni], in English [eng], or in Hindi [hin]. Most 5- to 20-year-olds have learned to read in school. Older people would like to learn to read.",,Grammar. NT: 2021.,,,Latin script [Latn].,,Christian.
308,nkh,"Naga, Khezha",Khezha Naga,Kuzhale,"Kezami, Khezha, Khezhama, Kozale, Kuzale, Közhale",IN,India,T,T,T,41600,41600,,,"41,600 (2011 census).",,,,2011,,"Nagaland state: Khezhakhonoma, Kohima, and Phek districts.",Nagaland,25.6454,94.2759,5,5* (Developing),,,"Sino-Tibetan, Tibeto-Burman, Angami-Pochuri",,An east Angami group with its own language.,,,Also use Angami Naga [njm]. Also use English [eng].,,,,Literature. Grammar.,,,Latin script [Latn].,Belong to Chakhesang Naga community.,Christian.
309,kix,"Naga, Khiamniungan",Khiamniungan Naga,Khiamniungan,"Aoshedd, Kalyokengnyu, Khiamngan, Khiemnungan, Nokaw, Tukhemmi, Welam",IN,India,T,T,T,62000,62000,,,"62,000 in India (2011 census).",,,,2011,"72,000",Nagaland state: east central Tuensang district.,Nagaland,25.9008,95.2814,5,5* (Developing),,,"Sino-Tibetan, Tibeto-Burman, Sal, Boro-Garo, Northern Naga",Noklak,"Dialects in Myanmar and India somewhat intelligible but have very limited contact. Lexical similarity: 67% with Gongwang dialect of Ponyo-Gongwang Naga [npg], 72%–73% with Ponyo dialect of [npg], 62%–67% with Lainong Naga [lzn], 41% with Lao Naga. Is in Konyak subgroup, but is divergent. They consider Ponyo Naga [npg] a part of Khiamniungan, though lexical similarity is only around 70%.",SOV.,,Also use English [eng].,,Literacy rate in L1: 30%.,,Radio. Bible: 2005–2019.,,,Latin script [Latn].,"Main clans are Lam, Thai, Shiu, and Maya.",Christian.
310,nkb,"Naga, Khoibu",Khoibu Naga,,"Khoibu, Khoibu Maring, Khoibu Maring Naga",IN,India,T,T,T,25600,25600,,,"25,600 (2001).",,,########,2001,,"Manipur state: Chandel district mountainous regions, Khoibu, Narum, Saibol, and Yangkhul villages; Laiching.",Manipur,24.2376,94.1656,6a,6a* (Vigorous),,,"Sino-Tibetan, Tibeto-Burman, Tangkhulic",,,,,Also use English [eng].,,,,NT: 1988.,,,Latin script [Latn].,,
311,nbe,"Naga, Konyak",Konyak Naga,Konyak,"Coñac, Kanyak",IN,India,T,T,T,244000,244000,,,"244,000 in India (2011 census).",,,,2011,"2,46,000","Assam state: Sibsagar district, Bortol and Nagagaon villages near Simulguri township; Nagaland state: Mon and Tuensang districts.",Assam,26.9549,94.6645,5,5* (Developing),,,"Sino-Tibetan, Tibeto-Burman, Sal, Boro-Garo, Northern Naga","Angphang, Hopao, Changnyu, Chen, Chingkao, Chinglang, Choha, Gelekidoria, Jakphang, Longching, Longkhai (Lungkhai, Lungkhi), Longmein, Longwa, Mon, Mulung, Ngangching, Sang, Shanlang, Shunyuo, Shengha, Sima, Sowa, Shamnyuyanga, Tableng (Angwangku, Kongon, Mohung, Wakching), Tabu, Tamkhungnyuo, Tang, Tobunyuo, Tolamleinyua, Totok",Tableng is standard dialect spoken in Wanching and Wakching. Reportedly similar to Phom Naga [nph].,,,Also use English [eng]. Also use Hindi [hin]. Also use Nagamese [nag].,Used as L2 by Chen-Kayu Naga [nqq].,Literacy rate in L1: 40% (2001 census). Literacy rate in L2: 40% (2001 census).,,Literature. Radio. Dictionary. Grammar. Bible: 1992.,,,Latin script [Latn].,,Christian.
312,njn,"Naga, Liangmai",Liangmai Naga,"Liangkhon, Lianglad","Kacha Naga, Liangmai, Liangmei, Liyang, Lyangmay, Lyangmei, Lyengmai, Quoireng, Zeliang",IN,India,T,T,T,71000,71000,,,"71,000 (2011 census).",,,,2011,,"Manipur state: Kangpokpi, Senapati, and Tamenglong districts, centered in Tamei sub-district, 45 villages; Nagaland state: Peren district, Tening sub-district, 6 villages.",Manipur,25.6558,93.7694,4,4 (Educational),,,"Sino-Tibetan, Tibeto-Burman, Western Naga",,,,,Also use English [eng].,,,Taught as subject in primary schools.,Bible: 2001.,,,Latin script [Latn].,Different from Koireng [nkd]. Merged ethnically with Zeme [nme] and Rongmei [nbu] Naga to form the Zeliangrong community. Liangmai and Zeme are referred to collectively as Zeliang.,
313,njh,"Naga, Lotha",Lotha Naga,Kyong,"Chizima, Choimi, Hlota, Lhota, Lotha, Lutha, Miklai, Tsindir, Tsontsii",IN,India,T,T,T,179000,179000,,,"179,000 (2011 census).",,,,2011,,"Nagaland state: west central, Wokha district.",Nagaland,26.1312,94.1489,4,4 (Educational),,,"Sino-Tibetan, Tibeto-Burman, Central Naga","Live, Tsontsu, Ndreng, Kyong, Kyo, Kyon, Kyou",,,,Also use English [eng]. Also use Nagamese [nag].,Used as L2 by Sumi Naga [nsm].,Literacy rate in L1: High.,Taught as subject in primary and secondary schools.,Literature. Dictionary. Grammar. Bible: 1967–2000.,,,Latin script [Latn].,,Christian.
314,jmn,"Naga, Makuri",Makuri Naga,Makuri,"Makuri, Makury Naga",IN,India,F,T,T,4000,4000,,,"4,000 in India (2007).",,,,2007,"6,500",Nagaland state: Kiphire and Phek districts.,Nagaland,,,5,5 (Developing),,,"Sino-Tibetan, Tibeto-Burman, Unclassified",,,,"Home, village, market. Used by all.",Also use English [eng].,,,,NT: 2018.,,,Latin script [Latn].,,
315,nbi,"Naga, Mao",Mao Naga,Imela,"Emela, Imemai, Imemüi, Māo Naga, Maikel, Mao, Memi, Muw, Sopfomie, Sopfomo, Sopvoma, Sopwama, Southern Angami",IN,India,T,T,T,97200,97200,,,"97,200 (2011 census).",,,,2011,,Manipur state: Senapati district; Nagaland state.,Manipur,25.4472,94.0096,5,5* (Developing),,,"Sino-Tibetan, Tibeto-Burman, Angami-Pochuri",Paomata,Paomata dialect and Poumai Naga [pmx] may be the same (Breton 1997).,,,Also use English [eng]. Also use Meitei [mni].,,Literacy rate in L1: High.,,Grammar. Bible: 2001.,,,Latin script [Latn].,,Christian.
316,nma,"Naga, Maram",Maram Naga,Maram,,IN,India,T,T,T,32500,32500,,,"32,500 (2011 census).",,,,2011,,"Assam state; Manipur state: Imphal district; Senapati district, 26 villages near Maram, 5 villages near Senapati.",Manipur,25.2714,94.1364,4,4 (Educational),,,"Sino-Tibetan, Tibeto-Burman, Western Naga","Willong Circle, Maram Khullen Circle, T. Khullen, Ngatan",,,"Home, village, religion. Used by all.","Also use English [eng]. Also use Meitei [mni], especially men (more than women).",,Literacy rate in L1: 60% (2003). Literacy rate in L2: 20% (2000) or 40%–50% (2003). All young people can read Latin script. Writing system does not indicate tone. Literacy among older people is lower.,Taught as subject in primary and secondary schools.,Literature. Grammar. NT: 2004.,,,Latin script [Latn].,A Scheduled Tribe.,"Christian, traditional religion."
317,nng,"Naga, Maring",Maring Naga,Maringa Tlou,Maring,IN,India,T,T,T,25800,25800,,,"25,800 (2011 census).",,,,2011,,"Manipur state: Chandel district north border mountainous region, Tengnoupal sub-district; southeast, Laiching.",Manipur,24.2471,94.0755,5,5* (Developing),,,"Sino-Tibetan, Tibeto-Burman, Tangkhulic",,,,,Also use English [eng].,,Literacy rate in L2: 53% (2001 census).,,Bible: 2014.,,,Bengali (Bangla) script [Beng]. Latin script [Latn].,,Christian.
318,nmh,"Naga, Monsang",Monsang Naga,Si:rti,"Mawshang, Mongsang, Monshang, Moshang, Mushang",IN,India,T,T,T,3200,3200,,,"3,200 (2001).",,,"3,200.00",2001,,"Manipur state: Chandel district, Chandel sub-district, Heibunglok, Japhou, Liwa Sarei, Liwchangning, and Monsang Pantha villages; Nagaland state: near Myanmar border.",Manipur,24.4879,94.1784,5,5* (Developing),,,"Sino-Tibetan, Tibeto-Burman, Kuki-Chin, Northwestern",,Reportedly most similar to Moyon Naga [nmo] and Anal Naga [anm].,,,Also use English [eng]. Also use Hindi [hin]. Also use Meitei [mni]. Also use Nagamese [nag].,Used as L2 by Moyon Naga [nmo].,Literacy rate in L2: 80% (1988). Many read and write Meitei (Singh 1998b). Literacy program in progress by government and church.,,NT: 2009.,,,Latin script [Latn].,,Christian.
319,nmo,"Naga, Moyon",Moyon Naga,Bujuurchong,"Mayol, Mayon Naga, Moyon",IN,India,T,T,T,3700,3700,,,"3,700 (2001).",,,"3,700.00",2001,,"Manipur state: Chandel district, 14 villages including Heigru Tampak, Khongjom, Komlathabi, Mitong, Moyon Khullen, Penaching; Nagaland state: near Myanmar border.",Manipur,24.3682,94.0474,5,5* (Developing),,,"Sino-Tibetan, Tibeto-Burman, Kuki-Chin, Peripheral, Northern",,,,,Most also use Meitei [mni] (Singh 1998b). Also use Anal [anm] (Singh 1998b). Also use English [eng]. Also use Monsang Naga [nmh] (Singh 1998b).,,Literacy program in progress (1988).,,NT: 2008.,,,Bengali (Bangla) script [Beng]. Latin script [Latn].,,Christian.
320,nme,"Naga, Mzieme",Mzieme Naga,,"Mzieme, Northern Zeme",IN,India,T,T,T,29000,29000,,,"29,000 (1997).",,,,1997,,"Manipur state: Senapati; Nagaland state: Paren district, northeast of Zeme.",Nagaland,25.4683,93.7219,5,5* (Developing),,,"Sino-Tibetan, Tibeto-Burman, Western Naga",,Different from Zeme Naga [nzm].,,,Also use English [eng].,,,,Bible: 1992.,,,Latin script [Latn].,Adopted the designation Northern Zeme because Zeme has government recognition while Mzieme does not.,
321,njb,"Naga, Nocte",Nocte Naga,,"Borduria, Jaipuria, Mohongia, Namsangia, Nocte, Nokte, Paniduria",IN,India,T,T,T,30800,30800,,,"30,800 (2011 census).",,"19,800 monolinguals (2001 census).",,2011,,"Arunachal Pradesh state: Changlang district; Tirap district, Laju, Khonsa, and Namsang sub-districts; Assam state: Lakhimpur district, Jaipur; Nagaland state: Mon district, Namsang.",Arunachal Pradesh,27.0332,95.535,5,5 (Developing),,,"Sino-Tibetan, Tibeto-Burman, Sal, Boro-Garo, Northern Naga","Khapa, Laju, Ponthai (Lamlak)",Ponthai dialect is similar to both Tangsa [nst] and Nocte. Those living closer to the Nocte identify as Nocte; those living closer to the Tangsa identify as Tangsa. 50% intelligible with Wancho Naga [nnp].,"SOV; postpositions; genitives before noun heads; articles, adjectives, numerals after noun heads; affixes indicate case of noun phrase; causatives; comparatives; CV, CVC, CVV, CVVC, V; tonal, at least 3 tones.","Home, village, religion. Used by all.",Also use Assamese [asm]. Also use English [eng]. Also use Hindi [hin].,,Literacy rate in L2: 47% (2001 census).,,Radio. NT: 2010.,,,Latin script [Latn].,"Tutsa, Wancho, Laju, Lamlak considered ethnic subgroups of Nocte although Tutsa consider themselves not related to Nocte.","Christian, Hindu, traditional religion."
322,nnl,"Naga, Northern Rengma",Northern Rengma Naga,Ntenyi,"Northern Rengma, Ntenyi Naga, Nthenyi",IN,India,T,T,T,13000,13000,,,"13,000 (1997). 65,300 total Rengma (2011 census).",,,,1997,,"Nagaland state: Kohima district, north Rengma.",Nagaland,26.3663,94.7294,5,5* (Developing),,,"Sino-Tibetan, Tibeto-Burman, Angami-Pochuri",,,,,Also use English [eng].,,,,Bible: 2005.,,,Latin script [Latn].,,Christian.
323,nph,"Naga, Phom",Phom Naga,"Phom, Phom Naga","Assiringia, Chingmengu, Phon, Tamlu, Tamlu Naga",IN,India,T,T,T,54400,54400,,,"54,400 (2011 census).",,,,2011,,"Nagaland state: Tuensang district, Longleng sub-district, 36 villages.",Nagaland,26.5251,94.8318,5,5* (Developing),,,"Sino-Tibetan, Tibeto-Burman, Sal, Boro-Garo, Northern Naga",Yongyasha,Reportedly similar to Konyak Naga [nbe].,Tonal.,,Also use English [eng]. Also use Nagamese [nag].,,Literacy rate in L2: 35% adults.,,Literature. Dictionary. Bible: 2005.,,,Latin script [Latn].,,Christian.
324,npo,"Naga, Pochuri",Pochuri Naga,Pochury,"Eastern Rengma, Meluri, Pochuri",IN,India,T,T,T,21700,21700,,,"21,700 (2011 census).",,,,2011,,"Manipur state: Ukrul district; Nagaland state: Phek district, Meluri sub-district, 27 villages.",Nagaland,25.648,94.6527,5,5* (Developing),,,"Sino-Tibetan, Tibeto-Burman, Angami-Pochuri",,,,,Also use English [eng]. Also use Nagamese [nag].,,Literacy rate in L2: 39% (Singh 1994b).,,Bible: 2014.,,,Latin script [Latn].,"A Scheduled Tribe. Meluri is a place-name in this region. Pochury is an amalgamation of 3 place-names: Sapo, Kechuri, Khury.",Christian.
325,pmx,"Naga, Poumai",Poumai Naga,Poula,"Paola, Paumei, Pomai, Pome, Poumai, Poumei, Poumei Naga",IN,India,T,T,T,143000,143000,,,"143,000 (2011 census).",,,,2011,,Manipur state.,Manipur,25.3068,94.4014,5,5* (Developing),,,"Sino-Tibetan, Tibeto-Burman, Angami-Pochuri",,Similar to Mao Naga [nbi]. Different from Puimei Naga [npu] (Breton 1997:217). Paomata dialect of Mao Naga and Poumei Naga may be the same (Breton 1997).,,,Also use English [eng].,,,,Bible: 2009.,,,Latin script [Latn].,,
326,npu,"Naga, Puimei",Puimei Naga,,Puimei,IN,India,T,T,T,3000,3000,,,"3,000 (2001).",,Mostly monolingual.,"3,000.00",2001,,Assam and Manipur states.,Manipur,25.2907,93.7306,6a,6a* (Vigorous),,,"Sino-Tibetan, Tibeto-Burman, Unclassified",,Different from Poumai Naga [pmx] (Breton 1997:217). Not functionally intelligible of any related language (Khasung). Lexical similarity: 68% with Inpui Naga [nkf].,,,Also use English [eng].,,,,,,,Latin script [Latn].,Were assigned as part of Rongmei Naga [nbu].,"Christian, traditional religion."
327,nbu,"Naga, Rongmei",Rongmei Naga,Rongmei,"Kabui, Maruongmai, Nruanghmei, Rongmai, Zeliang",IN,India,T,T,T,87900,87900,,,"87,900 (2011 census).",,,,2011,,Assam state: Cachar district. 35 villages; Manipur and Nagaland states.,Assam,25.3098,93.8907,4,4 (Educational),,,"Sino-Tibetan, Tibeto-Burman, Western Naga",Songbu,,,,Also use English [eng].,Used as L2 by Inpui Naga [nkf].,Literacy rate in L1: High.,Taught as subject in primary and secondary schools.,Periodicals. Radio. Dictionary. Grammar. Bible: 1989.,,,Latin script [Latn].,Merged ethnically with Zeme [nme] and Liangmai [njn] Naga to form the Zeliangrong community. Liangmai and Zeme are referred to collectively as Zeliang.,"Christian, traditional religion."
328,nsa,"Naga, Sangtam",Sangtam Naga,Sangtam,"Isachanure, Lophomi",IN,India,T,T,T,76000,76000,,,"76,000 (2011 census).",,,,2011,,"Nagaland state: Tuensang district, Kiphire sub-district, Chare circle.",Nagaland,25.9756,94.7763,5,5* (Developing),,,"Sino-Tibetan, Tibeto-Burman, Central Naga","Kizare, Pirr (Northern Sangtam), Phelongre, Thukumi (Central Sangtam), Photsimi, Purr (Southern Sangtam)","Standard based on Tsadanger village dialect. Kizare north of Meluri, and not known how much it differs from other Sangtam.",,,Also use Ao Naga [njo]. Also use English [eng]. Also use Hindi [hin]. Also use Nagamese [nag].,,Literacy rate in L2: 40% (2001 census).,,Literature. Bible: 1995.,,,Latin script [Latn].,"Chokri, Khezha, and a small section of Sangtam make up the Chakhesang Naga community.",Christian.
329,nre,"Naga, Southern Rengma",Southern Rengma Naga,"Terüpvunyu, Tseminyu","Injang, Moiyui, Mon, Mozhumi, Nzong, Nzonyu, Rengma, Rengma Naga, Southern Rengma, Unza, Western Rengma",IN,India,T,T,T,21000,21000,,,"21,000 (1997). 65,300 total Rengma (2011 census).",,,,1997,,"Assam state: Karbi-Anglong district, 15 villages; Manipur state; Nagaland state: Kohima district, Tseminyu sub-district.",Nagaland,25.9428,94.1283,5,5* (Developing),,,"Sino-Tibetan, Tibeto-Burman, Angami-Pochuri","Keteneneyu, Azonyu (Nzonyu, Southern Rengma)",Tseminyu principal dialect main center. Southern Rengma and Northern Rengma [nnl] are reportedly inherently unintelligible.,,,Also use English [eng]. Also use Nagamese [nag].,,Literacy in Rengma is higher among older people. Young people are learning English.,,Bible: 2000.,,,Latin script [Latn].,,Christian.
330,nsm,"Naga, Sumi",Sumi Naga,Sümi,"Sema, Simi, Sumi",IN,India,T,T,T,10800,10800,,,"10,800 (2011 census).",,,,2011,,"Assam state: Tinsukia district, 7 villages. Nagaland state: Kohima, Mokokchung, Tuensang, and Zunheboto districts. Dayang is near Dayang river.",Nagaland,26.0695,94.5138,5,5* (Developing),,,"Sino-Tibetan, Tibeto-Burman, Angami-Pochuri","Dayang (Western Sumi), Lazemi, Zhimomi, Zumomi",,,,Also use Angami Naga [njm]. Also use Ao Naga [njo]. Also use Assamese [asm]. Also use English [eng]. Also use Hindi [hin]. Also use Lotha Naga [njh]. Also use Nagamese [nag].,,"Literacy rate in L2: 50% in Assamese [asm], English [eng].",,Literature. Dictionary. Grammar. Bible: 2000–2004.,,,Latin script [Latn].,,Christian.
331,nmf,"Naga, Tangkhul",Tangkhul Naga,Tangkhul,"Champhung, Luppa, Tagkhul, Thangkhulm",IN,India,T,T,T,187000,187000,,,"187,000 (2011 census).",,,,2011,,"Manipur state: Ukhrul district, 168 villages; Nagaland and Tripura states.",Manipur,25.0079,94.3904,5,5* (Developing),,,"Sino-Tibetan, Tibeto-Burman, Tangkhulic","Ukhrul, Khunggoi, Khangoi, Kupome (Luhupa), Phadang",Ukhrul is principal dialect.,,,Also use English [eng].,,"Literacy rate in L2: 73% Meitei [mni], English [eng] (2001 census). Literature is based on the Ukhrul dialect.",,Literature. Newspapers. Periodicals. Radio. Dictionary. Grammar. Bible: 1976–2014.,,,Latin script [Latn].,The most educated group of Manipur.,Christian.
332,nst,"Naga, Tangsa",Tangsa Naga,"Tangshang, Tangshang hixvez","Rangpan, Tangsa, Tangsa Naga, Tangshang, Tase, Tase Naga, Tasey",IN,India,F,T,T,38600,38600,,,"38,600 in India (2011 census). Includes 10,200 Tutsa (2011 census).",,400 monolinguals.,,2011,"98,600","Arunachal Pradesh state: Changlang district, Manmau, Jayrampur, Nampong, and Kharsang circles; Assam state: border area with Changlang district, 25 villages.",Arunachal Pradesh,,,6b,6b (Threatened),,,"Sino-Tibetan, Tibeto-Burman, Sal, Boro-Garo, Northern Naga","Lungri (Longri), Shecyü (Sangche, Sangkhe, Sanke, Sankey, Sechu, Shangge, Shangkey, Shechu), Sangwal (Shangvan, Shangwan, Shängvan), Tikhak, Tonglim (Cholim, Cyawlim, Tangrim, Tonglum), Tupsa (Tutcha, Tutsa), Joglei (Jogly, Jugli, Yogli, Yukli), Yongkuk (Yongkok, Yukok), Havi (Have, Havoy, Hawi, Hawoi, Muklom), Kimsing (Cham Chang, Chamchang, Cyamcyang, Cyämcyäng, Khemsing), Lungkhe (Longkhi, Longphi), Lungchang (Longchang, Longcyang), Miti (Maitai, Maixtaix), Muklum (Moklum), Mueshaungx (Hewa, Mosang, Mossang, Mueshaung, Müxshawngx), Mungre (Morang, Mungray), Ngemu (Ngaimong, Nyemu), Phong (Nukta, Ponthai), Rera (Poerah, Rongrang, Ronrang), Hasik (Awla, Awlay, Laju, Lazu Naga, Ollo Naga), Hakhun (Haqkhun), Champang (Cyämpäng, Thampang), Haqcheng (Haqcyeng, Haqtseng), Haqchum (Haqcyum), Lama, Lochang (Loxchangx), Nocte (Nokte), Kato, Lajo (Layaw), Wancho (Väncyaw)",Phong (Ponthai) dialect is similar to both Nocte [njb] and Tangsa. Higsho dialect is similar to Nocte. Those living closer to the Nocte identify as Nocte; those living closer to the Tangsa identify as Tangsa. May be up to 36 subtribes of Tangsa. Kimsing dialect speakers can understand all dialects well. Kimsing is similar to Tutsa. Kimsing has most speakers and is most influential.,"SOV; postpositions; genitives, articles before noun heads; numerals, adjectives after head nouns; question word final; word order distinguishes subject, object, and indirect object; person agreement is marked on verbs in many but not all varieties; ergative-absolutive marked, particles indicate case after the noun; passives; tonal.","Vigorous in remote areas, shifting to Assamese [asm] and Hindi [hin] in town areas (2017 S. Morey). All domains in remote areas. Some of all ages. Positive attitudes.","Also use Assamese [asm], especially in town areas. Also use English [eng]. Also use Hindi [hin], especially in town areas. Also use Singpho [sgp].",,Literacy rate in L2: 56% (2001 census).,,Literature. Radio. Bible: 2014.,,,Latin script [Latn].,"‘Tangsa’, hill people.","Traditional religion, Buddhist, Christian."
333,tro,"Naga, Tarao",Tarao Naga,,"Tarao, Taraotrong, Tarau",IN,India,T,T,T,870,870,,,870 (2000).,,,,2000,,"Manipur state: Chandel district, Palel sub-district, Heikakpokpi, Khuringmul Laiminei, and Leishokching villages; Ukhrul district, Sinakeithei village.",Manipur,24.3969,94.1771,5,5 (Developing),,,"Sino-Tibetan, Tibeto-Burman, Kuki-Chin, Northwestern",,"Reportedly most similar to Chothe Naga [nct], 70% intelligibility. Lexical similarity: less than 60% with any neighboring language; 43%–46% with Chothe Naga [nct].","Postpositions; genitives, articles, adjectives, numerals, relatives before noun heads; maximum affixes 2; word order distinguishes subjects, objects, and indirect objects; noun affix marks case; verb affixes mark number; no passive; causatives and comparatives; CVC.","Home, religion. Used by all. Positive attitudes.",Also use English [eng]. Also use Meitei [mni].,,"Literacy rate in L2: 75% in Meitei [mni], English [eng]. Literacy program in progress. Older people can read Meitei in Bengali script. Young people prefer Latin script. Most villages have primary and junior schools; attendance is irregular.",,Grammar. NT: 2017.,,,Latin script [Latn].,Not recognized as a separate Scheduled Tribe by the government due to its small size.,Christian.
334,nki,"Naga, Thangal",Thangal Naga,Thangkhal Haam,"Khoirao, Khoirao Naga, Koirao, Kolya, Mayangkhang, Miyang-Khang, Ngari, Thangal, Thanggal, Tukaimi",IN,India,T,T,T,23600,23600,,,"23,600 (2001).",,,########,2001,,"Manipur state: Senapati district, East and West Sadar hills sub-districts, Gailongde, Makeng Thangal, Mapao Thangal, Mayangkhang, Ningthoubam, Thangal Surung, Tikhulen, Tumnoupokpi, and Yaikangpou. Most are east of Barak valley.",Manipur,25.1062,93.8825,5,5 (Developing),,,"Sino-Tibetan, Tibeto-Burman, Western Naga",,Reportedly similar to Maram Naga [nma].,"Postpositions; genitives, relatives before noun head; articles, adjectives, numerals after noun head; question word initial; case marked by postpositional clitics; comparatives; CV, CVC, CVV, VC, V syllables; nontonal.",Used by all.,Also use English [eng]. Also use Meitei [mni].,,"Literacy rate in L2: 90% in Meitei [mni], English [eng].",,Dictionary. NT: 2004–2014.,,,Bengali (Bangla) script [Beng]. Latin script [Latn].,A Scheduled Tribe.,Christian.
335,tvt,"Naga, Tutsa",Tutsa Naga,,"Totcha, Tutsa",IN,India,T,T,T,25000,25000,,,"25,000 (2001).",,"12,500 monolinguals.",,2001,,Arunachal Pradesh state: south Changlang and east Tirap districts; Assam state: Tinsukia district.,Arunachal Pradesh,27.1111,95.7704,5,5 (Developing),,,"Sino-Tibetan, Tibeto-Burman, Sal, Boro-Garo, Northern Naga",,Reportedly similar to Nocte Naga [njb] and Tase Naga [nst].,"SOV; postpositions; genitives and articles before noun heads; adjectives and numerals after noun heads; maximum affixes 2; affixes indicate case of noun phrase; ergativity; CV, CVC, VC; may be tonal but it does not carry much functional load.","Home, village. Used by all.",Also use Assamese [asm]. Also use English [eng]. Also use Hindi [hin].,,Literacy rate in L2: 5%. Very few with higher education.,,NT: 2018.,,,Latin script [Latn].,Consider themselves separate from Nocte [njb] and Tase Naga [nst].,Traditional religion.
336,nnp,"Naga, Wancho",Wancho Naga,वांचो‎ (Vaanko),"Banpara Naga, Joboka, Jokoba, Naga Wancho, Wancho, Wanchu",IN,India,T,T,T,59200,59200,,,"59,200 (2011 census).",,,,2011,,"Arunachal Pradesh state: southwest Tirap district, 36 villages; Assam and Nagaland states.",Arunachal Pradesh,26.8766,95.3213,5,5* (Developing),,,"Sino-Tibetan, Tibeto-Burman, Sal, Boro-Garo, Northern Naga","Changnoi, Bor Muthun (Bor Mutonia), Horu Muthun, Kulung Muthun (Mithan)",Significant variation between spoken language in upper and lower regions. Reportedly similar to Chang Naga [nbc] and Konyak Naga [nbe].,,,Also use Assamese [asm]. Also use English [eng]. Also use Hindi [hin].,,Literacy rate in L2: 25% (2001 census).,,Bible: 2012.,,,Devanagari script [Deva]. Latin script [Latn]. Wancho script [Wcho].,,"Christian, traditional religion."
337,yim,"Naga, Yimchungru",Yimchungru Naga,Yimchungrü,"Tozhuma, Yachumi, Yanchunger, Yimchunger, Yimchungre",IN,India,T,T,T,83300,83300,,,"83,300 (2011 census). Includes 12,300 Chirr and 11,100 Tikhir (2011 census).",,,,2011,,"Nagaland state: Tuensang district, between Namchik and Patkoi.",Nagaland,25.816,94.8862,5,5* (Developing),,,"Sino-Tibetan, Tibeto-Burman, Central Naga","Tikhir, Wai, Chirr, Minir, Pherrongre, Yimchungru",,,,Also use English [eng]. Also use Hindi [hin]. Also use Nagamese [nag].,,,,Bible: 2007.,,,Latin script [Latn].,,Christian.
338,nzm,"Naga, Zeme",Zeme Naga,Zeme,"Arung, Empeo, Empui, Jeme, Kacha, Kachcha, Kachcha Naga, Kutcha, Mezama, Sangrima, Sengima, Zeliang, Zeliangrong, Zemi",IN,India,T,T,T,72100,72100,,,"72,100 (2011 census).",,,,2011,,"Assam state: North Cachar district, upper Barak valley; Manipur state: Tamenglong district; Nagaland state: Kohima district, Jhaluke, Medzephima, and Paren sub-districts.",Assam,24.9932,92.6343,5,5* (Developing),,,"Sino-Tibetan, Tibeto-Burman, Western Naga","Paren, Njauna",,,"Used strongly for oral communication but not much in written form. Home, village, church. Positive attitudes.",Also use English [eng]. Also use Hindi [hin].,,Literacy rate in L2: 59% in Manipur (2001 census).,,Radio. Bible: 2013.,,,Latin script [Latn].,Merged ethnically with Liangmai [njn] and Rongmei [nbu] Naga to form the Zeliangrong community. Liangmai and Zeme are referred to collectively as Zeliang.,"Christian, Hindu."
339,nag,Nagamese,Nagamese,Nagamiz,"Bodo, Kachari Bengali, Naga Creole Assamese, Naga Pidgin, Naga-Assamese, Nagamese Creole",IN,India,T,T,T,410000,30000,380000,"410,000, all users.","30,000 (Holm 1989).","380,000 (2011).",,,1989,,"Nagaland state: Kohima district, Dimapur sub-district; Arunachal Pradesh state border area.",Nagaland,25.8785,93.7411,3,3 (Wider communication),,"Naga tribes came from China through Burma by late 14th century. Developed by mid 16th century. In 1826, lingua franca of Naga Hills, widely used in almost all domains by majority of population.","Creole, Assamese based",,"A variety least similar to Assamese [asm] is spoken by the Yimchenger Naga, and varieties most similar to Assamese by the Angami Naga, and around Dimapur and Kohima.","SOV; no gender; case marking (7 cases); 2 tenses, 3 aspects; 21 consonants and 6 vowels; non-tonal.","L1 for the Kachari in Dimapur area, a small community, and among children of interethnic marriages. Mixed attitudes, viewed by some as a threat to the indigenous languages (Longkumer 2016).",,"Used as L2 by Angami Naga [njm], Chang Naga [nbc], Dimasa [dis], Konyak Naga [nbe], Lotha Naga [njh], Monsang Naga [nmh], Phom Naga [nph], Pochuri Naga [npo], Sakachep [sch], Sangtam Naga [nsa], Southern Rengma Naga [nre], Sumi Naga [nsm], Yimchungru Naga [yim].",,,Newspapers. Radio. Videos. Dictionary. Grammar. NT: 2018.,,,Latin script [Latn].,,
340,nbg,Nagarchal,Nagarchal,,"Nagar, Nagarchi",IN,India,T,T,T,0,0,,,No known L1 speakers. The last speaker either died or shifted to Hindi [hin] or Northern Gondi [gno] by 1981 (Ishtiaq 1999).,,,,,,"Madhya Pradesh state: Balaghat, Chhindwara, Mandla, and Seoni districts.",Madhya Pradesh,21.8997,80.1233,x10,10 (Extinct),,,"Dravidian, South-Central, Gondi-Kui, Gondi",,,,,Many shifted to Hindi [hin]. Many shifted to Northern Gondi [gno].,,,,,,,Unwritten [Qaax].,"Nagarchi is a people group living in Seoni, Jabalpur, and Mandla districts of Madhya Pradesh who speak Hindi [hin] (Singh 1998a).",
341,nlx,Nahali,Nahali,,"Kalto, Nahal, Nahale, Nahalia",IN,India,T,T,T,15000,15000,,,"15,000 (2003).",,,,2003,,"Madhya Pradesh state: Barwani district; Maharashtra state: Dhule district; Jalgaon district, Chopda sub-district, north of Amalwadi; Nandurbar district, Dhadgaon sub-district, 12 villages near Toranmal.",Maharashtra,21.4553,75.0049,6b,6b* (Threatened),,,"Indo-European, Indo-Iranian, Indo-Aryan, Intermediate Divisions, Western, Bhil",,"96% intelligibility of Bareli Pauri [bfb]. This may be acquired rather than inherent (1988 S. Watters). Lexical similarity: 58%–68% with Noiri [noi] varieties, 60%–61% with Dungra Bhil [duh], 69%–73% with Bareli Pauri [bfb].",,,Also use English [eng].,,,,NT: 2020.,,,Devanagari script [Deva].,Reported to speak Nimadi [noe] as L1 (Singh 1994b). Nihali [nll] and Nahali are different languages.,
342,nhh,Nahari,Nahari,,Nahali,IN,India,T,T,T,20400,20400,,,"20,400 (2000).",,,,2000,,"Chhattisgarh state: Raipur, Bilaspur districts; Odisha state: Sambalpur district.",Chhattisgarh,21.6568,82.1453,6a,6a* (Vigorous),,,"Indo-European, Indo-Iranian, Indo-Aryan, Outer Languages, Eastern, Bengali-Assamese",,"A more divergent variety, related to Halbi [hlb].",,,Also use English [eng].,,,,,,,,,Hindu.
343,nef,Nefamese,Nefamese,,Arunamese,IN,India,T,T,T,,,,,Population unknown. May be replaced by Hindi [hin] (2006 Y. Modi).,,,,,,Arunachal Pradesh state.,Arunachal Pradesh,28.2642,94.171,8b,8b (Nearly extinct),,,"Pidgin, Assamese based",,,,Formerly a lingua franca of Arunachal Pradesh.,Shifted to Hindi [hin].,"Used as L2 by Apatani [apt], Bugun [bgg], Zakhring [zkr].",,,,,,,,
344,npi,Nepali,Nepali,नेपाली‎ (Nepālī),"Eastern Pahari, Gorkhali, Gurkhali, Khaskura, Nepalese, Parbatiya",IN,India,F,T,T,3440000,2930000,510000,"3,440,000 in India, all users.","2,930,000 in India (2011 census).","510,000 (2011 census).",,,2011,"33,111,560 (as L1: 19,097,260; as L2: 14,014,300)","Arunachal Pradesh, Assam, Bihar, Haryana, Himachal Pradesh, Manipur, Meghalaya, Mizoram, Nagaland, Sikkim, Tripura, Uttar Pradesh, and Uttarakhand states; West Bengal state: Darjeeling area.",West Bengal,,,2,2 (Provincial),"Statutory provincial language in Sikkim, West Bengal state (1950, Constitution, Schedule VIII), amended 1992.",,"Indo-European, Indo-Iranian, Indo-Aryan, Intermediate Divisions, Eastern, Eastern Pahari","Gorkhali, Palpa, Nepali",Nepali as spoken in northern India is a creolized form with a greatly simplified grammar and many loanwords from both English [eng] and Hindi [hin] as well as a few loan words from some Sino-Tibetan languages. Speakers of standardized Nepali report intelligibility of the creolized form at 80%–90%. Speakers of the creolized Nepali who do not have access to the standardized form through formal education report very low intelligibility of the standardized form (30%–50%) (2023 R. Glustrom).,"SOV; postpositions; noun head final; 11 noun classes or genders; no articles; content q-word in situ; 1 prefix, up to 5 suffixes; clause constituents indicated by case-marking (4 cases); verbal affixation marks person, number and gender of subject; split ergativity; both tense and aspect; passives and voice; causatives; non-tonal; 29 consonant and 11 vowel phonemes.",,,"Used as L2 by Adi [adi], Bantawa [bap], Byangsi [bee], Chaudangsi [cdn], Darmiya [drd], Eastern Magar [mgp], Gurung [gvr], Koch [kdq], Kullu Pahari [kfx], Lepcha [lep], Limbu [lif], Maithili [mai], Majhi [mjz], Miju-Mishmi [mxj], Sherpa [xsr], Sikkimese [sip], Thado Chin [tcz], Toto [txo], Yakkha [ybh].",Literacy rate in L1: 30%–100%. Literacy rate in L2: 25%–75%.,Taught in primary and secondary schools through grade 5 and as subject thereafter in Sikkim and West Bengal state.,Fully developed. Bible: 1914–2004.,,,"Braille script [Brai]. Devanagari script [Deva], primary usage.",,Hindu.
345,new,Newar,Newar,"नेपाल भाषा‎ (Nepal Bhasa), नेवाः भाय्‎ (Newah Bhay)","Nevarí, Newa Bhaye, Newaah Bhaae, Pahri, “Nēwāri” (pej.), “Newari” (pej.)",IN,India,F,T,T,14000,14000,,,"14,000 in India (2007).",,,"166,000 (2007).",2007,"909,600 (as L1: 877,000; as L2: 32,600)",Bihar state: some in Bettiah; Sikkim and West Bengal states.,Bihar,,,6b,6b (Threatened),,,"Sino-Tibetan, Tibeto-Burman, Western Tibeto-Burman, Himalayan, Central Himalayan, Newar",,,"SOV; postpositions; genitives, adjectives, demonstratives before noun heads; noun heads final; 4 noun classes: animate, inanimate, common, honored (some varieties); numeral classifiers; content q-word in situ; relatives before and without noun heads; in polar questions there is a particle sentence finally; 1–3 prefixes (depends on dialect), up to 3 suffixes; clause constituents indicated by case-marking; verbal affixation marks person and number (in Dolakha, Tauthali, and Badikhel dialects) or is based on complex evidential patterns involving agency and intention (Kathmandu Valley varieties); affixes or clitics indicate case of noun phrases; ergative; causatives; comparatives; tense and aspect; no passives or voice; V, VC, CV, CVC, CCV, CCVC; non-tonal; breathy voice (some varieties); 28 consonant and 6 vowel phonemes (Kathmandu variety).","Some young people, all adults.",Also use English [eng].,,,,Literature. Newspapers. Periodicals. Radio. TV. Videos. Dictionary. Grammar. Texts. Bible: 2015.,,,"Devanagari script [Deva], primary usage. Newa script [Newa], in common use during the Malla period and earlier, recent efforts to revive usage. Ranjana (Lantsa, Wartu) script [Ranj].",,
346,caq,"Nicobarese, Car",Car Nicobarese,Pû,"Car, Nicobar, Nicobara",IN,India,T,T,T,37000,37000,,,"37,000 (2005).",,,,2005,,"Andaman and Nicobar Islands state: North Nicobar Islands, Car island.",Andaman and Nicobar Islands,9.1737,92.7658,3,3 (Wider communication),,"Originated in Myanmar (Burma); became dominant under Great Britain rule in the second half of the 19th century. Spoken by majority of population in Nicobar Islands. Used in agriculture, church, school, oral literature, music, dance, and local economy.","Austro-Asiatic, Mon-Khmer, Nicobar, Car",,,,,,,Literacy rate in L2: 46% for Scheduled Tribes in Nicobar District. 72% for Nicobar (2001 census).,,Literature. Dictionary. Grammar. Bible: 1969.,,,Latin script [Latn].,,Christian.
347,ncb,"Nicobarese, Central",Central Nicobarese,Mūöt,"Muot, Nicobar, Nicobarese",IN,India,T,T,T,10100,10100,,,"10,100 (2001 census). 5,310 on Katchal, 3,410 on Kamorta, 930 on Nancowry, 430 on Trinket.",,,,2001,,"Andaman and Nicobar Islands state: Camorta, Katchal, Nancowry, Nicobar Islands, Trinket islands.",Andaman and Nicobar Islands,7.9407,93.3859,5,5* (Developing),,,"Austro-Asiatic, Mon-Khmer, Nicobar, Nancowry","Camorta (Kamorta), Katchal (Kachel, Tehnu), Nancowry (Nancoury), Trinket (Trinkat, Trinkut)",Central Nicobar once regarded as one language but no longer generally accepted. Dialects now regarded as mutually unintelligible with the exception of Trinket and Katchal (Parkin 1991).,,,Also use English [eng].,,Literacy rate in L2: 46% for Scheduled Tribes in Nicobar District. 72% for Nicobar (2001 census).,,Dictionary. Grammar. Bible portions: 1884–1890.,,,Devanagari script [Deva]. Latin script [Latn].,,Christian.
348,nik,"Nicobarese, Southern",Southern Nicobarese,,Nicobara,IN,India,T,T,T,7500,7500,,,"7,500 (2001 census). 350 on Little Nicobar Island, 7,570 total on Great Nicobar, about 400 of these are Shom Peng [sii].",,,,2001,,Andaman and Nicobar Islands state: Little Nicobar and outer Great Nicobar islands.,Andaman and Nicobar Islands,7.0054,93.8794,6b,6b* (Threatened),,,"Austro-Asiatic, Mon-Khmer, Nicobar, Great Nicobar","Condul (Kondul), Great Nicobar, Little Nicobar, Milo",,,,Also use English [eng].,,Literacy rate in L2: 46% for Scheduled Tribes in Nicobar District. 72% for Nicobar (2001 census).,,,,,,,"Hindu, Muslim, traditional religion."
349,nll,Nihali,Nihali,,Nihal,IN,India,T,T,T,2000,2000, ,,"2,000 (Parkin 1991).",,,"5,000 (1987).",1991,,"Madhya Pradesh state: Burhanpur; Maharashtra state: Buldana district, Jamod Jalgaon sub-district.",Maharashtra,21.198,76.1106,6b,6b (Threatened),,,Language isolate,,Lexical similarity: 25% between Nihal in Chikaldara taluk and Akola District and Korku [kfq] (Munda).,,"Some young people, all adults.",Also use English [eng]. Also use Hindi [hin]. Also use Korku [kfq]. Also use Marathi [mar].,,,,,,,Unwritten [Qaax].,They live in or near Korku [kfq] villages in a position of subordination to the Korku people. Possibly belonged to a now extinct speech family of India. Influenced significantly by Munda and Dravidian languages. 60%–70% of vocabulary borrowed. Nihali and Nahali [nlx] are different languages.,
350,noe,Nimadi,Nimadi,,"Nemadi, Nimari, Nimiadi",IN,India,T,T,T,2310000,2310000,,,"2,310,000 (2011 census).",,,,2011,,"Madhya Pradesh state: Barwani, south Dhar, Khandwa, and Khargone districts; Maharashtra and Uttar Pradesh states.",Madhya Pradesh,21.8604,75.4316,6a,6a* (Vigorous),,,"Indo-European, Indo-Iranian, Indo-Aryan, Intermediate Divisions, Western, Rajasthani, Unclassified",Bhuani,"Dialects have 90%–100% mutual inherent intelligibility. Lexical similarity: 74%–94% among dialects, 64%–75% with Malvi [mup], 62%–77% with Hindi [hin], 56%–64% with Gujarati [guj], 49%–58% with Marathi [mar].",,"Vigorous. All domains, except with government officials. Positive attitudes.","Also use English [eng]. Also use Hindi [hin], in education, but generally with low proficiency.","Used as L2 by Palya Bareli [bpx], Pauri Bareli [bfb], Rathwi Bareli [bgd].",Literacy rate in L2: 40%.,,Radio. TV.,,,Devanagari script [Deva].,,"Hindu, Muslim, traditional religion."
351,noi,Noiri,Noiri,नोइरि‎ (Noiri),"Bhilori, Mathwadi Bhilori",IN,India,T,T,T,100000,100000,,,"100,000 (2003 IICCC).",,,,2003,,"Madhya Pradesh state: Badwani district, Pansemal sub-district; Maharashtra state: Dhule district, Shirpur sub-district; Jalgaon district, Chopda sub-district; Nandurbar district, Akkalkua, Dhadgaon, and Shahada sub-districts.",Maharashtra,21.4319,74.9717,5,5* (Developing),,,"Indo-European, Indo-Iranian, Indo-Aryan, Intermediate Divisions, Western, Bhil",Barutiya,"Barutiya people have high acquired intelligibility of Vasavi [vas] and Bareli Pauri [bfb] and Dungra Bhili [duh]. Lexical similarity: 77%–87% with Dungra Bhili [duh], 60%–71% with different Vasavi [vas] varieties, 58%–68% with Nahali [nlx] of Toranmal, 47%–54% with the Kotali dialect of Bhili [bhb]; the Barutiya dialect of Noiri, 64%–70% with Bareli Pauri [bfb]. Noiri-Barutiya variety falls between Vasavi and Bareli Pauri on a dialect continuum.",,"Vigorous. Home, village. Positive attitudes. Positive attitudes to the west. Less positive to the east.",Also use English [eng]. Also use Hindi [hin]. Also use Marathi [mar].,,Literacy rate in L2: 1% in Marathi [mar].,,NT: 2017.,,,Devanagari script [Deva].,A Scheduled Tribe in Maharashtra and Madhya Pradesh. A Bhil subgroup. ‘Noira’ means ‘people who speak through the nose’.,"Traditional religion, Christian, Hindu."
352,nrr,Nora,Nora,,"Norra, Noza, Nurra, Tai Nora",IN,India,T,T,T,0,0,,,"No known L1 speakers. Had 300 speakers at beginning of 20th century, but extinct by end of century.",,,,,,"Arunachal Pradesh state: northeast, near Tibet.",Arunachal Pradesh,28.705,94.0457,x10,10 (Extinct),,,Kra-Dai,,,SOV.,,,,,,,,,,,
353,njz,Nyishi,Nyishi,Nyishi,"Bangni, Dafla, Daphla, Lel, Nil, Nishi, Nisi, Nissi, Nyising",IN,India,T,T,T,299000,299000,,,"299,000 (2011 census). 23,000 speakers of Bangni dialect (Van Driem 2007).",,,,2011,,Arunachal Pradesh state: lower Subansiri district.,Arunachal Pradesh,28.0573,93.3496,5,5* (Developing),,,"Sino-Tibetan, Tibeto-Burman, Central Tibeto-Burman, Tani","Aka Lel, Bangni, Nishang",Reportedly similar to Tagin [tgj]. Apatani [apt] may be a dialect.,,All domains.,Also use English [eng]. Also use Miji [sjl].,"Used as L2 by Miji [sjl], Puroik [suv].",Literacy rate in L2: 37%—46% (2001 census).,,Grammar. Bible: 2016.,,,Bengali (Bangla) script [Beng]. Latin script [Latn].,Nisi is a Scheduled Tribe. Nisi has been used as a cover term for western Tani languages.,"Traditional religion, Christian, Hindu."
354,odk,Oadki,Oadki,,"Oad, Od, Odh, Odki",IN,India,T,T,T,2000000,2000000,,,"2,000,000 in India (2017 A. Ranjha).",,,,2017,"20,79,200","Scattered, in Gujarat, Haryana, New Delhi, Punjab, Rajasthan and other states.",,22.8907,79.6168,5,5* (Developing),,,"Indo-European, Indo-Iranian, Indo-Aryan, Unclassified",,Resembles Marathi [mar] with Gujarati [guj] features and borrowings from Marwari [mve] and Punjabi.,,,Also use English [eng]. Also use Hindi [hin].,,,,NT: 2023.,,,"Arabic script, Naskh variant [Arab].",,Hindu.
355,ory,Odia,Odia,ଓଡ଼ିଆ‎ (Oḍiā),"Odisha, Odri, Odrum, Oliya, Oriya, Uriya, Utkali, Vadiya, Yudhia",IN,India,T,T,T,39370000,34300000,5070000,"39,370,000 in India, all users.","34,300,000 in India (2011 census).","5,070,000 (2011 census).",,,2011,"39,533,607 (as L1: 34,463,280; as L2: 5,070,327)","Andhra Pradesh state: Vishakhapatnam district; Chhattisgarh state: Bastar, Raigarh, and Raipur districts; Jharkhand state: Ranchi and Singhbhum districts; West Bengal state: Medinipur (Midnapore) district; Assam and Odisha states.",Odisha,20.4441,84.6101,2,2 (Provincial),"Statutory provincial language in Odisha State (1950, Constitution, Schedule VIII).",,"Indo-European, Indo-Iranian, Indo-Aryan, Outer Languages, Eastern, Oriya","Mughalbandi (Odia Proper, Standard Odia), Ganjami (Southern Odia), Sundargadi (Northwestern Odia), North Balasore Odia, Midnapore Odia, Halbi","Lexical similarity: 75%–76% with Sambalpuri [spv], 68% with Kamar [keq].","SOV; postpositions; gender (masculine/feminine); no articles; case-marking (7 cases); verb affixes mark person, number; passives; tense and aspect; 22 consonant and 11 vowel phonemes.",,,"Used as L2 by Bhatri [bgw], Birhor [biy], Bodo Gadaba [gbj], Chhattisgarhi [hne], Duruwa [pci], Eastern Muria [emu], Gata’ [gaq], Ho [hoc], Juang [jun], Juray [juy], Kharia [khr], Kharia Thar [ksy], Kisan [xis], Konda-Dora [kfc], Kudmali [kyw], Lodhi [lbm], Mahali [mjx], Mirgan [zrg], Pengo [peg], Sadri [sck].",Literacy rate in L1: 64% (2001 census). Literacy rate in L2: 64% (2001 census).,Taught in primary and secondary schools through grade 5 and as subject thereafter in Odisha state.,Fully developed. Bible: 1815–2004.,,,"Braille script [Brai]. Oriya (Odia) script [Orya], primary usage.",A Classical Language of India since 2014.,Hindu.
356,okj,Oko-Juwoi,Oko-Juwoi,,"Junoi, Juwai, Juwoi, Oku-Juwoi",IN,India,T,T,T,0,0,,,No known L1 speakers. The last speaker died in 1931 (Van Driem 2001).,,,,,,"Andaman and Nicobar Islands, west central and southwest interior Middle Andaman island.",Andaman and Nicobar Islands,12.4178,92.7576,x10,10 (Extinct),,,"Andamanese, Great Andamanese, Central",,,,,,,,,,,,,,
357,oon,Öñge,Öñge,,Ong,IN,India,T,T,T,94,94,,,94 (Abbi 2006).,,Mainly monolingual.,110 (1999).,2006,,"Andaman and Nicobar Islands: Little Andaman island, Dugong Creek and South Bay.",Andaman and Nicobar Islands,10.6974,92.4705,6b,6b (Threatened),,,"Andamanese, South Andamanese",,Reportedly distinct from Sentinel [std].,,"Some young people, all adults.",,,,,Grammar.,,,Unwritten [Qaax].,Reserved toward outsiders.,Traditional religion.
358,ort,"Oriya, Adivasi",Adivasi Oriya,ఆదివాసి ఒరియ‎ (Adivasi Oriya),"Adivasi, Adiwasi Oriya, Desiya, Kotia, Kotia Oriya, Kotiya, Tribal Oriya",IN,India,T,T,T,400000,200000,200000,"400,000, all users.","200,000 (2011 SIL).","200,000 (1998 U. Gustafsson).",,,2011,,"Andhra Pradesh state: Vishakhapatnam district, Araku valley; Odisha state.",Andhra Pradesh,18.2148,82.6097,5,5* (Developing),,,"Indo-European, Indo-Iranian, Indo-Aryan, Outer Languages, Eastern, Oriya",,"Lexical similarity: 38%–42% with standard Odia [ory], 80%–85% with Desiya [dso] in Odisha.",,,Also use English [eng].,"Used as L2 by Bodo Parja [bdv], Bondo [bfw], Mukha-Dora [mmk], Parenga [pcj].",Literacy rate in L1: 7%. Literacy rate in L2: 34% for Scheduled Tribes in Vishakhapatnam District (2001 census).,,Literature. Dictionary. NT: 2011.,,,Telugu script [Telu].,,"Traditional religion, Hindu."
359,kfx,"Pahari, Kullu",Kullu Pahari,,"Kauli, Kullui, Kulu Boli, Kulu Pahari, Kului, Kulvi, Kulwali, Pahari, Pahari Kullu, Phari Kulu",IN,India,T,T,T,195000,195000,,,"195,000 (2011 census). All Pahari 2,170,000 (1997).",,,,2011,,"Himachal Pradesh state: Kullu district, Balichowk, Banjar, and Sainj sub-districts.",Himachal Pradesh,31.8363,77.6316,5,5* (Developing),,,"Indo-European, Indo-Iranian, Indo-Aryan, Intermediate Divisions, Western, Pahari, Western Pahari","Inner Siragi (Inner Seraji, Saraji, Siragi, Siraji), Kullui, Outer Seraji",Inner Siragi is apparently different from the Siraji-Kashmiri dialect of Kashmiri [kas]. Lexical similarity: 85% or higher among dialects.,,,Also use English [eng]. Also use Hindi [hin]. Also use Nepali [npi]. Also use Tinani [lbf]. Also use Urdu [urd].,Used as L2 by Gujari [gju].,,,Radio. Texts. NT: 2017.,,,"Devanagari script [Deva]. Takri (Tankri, Takari) script [Takr], no longer in use.",,"Traditional religion, Hindu."
360,bfz,"Pahari, Mahasu",Mahasu Pahari,,"Mahasui, Mahasuvi",IN,India,T,T,T,1000000,1000000,,,"1,000,000 (2002).",,,,2002,,Himachal Pradesh state: Shimla and Solan districts.,Himachal Pradesh,31.2307,77.5961,5,5 (Developing),,,"Indo-European, Indo-Iranian, Indo-Aryan, Intermediate Divisions, Western, Pahari, Western Pahari","Lower Mahasu Pahari (Baghati, Baghliani, Kiunthali), Upper Mahasu Pahari (Barari, Bishshau, Rampuri, Rohruri, Shadochi, Sharachali, Shimla Siraji)","The Kiunthali variety appears to be understood by others, and their attitude toward it is favorable. Rampuri is also called Bushahri. Intelligibility among dialects above 85%. Lexical similarity: 74%–82% with upper dialects, 74%–95% with lower dialects.",SOV; postpositions; genitives after noun heads; nontonal.,"Home, religion. Used by all.","Also use English [eng]. Also use Hindi [hin], with more proficiency among educated people.",,"Literacy rate in L2: 80% for Shimla District, 82% for Solan (2001 census).",,Newspapers. Periodicals. Radio. NT: 2017.,,,Devanagari script [Deva].,,Hindu.
361,phr,Pahari-Potwari,Pahari-Potwari,,"Mirpur, Mirpur Panjabi, Mirpur Punjabi, Mirpuri",IN,India,F,F,T,1020000,1020000,,,"1,020,000 in India (2000).",,,,2000,"35,42,800","Jammu and Kashmir state: Kupware district, near Pakistan border.",Jammu and Kashmir,,,6a,6a* (Vigorous),,,"Indo-European, Indo-Iranian, Indo-Aryan, Intermediate Divisions, Western, Panjabi, Western Panjabi",,,,,,,,,Radio. Bible portions: 2021.,,,"Arabic script, Naskh variant [Arab]. Arabic script, Nastaliq variant [Aran], primary usage.",,"Hindu, Sikh."
362,pli,Pali,Pali,पालि‎ (Pāḷi),Magadhan,IN,India,T,T,T,0,0,,,No known L1 speakers in India.,,,No ethnic community.,,none known,Scattered.,,25.0186,81.7984,9,9 (Second language only),,,"Indo-European, Indo-Iranian, Indo-Aryan, Unclassified",,,,Classical and liturgical language of the Theravada Buddhist canon. Positive attitudes.,,,,,Grammar. NT: 1835.,,,Devanagari script [Deva]. Myanmar (Burmese) script [Mymr]. Sinhala script [Sinh]. Thai script [Thai].,"Pali was a revered standard and international language because the oral sayings of Buddha were recorded in it in the first century BCE, but it died out in mainland India as a literary language in the fourteenth century.",Buddhist.
363,pcf,Paliyan,Paliyan,,"Makkal, Malai Paliyar, Palani, Palaya, Palayan, Paliyar, Palleyan, Palliyar, Poliyar, Seramar, Tamil",IN,India,T,T,T,9520,9520,,,"9,520 (2001 census).",,,,2001,,"Karnataka state; Kerala state: Idukki district, Pirmed sub-district, Chakkupallam, Kumily, and Vandanmedu areas; Ernakulam and Kottayam districts; Tamil Nadu state: Coimbatore, Dindigul, Madurai, Pudukkottai, Ramanathapuram, Thanjavur, and Tirunelveli districts.",Kerala,9.7137,77.1799,6b,6b* (Threatened),,,"Dravidian, Southern, Tamil-Kannada, Tamil-Kodagu, Tamil-Malayalam, Malayalam","Mala Pulayan (Hill Pulaya, Karavazhi)","Lexical similarity: 71%–75% with Tamil [tam], 62%–65% with Malayalam [mal], 79%–85% with Mala Pulayan [pcf].",,,"Also use English [eng]. Also use Malayalam [mal]. Also use Tamil [tam], with high proficiency.",,"Literacy rate in L2: 44%–62% in Kerala, 50% for Hill Pulaya (2001 census).",,,,,,"Paliya and Mala Pulaya refer to L1 as Tamil [tam], though it differs from standard Tamil.","Traditional religion, Christian, Hindu."
364,tdb,Panchpargania,Panchpargania,पंचपरगानिया‎ (Panchpargania),"Bedia, Bediya, Chik Baraik, Chik Barik, Pan, Pan Sawasi, Tair, Tamara, Tamaria, Tanti, Temoral, Tumariya",IN,India,T,T,T,257000,257000,,,"257,000 (2011 census).",,,,2011,,Assam state: upper tea gardens; Jharkhand state: Ranchi and Singhbhum districts; Odisha and West Bengal states.,Jharkhand,23.0691,85.7582,5,5 (Developing),,,"Indo-European, Indo-Iranian, Indo-Aryan, Outer Languages, Eastern, Bihari",,"Sonahatu variety considered most pure. Lexical similarity: 77%–94% between dialects, 61%–86% with Kudmali, 68%–76% with Magahi (Khortha) [mag], 61%–70% with Sadri [sck], 48%–52% with Odia [ory], 45%–58% with Bengali [ben], 50%–60% with Hindi [hin].",,"Vigorous. Home, village, market, religion. Used by all. Positive attitudes.",Also use Bengali [ben]. Also use Hindi [hin].,,,,Literature. NT: 2019.,,,"Bengali (Bangla) script [Beng], no longer in use. Devanagari script [Deva]. Kaithi script [Kthi], no longer in use.","Panchpargania means ‘5 districts’, namely Silli, Bundu, Rahe, Baranda, and Tamar parganas of Ranchi (Singh 1995b).","Hindu, Christian, Muslim, traditional religion."
365,pgg,Pangwali,Pangwali,,"Pahari, Pangi, Pangwali Pahari",IN,India,T,T,T,18700,18700,,,"18,700 (2011 census).",,,,2011,,"Himachal Pradesh state: Chamba district, Pangi sub-district; Lahaul Spiti district, Udaipur on Chenab river to Chamba border at Purthi, possibly from Tandi to Sach Pass; Jammu and Kashmir state: Doda district.",Himachal Pradesh,32.9786,76.6445,5,5* (Developing),,,"Indo-European, Indo-Iranian, Indo-Aryan, Intermediate Divisions, Western, Pahari, Western Pahari",,"64% inherent intelligibility of Mandeali [mjl], 52% of Kangri [xnr], 44% of Chambeali [cdh], 50% of Bhadrawahi [bhd]; some dialect variation throughout the valley in Chamba District; Purthi reportedly most divergent. Lexical similarity: 55% with Hindi [hin], 77% with Kullu Pahari [kfx]; 45% with Bhadrawahi [bhd].",,"Vigorous. Home, village, religion. Positive attitudes.",A few also use English [eng]. Also use Hindi [hin].,,"Literacy rate in L2: 9% men, 1% women. In 1981, 9% of the men had a 5th grade education, 1% of the women; 3% of the men had an 8th grade education, fewer than 1% of the women.",,Literature. Radio. NT: 2023.,,,Devanagari script [Deva].,,Hindu.
366,pcg,Paniya,Paniya,"பணிய‎ (Paniya), പാണിയ‎ (Paniya)","Nil, Pania, Paniyan, Panyah",IN,India,T,T,T,22800,22800,,,"22,800 (2011 census).",,,,2011,,"Karnataka state: Kodagu district; Kerala state: Kannur, Kozhikode, Malappuram, and Wayanad districts; Tamil Nadu state: west of Nilgiris hills.",Kerala,11.5315,76.2021,5,5* (Developing),,,"Dravidian, Southern, Tamil-Kannada, Tamil-Kodagu, Tamil-Malayalam, Malayalam",,"Intelligibility of Malappura Paniya by Kodava [kfa] is 66%. Lexical similarity: 79%–88% between dialects and Malappuram Paniya, 71% with Kodaku [ksz] and Kodava [kfa].",,"Home, religion.",Also use English [eng]. Also use Kannada [kan]. Also use Malayalam [mal]. Also use Tamil [tam].,,"Literacy rate in L2: 41% for Kerala, 26% for Tamil Nadu (2001 census).",,,,,"Kannada script [Knda], used in Karnataka. Malayalam script [Mlym], used in Kerala. Tamil script [Taml], used in Tamil Nadu.",,"Hindu, traditional religion."
367,pkh,Pankhu,Pankhu,,"Paang, Pang, Pang Khua, Pangkhu, Pankho, Pankhua, Panko, Pankua",IN,India,F,T,T,,,,,Current population unknown.,,,230 (1971).,,"2,400","Mizoram state: Chhimtuipui and Lunglei districts, 12 villages.",Mizoram,,,6a,6a* (Vigorous),,,"Sino-Tibetan, Tibeto-Burman, Kuki-Chin, Central",,,,,Also use Bawm Chin [bgr]. Also use Mizo [lus].,,,,,,,Devanagari script [Deva]. Latin script [Latn].,Scheduled Tribe. A subgroup of the Mizo [lus].,Christian.
368,pch,Pardhan,Pardhan,,"Pradhan, Pradhani",IN,India,T,T,T,135000,135000,,,"135,000 (2007). All Gondi speakers: 2,910,000 (2011 census).",,,########,2007,,"Andhra Pradesh state; Chhattisgarh state: Bilaspur, Raipur, and Surguja districts; Madhya Pradesh state: Balaghat, Betul, Chhindwara, Hoshangabad, Jabalpur, Mandla, and Seoni districts; Maharashtra state: Bhandara, Garhchiroli, Nagpur, Wardha, and Yavatmal districts; Telangana state: possibly in Adilbad district.",Madhya Pradesh,22.0966,77.8476,6b,6b* (Threatened),,,"Dravidian, South-Central, Gondi-Kui, Gondi",,,,,"Also use English [eng]. Also use Hindi [hin], in Madhya Pradesh. Also use Marathi [mar], in Maharashtra.",,,,,,,Unwritten [Qaax].,L1 is Gondi [gon] (Singh 1994b).,Hindu.
369,pcl,Pardhi,Pardhi,,"Bahelia, Chita Pardhi, Lango Pardhi, Paidia, Paradhi, Paradi, Paria, Phans Pardhi, Takankar, Takia",IN,India,T,T,T,69100,69100,,,"69,100 (2011 census).",,,,2011,,"Karnataka state: Belgaum and Bijapur districts, small border areas; Maharashtra state: Kolhapur, Sangli, Satara, and Solapur districts; Gujarat and Madhya Pradesh states: widely scattered.",Maharashtra,17.2849,74.9296,6a,6a* (Vigorous),,,"Indo-European, Indo-Iranian, Indo-Aryan, Intermediate Divisions, Western, Bhil","Neelishikari, Pittala Bhasha, Takari, Haran Shikari",Probably more than 1 language (Lango). Possibly a dialect of Bhili [bhb].,,,,,,,,,,,"A Scheduled Caste in Madhya Pradesh. Different than Paradhi, who speak Kacchi [kfr].",Traditional religion.
370,pcj,Parenga,Parenga,,"Gadaba, Gorum, Gorum Sama, Gorum-Parenga, Pareng, Parenga Parja, Parengi, Parenji, Poroja",IN,India,T,T,T,20,20,,,20 (2011 UNESCO).,,,"12,600 (2001 census). In Odisha.",2011,,Odisha state: Mayurbhanj district.,Odisha,21.5711,86.0712,8b,8b (Nearly extinct),,,"Austro-Asiatic, Munda, South Munda, Koraput Munda, Sora-Juray-Gorum, Gorum",,,,,Shifted to Adivasi Oriya [ort].,,Literacy rate in L2: 17% (2001 census).,,,,,Telugu script [Telu].,"Ethnonym: Gadaba, erroneously.",
371,pbu,"Pashto, Northern",Northern Pashto,پښتو‎ (Pashto),,IN,India,F,F,T,21700,21700,,,"21,700 in India (2011 census).",,,,2011,"27,221,440 (as L1: 25,782,940; as L2: 1,438,500)","Punjab state: Pathankot; Himachal Pradesh and Jammu and Kashmir states: where the 3 states meet in southwest Kashmir valley; Kupwara district, Changnar and Dhakki villages; Gujarat, Madhya Pradesh, and Maharashtra states; New Delhi; Uttar Pradesh: Rampur district.",Punjab,,,6b,6b* (Threatened),,,"Indo-European, Indo-Iranian, Iranian, Eastern, Southeastern, Pashto",,,"SOV; noun head final; gender (masculine/feminine); no articles; case-marking (3 cases); verb affixes mark person, number, gender of subject; passives; tense and aspect; causatives.",,,,,,Literature. Newspapers. Periodicals. Radio. TV. Videos. Dictionary. Grammar. Texts. Bible: 2019.,,,"Arabic script, Naskh variant [Arab], primary usage. Arabic script, Nastaliq variant [Aran].",,
372,pty,Pathiya,Pathiya,,,IN,India,T,T,T,1000,1000,,,"1,000 (2004 SIL).",,,,2004,,"Kerala state: Wayanad district, Cheramkolli, Kazhambu, Mathamangalam, Thekkumpatta, and Thelampatta villages.",Kerala,11.6368,76.3397,6b,6b* (Threatened),,,"Dravidian, Southern",,"It has been reported that they speak Malayalam [mal] mixed with Kannada [kan] words (Menon 1996:313; Shashi and Shri 1994, Vol. 11). Lexical similarity: 88% with Kalanadi [wkl], 83% with Kunduvadi [wku], 72% with Malayalam [mal], 79% with Paniya [pcg], 76%–80% with Mullu Kurumba [kpb], 70%–74% with Wayanad Kurichiya.",,"Continued vitality doubtful, due to small population, no separate settlements, living with Malayalis, and similarity to Malayalam [mal]. Home.",Also use Malayalam [mal].,,,,,,,Unwritten [Qaax].,Common cultural origin with Kunduvadiyar and Kalanadikal. Not related to the washerman caste of the same name in Travancore area. (Menon 1996).,Jain.
373,lae,Pattani,Pattani,,"Chamba, Chamba Lahuli, Changsapa Boli, Lahuli, Manchad, Manchati, Patni, Swangla",IN,India,T,T,T,21500,16500,5000,"21,500, all users.","16,500 (2011 census).","5,000 (1997).",,"20,000 (2002).",2011,,"Himachal Pradesh state: Chamba-Lahul, Lahul, Pattan, and lower Mayar valleys, some in Kullu and Manali cities; Jammu and Kashmir state: Kishtwar district.",Himachal Pradesh,32.8357,77.2641,6b,6b* (Threatened),,,"Sino-Tibetan, Tibeto-Burman, Western Tibeto-Burman, Bodish, West Himalayish, Kinauri","Chamba-Lahuli (Western Pattani), Eastern Pattani, Central Pattani","3 caste dialects exist (Pandit-Rajput, Harijan and Lohar). The lower castes understand Pandit-Rajput, but not vice versa. Lexical similarity: 55%–63% between Western Pattani dialect and Tinani [lbf], 26%–39% with Bunan [bfu], 37% with Shumcho [scu], 35% with Jangshung [jna], 33% with Sunam [ssk], 31% with Chitkuli [cik] and Kinnauri [kfk], 25% with Puh and Kinnaur District varieties (Kinnaur Bhoti [nes]) of Tibetan, 22% with Chhoyul Kinnauri [tpq], 18% with Tibetan [bod], 14%–15% with the Spiti and Stod varieties of Tibetan. Average of 80% between dialects.",,"Home, village, religion. Positive attitudes.","Some also use English [eng]. Also use Hindi [hin], in education and trade. Half of the population speak it with good proficiency.",Used as L2 by Tinani [lbf].,Literacy rate in L2: 50% for women (even young ones). Over 50% for men. Most young men under 30 can read (2002).,,Literature. Grammar. Bible portions: 1907–1914.,,,"Devanagari script [Deva]. Tibetan script [Tibt], no longer in use.",,Hindu.
374,ptq,Pattapu,Pattapu,,Pattapu Bhasha,IN,India,T,T,T,200000,200000,,,"200,000 (2013 R. Rebbavarapu).",,,,2013,,"Andhra Pradesh state: Guntur, Prakasam, and Sri Potti Sriramulu Nellore districts.",Andhra Pradesh,15.424,79.7314,6a,6a (Vigorous),,,"Dravidian, Unclassified",,Lexical similarity: 28% with Tamil [tam].,,"Home, workplace. Used by all.",Also use English [eng].,,,,,,,Unwritten [Qaax].,,
375,peg,Pengo,Pengo,,"Hengo, Pengu",IN,India,T,T,T,65000,65000,,,"65,000 (2011 census).",,,"350,000 (2000).",2011,,"Odisha state: Kalahandi district; Koraput district, Dasamantapur and Nandapur sub-districts; Nabarangapur district, Pappadahandi sub-district; Rayagada district, Kashipur sub-district.",Odisha,19.3598,82.8468,5,5* (Developing),,,"Dravidian, South-Central, Gondi-Kui, Konda-Kui, Manda-Kui, Manda-Pengo","Indi, Awe",,,,Also use English [eng]. Also use Odia [ory].,,,,Dictionary. NT: 2020.,,,Oriya (Odia) script [Orya].,They consider themselves separate from Jhodia Poraja.,"Traditional religion, Hindu."
376,phk,Phake,Phake,ၸႃကေ‎ (Phaek),"Faake, Fakial, Phakey, Phakial, Tai Phake",IN,India,T,T,T,2000,2000,,,"2,000 (Bradley 2007a).",,,,2007,,"Arunachal Pradesh state; Assam state: Dibrugarh district, Bor-phake, Man-long, Man-po-mung, Mung-lang, Nam-phake, Ning-gam, Nong-lai, Pha-neng, and Tipam-phake villages along Dihing river.",Assam,27.3941,95.0643,5,5 (Developing),,,"Kra-Dai, Kam-Tai, Tai, Southwestern",,Reportedly similar to Aiton [aio]. Similar to Shan [shn] of Myanmar. Lexical similarity: 48%–54% with Aiton [aio] and 48%–55% with Khamyang [ksu].,,Used by all.,Also use Assamese [asm]. Also use English [eng].,,,,,,,Myanmar (Burmese) script [Mymr].,,"Buddhist, traditional religion."
377,phd,Phudagi,Phudagi,,Vadval,IN,India,T,T,T,1010,1010,,,"1,010 (2000).",,,,2000,,Maharashtra state: Thane district.,Maharashtra,19.6506,73.1573,6b,6b* (Threatened),,,"Indo-European, Indo-Iranian, Indo-Aryan, Outer Languages, Southern, Konkani",,"A more divergent dialect of, or closely related language to, Konkani [knn].",,,,,,,,,,,,
378,pbv,Pnar,Pnar,,,IN,India,T,T,T,319000,319000,,,"319,000 in India (2011 census).",,,,2011,"3,23,000","Assam state: North Cachar hills, Borolokha, Dibruchera and Jatinga; Karbi Anglong district, Ulukunchi; Meghalaya state: Khasi and Jaintia hills north of War Jaintia; Mizoram state: north Aizawl district.",Meghalaya,25.257,92.6687,6a,6a* (Vigorous),,,"Austro-Asiatic, Mon-Khmer, Northern Mon-Khmer, Khasian","Jaintia (Synteng), Nongtung","Formerly considered a dialect of Khasi [kha]. Jaintia dialect has 12 spoken forms: Jowai, Shangpung, Batau, Raliang, Sutnga, Sumer, Nartiang, Barato, Rymbai, Lakadong, Mynso, and Nongtalang. All are intelligible, except for Nongtalang, which is akin to Khmer [khm]. Jowai is standard spoken form. Lexical similarity: 68% with standard Khasi.",Verb-initial.,,Also use Bengali [ben]. Also use English [eng]. Also use Hindi [hin]. Also use Mizo [lus].,,Literacy rate in L2: 62% for Synteng dialect in Meghalaya (2001 census).,,Radio.,,,Latin script [Latn].,,Christian.
379,por,Portuguese,Portuguese,Português,Português,IN,India,F,F,T,1500,0,1500,"1,500 in India, all users.",No known L1 speakers in India.,"1,500 (2014).",,,,"263,963,030 (as L1: 236,584,830; as L2: 27,378,200)","Goa state, Daman and Diu, Dadra and Nagar Haveli.",Goa,,,9,9 (Dormant),,,"Indo-European, Italic, Romance, Italo-Western, Western, Gallo-Iberian, Ibero-Romance, West Iberian, Portuguese-Galician",,,"SVO; prepositions; gender (masculine/feminine); definite and indefinite articles; verb affixes mark person, number; passives; tense; comparatives; 21 consonants, 13 vowels, 11 diphthongs; non-tonal.",,,Used as L2 by Indo-Portuguese [idb].,,,Fully developed. Bible: 1751–2017.,,,"Braille script [Brai]. Latin script [Latn], primary usage.",,
380,pwr,Powari,Powari,,Pwari,IN,India,T,T,T,326000,326000,,,"326,000 (2011 census).",,,"2,000,000 (1986 All India Powar Council).",2011,,"Madhya Pradesh state: Balaghat, Betul, Chindwara, and Seoni districts; Maharashtra state: Bhandara, Gondia, and Wardha districts.",Madhya Pradesh,21.9208,78.9356,6b,6b* (Threatened),,,"Indo-European, Indo-Iranian, Indo-Aryan, Intermediate Divisions, Western","Bhoyar Powari (Bhomiyari, Bhoyari, Bhoyaroo, Bhuiyar, Bhuria, Bohoyeri), Vyneganga Powari, Govari of Seoni, Khalari, Koshti, Kumbhari, Marari","Reported intelligibility between Bhoyar and Vyneganga. Balaghat District dialect considered central among Bhoyar and Vyneganga varieties. Lexical similarity: 60%–87% among dialects; 80%–83% with Koshti, Kumbhari, and Khalari sub-groups; 49%–65% with Bagheli [bfy], 46%–64% with Bundeli [bns].",,Powari use is decreasing in the Bhoyar and Vyneganga dialect areas. Half the children learn Hindi [hin] or Marathi [mar] first. Home. Neutral attitudes.,Also use English [eng]. Also use Hindi [hin]. Also use Marathi [mar].,,Literacy rate in L2: 72% for Powari-speaking districts (2001 census).,,NT: 2022.,,,Devanagari script [Deva].,Younger generation is getting education.,Hindu.
381,pan,"Punjabi, Eastern",Eastern Punjabi,"ਪੰਜਾਬੀ‎ (Panjabi), ਪੰਜਾਬੀ ਭਾਸ਼ਾ‎ (Panjabi bhasa)","Eastern Panjabi, Gurmukhi, Gurumukhi, Punjabi",IN,India,T,T,T,34060000,31100000,2960000,"34,060,000 in India, all users.","31,100,000 in India (2011 census).","2,960,000 (2011 census).",,,2011,"36,500,810 (as L1: 33,361,540; as L2: 3,139,270)","Chandigarh state; Haryana state: Ambala and Pauchkula districts; Himachal Pradesh state: Kangra and Una districts; Jammu and Kashmir state: Jambu, Kathua, and Samba Jambu districts; Punjab state: Amritsar and Gurdaspur districts; Rajasthan state: north Ganganagar district.",Punjab,30.9179,75.3455,2,2 (Provincial),"Statutory provincial language in Punjab, West Bengal states; union territories Delhi, Chandigarh (1950, Constitution, Schedule VIII).",,"Indo-European, Indo-Iranian, Indo-Aryan, Intermediate Divisions, Western, Panjabi","Punjabi Proper (Panjabi Proper), Majhi, Doabi, Bhatiani (Bhatneri, Bhatti, Bhatyiana), Powadhi (Puadhi, Puadi), Malwai (Malwa), Bathi","Western Punjabi [pnb] is distinct from Eastern Punjabi, although there is a chain of dialects to Western Hindi (Urdu) [urd]. Bhatyiana dialect considered a mixture of Punjabi and Marwari [mve]. Majhi considered the purest Punjabi form (Grierson and Konow 1903–1928).","SOV; postpositions; gender (masculine/feminine); no articles; case-marking (7 cases); verb affixes mark person, number, gender of subject; passives; tense and aspect; 15 consonant and 24 vowel phonemes; tonal (3 tones: high, mid, low).",,,"Used as L2 by Bauria [bge], Bazigar [bfr], Bhattiyali [bht], Bilaspuri [kfs], Chambeali [cdh], Churahi [cdj], Dogri [dgo], Kangri [xnr], Mandeali [mjl], Sansi [ssi].",,Taught in primary and secondary schools through grade 5 and as subject thereafter in Punjab and West Bengal states.,Literature. Radio. Grammar. Bible: 1959–2017.,,,"Arabic script, Naskh variant [Arab]. Gurmukhi script [Guru], primary usage. Khojki script [Khoj].",Associated with Sikhs. Different from Majhi [mjz] in India and Nepal.,"Sikh, Muslim."
382,pnb,"Punjabi, Western",Western Punjabi,پنجابی‎ (Panjābī),"Lahanda, Lahnda, Lahndi, Western Panjabi, “Hindki” (pej.)",IN,India,F,T,T,215000,215000,,,"215,000 in India (2023 Joshua Project).",,,,2023,"9,02,57,390","Jammu and Kashmir state: Kathua, Jammu, and Samba districts; Punjab state: Gurdaspur district; possibly Delhi, Haryana.",Jammu and Kashmir,,,5,5* (Developing),,,"Indo-European, Indo-Iranian, Indo-Aryan, Intermediate Divisions, Western, Panjabi, Western Panjabi",,,"SOV; postpositions; gender (masculine/feminine); no articles; case-marking (7 cases); verb affixes mark person, number, gender of subject; passives; tense and aspect; 15 consonant and 24 vowel phonemes; tonal (3 tones: high, mid, low).",,Also use English [eng].,,,,Literature. Newspapers. Periodicals. Radio. TV. Videos. Grammar. NT: 1819–1931.,,,"Arabic script, Naskh variant [Arab]. Arabic script, Nastaliq variant [Aran], primary usage, also called Shahmukhi. Khojki script [Khoj]. Lahnda (Landa) script [Qaaj], no longer in use. Latin script [Latn].",,"Muslim, Christian."
383,prx,Purig,Purig,,"Burig, Burigskat, Purig-pa, Purigi, Purigskad, Purik, Purik Bhotia, Purik-Sham-Nubra, Purkhi, Purki",IN,India,T,T,T,93500,93500,,,"93,500 (2011 census).",,,,2011,,"Ladakh state: Kargil district, mainly Suru valley; Dras valley, some in western Himalayas.",Ladakh,34.2004,75.8752,6b,6b (Threatened),,,"Sino-Tibetan, Tibeto-Burman, Western Tibeto-Burman, Bodish, Central Bodish, Western",,Reportedly similar to Balti [bft].,,Dominant language in Kargil District. Many Purik have shifted to Balti [bft]. Some of all ages.,Many also use Balti [bft]. Also use English [eng]. Also use Urdu [urd].,"Used as L2 by Balti [bft], Shina [scl].",Literacy rate in L2: 61% (2001 census).,,Bible portions: 1938–1940.,,,"Arabic script, Naskh variant [Arab]. Tibetan script [Tibt], no longer in use.","The name ‘Purig’ of Tibetan origin. People prefer to be culturally and linguistically identified with Tibet, although religiously with Islam.",Muslim.
384,suv,Puroik,Puroik,Puroik,,IN,India,T,T,T,15000,15000,,,"15,000 (2019 T. Chhangte).",,,,2019,,"Arunachal Pradesh state: East Kameng, Kurung Kumey, Papumpare, and Lower Subansiri districts, along Par river, 53 villages.",Arunachal Pradesh,27.7101,92.9142,6a,6a* (Vigorous),,,"Sino-Tibetan, Tibeto-Burman, Central Tibeto-Burman, Kho-Bwa","Bulu, Kojo Rojo, Rawa, Sario Saria, Chayangtajo, Kurung-Kumey, Lasumpatte",A divergent language which may not be Sino-Tibetan. Burling (2003) groups it with Sherdukpen [sdp] and Bugun; possibly also with Lish [lsh] and Sartang [onp]. Lexical similarity: 54%–67% between varieties; 57%–68% with Chug [cvg]; less than 15% with Bugun [bgg] and Nyishi [njz].,,"Home, village. Positive attitudes.",All also use Nyishi [njz]. Some also use Assamese [asm]. Some also use Hindi [hin]. Also use English [eng].,,Literacy rate in L2: 2%.,,Dictionary.,,,"Bengali (Bangla) script [Beng], limited usage. Devanagari script [Deva], limited usage. Latin script [Latn], primary usage.","A satellite relationship to Nyishi and Bangni peoples, bonded economically. A Scheduled Tribe in India. Claim kinship with the Khoa or Bugun. Distinct in that rice is not their staple.","Traditional religion, Christian."
385,pub,Purum,Purum,,"Puram, Purum Naga",IN,India,T,T,T,500,500,,,500 (2001 census).,,,,2001,,"Manipur state: Chandel district, Chandanpokpi, Khongkhang Chothe, Lamlang Huipi, Loirang Talsi, New Wangparan, Salemthar, and Zat’lang; Senapati district, Moibunglikli, Purumkhulen, Purumkhunou, Purumlikli, and Waicheiphai villages.",Manipur,24.9097,94.085,6a,6a (Vigorous),,,"Sino-Tibetan, Tibeto-Burman, Kuki-Chin, Peripheral, Northern",,"95% intelligibility of Kharam Naga [kfw]. Lexical similarity: 60%–65% with Kom [kmm], 60%–66% with Koireng [nkd], 57%–60% with Aimol [aim], 71%–73% with Kharam Naga [kfw].","SOV; postpositions; numerals, adjectives, articles after noun head; question word between subject and object; word order distinguishes subject, object, indirect object; V, CV, CVC, CVV; nontonal.","Vigorous. Home, village. Used by all. Positive attitudes.","Also use English [eng]. Also use Meitei [mni], with speakers of other languages.",Used as L2 by Kharam Naga [kfw].,Literacy rate in L2: 30%–40% (2000).,,,,,Latin script [Latn].,,Christian.
386,rah,Rabha,Rabha,রাভা‎ (Rābhā),"Rava, Rába Katha",IN,India,T,T,T,140000,140000,,,"140,000 (2011 census).",,No monolinguals.,"374,000 (1993).",2011,,"Assam state: Darrang, Goalpara, and Kamrup districts; Nagaland state; West Bengal state: Alipurduar and Jalpaiguri districts; Koch Bihar district, Tafangunj sub-district; Meghalaya state: East and West Garo hills districts.",Assam,25.9608,90.9526,5,5 (Developing),,,"Sino-Tibetan, Tibeto-Burman, Sal, Boro-Garo, Koch","Maitaria (Maitoria, Maituri), Rongdani (Rangdania)",Rongdani is the standard dialect. Lexical similarity: 73% between Maituri and Rongdani. 31%–39% with Koch [kdq].,,"The majority of the ethnic group speaks Assamese [asm] as L1; Rabha spoken only in Rongdani and Maituri. Home, prayer, market, other villages. Used by all.",Also use Bengali [ben]. Also use English [eng]. Also use Garo [grt]. Also use Hindi [hin].,Used as L2 by Koch [kdq].,Literacy rate in L2: 30%–50%. High interest in language development.,,Literature. Radio. TV. Dictionary. Grammar. Bible: 2023.,,,"Bengali (Bangla) script [Beng]. Latin script [Latn], preferred by Catholics.",,"Traditional religion, Christian, Hindu."
387,rki,Rakhine,Rakhine,ရခိုင်‎ (Rakhine),,IN,India,F,F,F,52000,52000,,,"52,000 in India (2024 Joshua Project), based on ethnicity.",,,,2024,"2,072,000 (as L1: 1,052,000; as L2: 1,020,000)",,,,,xUn,Unestablished,,,"Sino-Tibetan, Tibeto-Burman, Ngwi-Burmese, Burmish, Southern",,,SOV.,,,,,,Literature. Newspapers. Videos. Dictionary. Grammar. Bible portions: 2021–2022.,,,"Myanmar (Burmese) script [Mymr], informal and non-standardized use.",,
388,ral,Ralte,Ralte,,,IN,India,T,T,T,900,900,,,900 (2007).,,,,2007,,"Mizoram state: mainly Aizawl district, scattered in Chhimtuipui and Lunglei districts; Manipur and Tripura states; a few in Jampui hills.",Mizoram,24.138,93.0172,8a,8a (Moribund),,,"Sino-Tibetan, Tibeto-Burman, Kuki-Chin, Peripheral, Northern",,"Related to Tedim Chin [ctd], Paite Chin [pck], Thado Chin [tcz], and Zo [zom].",SOV.,,Shifted to Mizo [lus].,,"Though literacy is high, formal education level is low (in Tripura).",,,,,,A subgroup of the Mizo [lus]. Spoken only in northern Mizoram villages (Singh 1995b).,Christian.
389,rgk,Rangkas,Rangkas,,"Canpa, Chyanam, Johari, Kyonam, Saukas, Saukiya Khun, Shaukas",IN,India,T,T,T,0,0,,,No known L1 speakers. The last speaker either died or shifted entirely to Kumaoni [kfy] by the 1950s.,,,"1,010 (2000).",,,"Uttarakhand state: Pithoragarh district, Darchula and Munsyari sub-districts in Johar valley, Nepal border along Mahakali valley.",Uttarakhand,30.0358,80.1342,9,9 (Dormant),,,"Sino-Tibetan, Tibeto-Burman, Western Tibeto-Burman, Bodish, West Himalayish, Almora",,,,,Shifted to Kumaoni [kfy].,,,,,,,,"Identity merged with the dominant Kumaoni people. Rangkas sometimes refers to the whole group of Darmiya, Chaudangsi, Byangsi, and the now extinct Johari.",
390,rnl,Ranglong,Ranglong,Ranglong,"Langlo, Langlong, Langlu, Langrong, Lengreng, Riam chong, Ronglong",IN,India,T,T,T,8000,8000,,,"8,000 (2003 BI).",,,,2003,,Assam and Mizoram states; Tripura state: Joitang village.,Tripura,23.8188,91.7223,6b,6b (Threatened),,,"Sino-Tibetan, Tibeto-Burman, Unclassified",,,,"Some young people, all adults. Not all children learn the language.",Also use English [eng].,,Literacy rate in L1: 80%.,,NT: 2002.,,,Latin script [Latn].,,"Christian, traditional religion."
391,rtw,Rathawi,Rathawi,,"Bal-La, Kohelia, Rathwi",IN,India,T,T,T,451000,451000,,,"451,000 (2006 IMB).",,,,2006,,"Gujarat state: Panchmahals district; Vadodara district, Chhota Udaipur and Kavant sub-districts; Madhya Pradesh state: Jhabua district, Alirajpur sub-district.",Gujarat,22.5894,73.8703,6a,6a* (Vigorous),,,"Indo-European, Indo-Iranian, Indo-Aryan, Intermediate Divisions, Western, Bhil",,76% intelligibility of Bhilali [bhi]. A chain of related varieties from Bhilali to Rathawa; extremes have limited mutual intelligibility. Lexical similarity: 83% with Bhilali [bhi].,,,Also use English [eng].,,Literacy rate in L2: 37% for Gujarat (2001 census).,,Bible portions: 2017.,,,Devanagari script [Deva].,Distinct from Rathwi Bareli [bgd] in Madhya Pradesh.,Hindu.
392,yea,Ravula,Ravula,,"Iryavula, Yerava, Yoruba",IN,India,T,T,T,26900,26900,,,"26,900 (2007). 25,000 Yerava and 1,900 Adiya.",,,"47,000 (2007).",2007,,"Karnataka state: Kodagu district; Kerala state: Kannur district; Wayanad district, Mananthavadi sub-district.",Karnataka,12.003,75.9084,5,5* (Developing),,,"Dravidian, Southern, Tamil-Kannada, Tamil-Kodagu, Tamil-Malayalam, Malayalam","Adiya (Adiyan), Pani Yerava, Panjiri Yerava","93%–94% dialect intelligibility between Yerava and Adiya dialects. Pani Yerava may be a dialect of Ravula or of Paniya [pcg]. Lexical similarity: 83%–98% among Yerava and Adiya varieties, 53%–61% with standard Malayalam [mal], 35%–40% with Badaga [bfq], 32%–42% with colloquial Kannada [kan], 66%–74% Pani Yerava dialect with the Adiya and Yerava dialects.",,"Vigorous. Home, village, religion. Positive attitudes.",Also use English [eng]. Also use Kannada [kan]. Also use Malayalam [mal].,,"Literacy rate in L2: 40% for Kodagu District, Karnataka; 44% among Adiya in Kerala (2001 census). High motivation for literature, literacy.",,Bible: 2018.,,,Kannada script [Knda]. Malayalam script [Mlym].,Adiyan is a Scheduled Tribe in Karnataka and Tamil Nadu. Yerava is a Scheduled Tribe in Karnataka. Pani Yeravas are not the same as the Paniya of Wayanad District.,Hindu.
393,raw,Rawang,Rawang,Rvwang,"Ch’opa, Chiutse, Ganung-Rawang, Kiutze, Krangku, Rvwang, Taron, “Hkanung” (pej.)",IN,India,F,T,T,1000,1000,,,"1,000 in India (2011 SIL).",,,,2011,"63,000",Arunachal Pradesh state: near Myanmar and Tibet border (Kunlang).,Arunachal Pradesh,,,6b,6b* (Threatened),,,"Sino-Tibetan, Tibeto-Burman, Central Tibeto-Burman, Nungish",Kunlang,,SOV.,,Also use English [eng].,,,,Newspapers. Periodicals. Dictionary. Grammar. Texts. Bible: 1986.,,,Latin script [Latn].,,
394,jnl,Rawat,Rawat,,"Ban Manus, Ban Rauts, Bhulla, Bãt-kha, Dzanggali, Jangali, Janggali, Jhangar, Raji, Raut",IN,India,T,T,T,900,900,,,900 (Rastogi 2012).,,,,2004,,"Uttarakhand state: Pithoragarh district, north of Askot Maila, 9 villages.",Uttarakhand,30.1525,80.7968,7,7 (Shifting),,,"Sino-Tibetan, Tibeto-Burman, Western Tibeto-Burman, Himalayan, Central Himalayan, Raute-Raji",,"Extensive borrowing from areal Indo-Aryan (Kumaoni, Nepali) languages (2011 J. Fortier). Very similar to Raute [rau] and Raji [rji].","SOV; postpositions; genitives, articles, adjectives, numerals before noun heads; noun heads both initial and final; no noun classes or genders; content q-word initial; maximum number of suffixes 3; affixes indicate case of noun phrases; verb affixation marks person and number; passives; causatives; comparatives; CV, CVC; nontonal.","All speakers use a highly mixed variety. Due to poor socio-economic status, miniscule number of speakers, fewer domains of language use, attitude of the dominant group and lack of initiative from the state, Rawat is quickly assimilating into Kumaoni [kfy] (Rastogi 2006). Home, religion. Negative attitudes.",Shifting to Kumaoni [kfy] (Rastogi 2006).,,Younger generation taking interest in literacy.,,,,,"Devanagari script [Deva], in development.",Many Indo-Aryan loans. Raute are found in Kumaon where they are known as Raji (Gurung 1997).,Traditional religion.
395,rei,Reli,Reli,,Relli,IN,India,T,T,T,13000,13000,,,"13,000 (2011 census).",,,,2011,,Andhra Pradesh state: near Adivasi Oriya [ort] language area; Odisha state: Koraput district.,Andhra Pradesh,17.9644,82.7107,6b,6b* (Threatened),,,"Indo-European, Indo-Iranian, Indo-Aryan, Outer Languages, Eastern, Oriya",,Possibly a dialect of Odia [ory].,,,Also use English [eng].,,,,NT: 2022.,,,Oriya (Odia) script [Orya].,A Scheduled Caste.,Hindu.
396,ria,Riang,Riang,Kau Bru,"Bru, Reang, Tipra",IN,India,T,T,T,58500,58500,,,"58,500 in India (2011 census).",,,########,2011,"59,000","Assam state: Karimganj district; Mizoram state: Aizawl, Chhimtuipui, and Lunglei districts, Karnafuli river bank area, 30 villages; Tripura state: north and central.",Tripura,24.1183,92.2293,5,5* (Developing),,,"Sino-Tibetan, Tibeto-Burman, Sal, Boro-Garo, Dimasa-Kokborok, Kok Borok",,Considered dialect of Kok Borok [trp] called Polong-O (Muanthanga).,,,,,Literacy rate in L2: Very low. School attendance is low.,,Periodicals. Videos. Bible: 2008.,,,Latin script [Latn].,"Different from Riang Lang [ril] of Myanmar, a Mon-Khmer language.","Traditional religion, Christian."
397,rhg,Rohingya,Rohingya,"رُحَ࣪ڠۡگَ࣪ࢬ‎ (Ruáingga), 𐴌𐴗𐴥𐴝𐴙𐴚𐴒𐴙𐴝‎ (Ruwainggya)",,IN,India,F,F,F,79000,79000,,,"79,000 in India (2024 UNHCR).",,,,2024,"31,64,330",,,,,xUn,Unestablished,,,"Indo-European, Indo-Iranian, Indo-Aryan, Outer Languages, Eastern, Bengali-Assamese",,,,,,,,,,,,"Arabic script, Naskh variant [Arab]. Hanifi Rohingya script [Rohg], some development in immigrant communities for all three scripts. Latin script [Latn].",,
398,rnp,Rongpo,Rongpo,,"Rang Po Bhasa, Rangkas, Rangpa, “Manchhi Bhassa” (pej.), “Marchha” (pej.), “Marchha Pahari” (pej.), “Tolchha” (pej.)",IN,India,T,T,T,7500,7500,,,"7,500 (2001 D. Bradley).",,,,2001,,"Uttarakhand state: Chamoli district, Joshimath sub-district, Bampa, Gamshali, Malari, and Niti villages; Mana valley, Aut, Benakuli, Gajkoti, Hanuman Chatti, Indradhara, Pathiya-Dhantoli, and Mana. Mana and Niti valleys (Marchha), Niti valley (a few Tolchha).",Uttarakhand,30.5475,79.6388,6a,6a (Vigorous),,,"Sino-Tibetan, Tibeto-Burman, Western Tibeto-Burman, Bodish, West Himalayish, Kinauri","Marchha, Tolchha",A Himalayan language distinct from Tibetan [bod].,,"Rongpo speakers learn Garhwali simultaneously with Rongpo. Code switching and code mixing are very common. It is uncertain whether stable bilingualism will continue or whether Rongpo will be replaced by Garhwali or Hindi. Home, community. Used by all.",Also use English [eng]. Also use Garhwali [gbm]. Also use Hindi [hin]. Also use Kumaoni [kfy].,,Hindi used for all written communication.,,,,,,"Many Indo-Aryan loanwords. Grierson and Konow referred to this as the Garhwal dialect of Tibetan (Grierson and Konow 1903–1928). Ranglo or Rang often used as a cover term for Byangs, Chaudangs, Darma, and Rongpo.",Hindu.
399,ruh,Ruga,Ruga,,,IN,India,T,T,T,10,10,,,10 (2019).,,,"2,500 (2019).",2019,,Meghalaya state: East Garo Hills district.,Meghalaya,25.601,90.7775,8b,8b (Nearly extinct),,,"Sino-Tibetan, Tibeto-Burman, Sal, Boro-Garo, Koch",,"Most closely related to Atong [aot], Koch [kdq], and Rabha [rah]. Not inherently intelligible of Garo [grt].",,Elderly only.,Shifted to Garo [grt].,,,,,,,,,
400,sck,Sadri,Sadri,"सादरी‎ (Sadari), ସାଦରୀ‎ (Sadari)","Chota Nagpuri, Dikku Kaji, Ganwari, Gauuari, Gawari, Goari, Jharkhandhi, Nagpuri, Nagpuria, Sadan, Sadana, Sadani, Sadati, Sadhan, Sadhari, Sadna, Sadrias Khatoya, Sadrik, Santri, Siddri, Sradri",IN,India,T,T,T,12130000,5130000,7000000,"12,130,000 in India, all users.","5,130,000 in India (2011 census). 19,100 Gawari, 763,000 Nagpuria, and 4,350,000 Sadri (2011 census).","7,000,000 (2007 B. Waugh).",,,2011,"12,132,740 (as L1: 5,132,470; as L2: 7,000,270)","Bihar state: Aurangabad; Chhattisgarh state: Surguja; Jharkhand state: Chatra, Latehar, Palamu, and Ranchi districts.",Jharkhand,23.7442,85.1379,3,3 (Wider communication),,"Lingua franca among many tribal groups and among tea-garden community of Assam, Bengal, and Bangladesh during the Assam colonial period of 1860–1890. Taught at universities at Jharkhand. Historically used in court, literature, and poetry (17th century).","Indo-European, Indo-Iranian, Indo-Aryan, Outer Languages, Eastern, Bihari",,"77% of Oraon Sadri [sdr] of Bangladesh. Speakers name 3 registers of Sadri: Sadani (finer, respectful, formal), Common Sadri (Nagpuri), and Lower Sadri (rough). Lexical similarity: 77%–96% between dialects, 58%–71% with Hindi [hin], 47%–54% with Odia [ory], 45%–61% with Bengali [ben].",,Positive attitudes.,"Also use Bengali [ben]. Also use Hindi [hin], especially in the market, with leaders, and for prayer and worship, but proficiency is low. Also use Odia [ory].","Used as L2 by Asuri [asr], Bijori [bix], Birhor [biy], Ho [hoc], Kharia [khr], Koda [cdz], Kodaku [ksz], Korwa [kfp], Kurux [kru], Mahali [mjx], Majhi [mjz], Munda [unx], Mundari [unr], Santhali [sat], Sora [srb], Turi [trd].",Literacy rate in L2: 15%–25%.,,Literature. Periodicals. Radio. Dictionary. Grammar. NT: 1931–2016.,,,Bengali (Bangla) script [Beng]. Devanagari script [Deva].,,"Hindu, Christian, Muslim, traditional religion."
401,sch,Sakachep,Sakachep,,"Khelma, Sakechep",IN,India,T,T,T,25000,25000,,,"25,000 (2003).",,,,2003,,"Assam state: Dima Hasao district, Baigao, Bangphiri, Dorbin, Langlut, Lungding, Kekrangship, Mundet, New Kekrangship, Phaijol, Tuijonte, and Tuisuonthum villages; Hailakandi and Karimganj districts, Burua, Halam punji (Pakala), Ronpur, Ronpur Khothar, Tangpui (Kalidas punjee), and Zailien villages; West Karbi Anglong district, Khilimulong, Langkarcha, Socheng, and Umpho villages; Meghalaya state: Jaintia Hills district, Mongor, Rumphung, and Saithsma villages; Nagaland state: Kohima district, Khelma village; Manipur, Mizoram, and Tripura states.",Assam,25.7639,93.2643,5,5 (Developing),,,"Sino-Tibetan, Tibeto-Burman, Kuki-Chin, Central, Mizo","Khelma, Thangkachep, Sakachep (Sakechep)",Dialects may be simply alternate names for Sakechep depending on the region.,,Home. Used by all.,Also use Bengali [ben]. Also use Biate [biu]. Also use Dimasa [dis]. Also use English [eng]. Also use Hindi [hin]. Also use Hmar [hmr]. Also use Hrangkhol [hra]. Also use Karbi [mjw]. Also use Khasi [kha]. Also use Nagamese [nag]. Also use Thado Chin [tcz].,,Literacy rate in L2: 25%.,,Radio. NT: 2017.,,,Latin script [Latn].,,"Hindu, Christian."
402,spv,Sambalpuri,Sambalpuri,କୋଶଳୀ‎ (Koshali),"Dom, Kosali, Koshal, Koshali, Kosli, Oriya, Western Oriya",IN,India,T,T,T,2630000,2630000,,,"2,630,000 (2011 census).",,,,2011,,"Chhattisgarh state: Jagdalpur, Raigarh, and Raipur districts; Odisha state: Balangir, Bargarh, Boudh, Deogarh, Jharsuguda, Kalhandi, Nuvapada, Sambalpur, Sonpur, and Sundargarh districts.",Odisha,21.2233,83.9315,4,4 (Educational),,,"Indo-European, Indo-Iranian, Indo-Aryan, Outer Languages, Eastern, Oriya",,Lexical similarity: 75%–76% with Oriya [ory].,,All domains. Used by all. Positive attitudes.,Also use English [eng].,,,Taught as subject in primary and secondary schools.,Literature. Newspapers. Radio. TV.,,,Oriya (Odia) script [Orya].,,
403,smv,Samvedi,Samvedi,,Kadodi,IN,India,T,T,T,60000,60000,,,"60,000 (2016).",,,,2016,,"Maharashtra state: Palghar district, Vasai-Virar.",Maharashtra,17.8419,74.5861,6a,6a* (Vigorous),,,"Indo-European, Indo-Iranian, Indo-Aryan, Outer Languages, Southern, Konkani",,"A divergent dialect of, or closely related language to Konkani [knn]. Shares many features with Gujarati [guj].",,,Also use English [eng].,,,,,,,,,
404,ssi,Sansi,Sansi,,"Bhilki, Sansiboli",IN,India,T,T,T,60000,60000,,,"60,000 in India (Gusain 2002).",,,,2002,"81,200","Haryana state: Sirsa district; Punjab state: Bathinda and Muktsar districts; Rajasthan state: Hanumangarh district; scattered elsewhere in Delhi, Himachal Pradesh, Jammu and Kashmir, Karnataka, Madhya Pradesh, and Uttar Pradesh states.",Haryana,29.5862,74.7629,7,7 (Shifting),,,"Indo-European, Indo-Iranian, Indo-Aryan, Western Hindi, Hindustani, Sansi",,"Intermediate between Eastern Punjabi [pan] and Hindustani (see Hindi [hin]). Sometimes identify themselves as Marwari [rwr]. Related to Rajasthani [mwr], Sindhi [snd], Eastern Punjabi. Lexical similarity: 71% with Urdu [urd], 83% with the Sochi dialect of Sansi [ssi](1998). Numerous phonological and morphological borrowings from Eastern Punjabi [pan], Hindi [hin], and Gujarati [guj] (Gusain 2002).",,"Not being passed on to the next generation. Much mixing of Hindi [hin], Eastern Punjabi [pan], or Gujarati [guj] (Gusain 2002). Home only. Adults only.",Some shifting to Eastern Punjabi [pan]. Some shifting to Gujarati [guj]. Some shifting to Hindi [hin].,,Literacy rate in L2: Below 5%.,,,,,Unwritten [Qaax].,Bhils by caste. Called a Gypsy language. They have an argot called Farsi. Gusain (2002) classifies this as a Rajasthani dialect. Socially separate from surrounding groups. Governed by their own social norms and economy. Losing some tribal characteristics but are not yet integrated into the national mainstream (Gusain 2002).,Hindu.
405,san,Sanskrit,Sanskrit,संस्कृतम्‎ (Saṃskṛtam),,IN,India,T,T,T,24800,0,24800,"24,800 in India, all users.",No known L1 speakers in India.,"24,800 (2011 census).",,No ethnic community.,,"31,420 (as L1: ; as L2: 31,420)",,Uttar Pradesh,25.5255,81.8507,9,9 (Second language only),"Statutory language of national identity (1950, Constitution, Schedule VIII).",,"Indo-European, Indo-Iranian, Indo-Aryan",,,"SOV; both prepositions and postpositions; noun head final; 3 genders; content q-word in situ; up to 3 prefixes, up to 5 suffixes; clause constituents indicated by case-marking; verbal affixation marks person, number and genders of subject and object; dual number; non-ergative; tense and aspect; passives and voice; comparatives; non-tonal; 34 consonant, 8 vowels, 2 diphthongs.","Used in liturgy, cultural ceremonies, and rituals.",,,,Taught as subject in primary and secondary schools. Taught as subject in tertiary schools.,Literature. Newspapers. Periodicals. Radio. Dictionary. Grammar. Texts. Bible: 1822.,,,"Devanagari script [Deva]. Grantha script [Gran]. Kawi script [Kawi]. Myanmar (Burmese) script [Mymr]. Newa script [Newa]. Sharada script [Shrd]. Siddham script [Sidd], no longer in use. Sinhala script [Sinh].","Sanskrit has 2 individual historical languages, both of which are assigned codes in the ISO 639-3 standard: Classical Sanskrit (cls) and Vedic Sanskrit (vsn). Historically, Vedic Sanskrit is the more ancient of the 2 and is primarily associated with the ancient religious texts, the Vedas. Classical Sanskrit came out later and is the standardized form associated with literature, philosophy, and science. For almost 2000 years, Sanskrit exerted enormous influence over many languages, most importantly both the Indo-Aryan and the Dravidian languages of the Indian sub-continent.",
406,sat,Santhali,Santhali,Har Rar,"Har, Hor, Samtali, Sandal, Sangtal, Santal, Santali, Santhiali, Satar, Sentali, Sonthal",IN,India,T,T,T,7618000,7340000,278000,"7,618,000 in India, all users.","7,340,000 in India (2011 census).","278,000 (2011 census).",,,2011,"7,902,700 (as L1: 7,624,000; as L2: 278,700)","Bihar state: Bhagalpur and Munger districts; Jharkhand state: Hazaribagh and Manbhum districts; Odisha state: Balasore district; West Bengal state: Bankura and Birbhum districts; Assam, Mizoram, and Tripura states.",Jharkhand,24.7659,88.7235,4,4 (Educational),"Statutory language of provincial identity in Jharkhand State (1950, Constitution, Schedule VIII), amended 2003.",,"Austro-Asiatic, Munda, North Munda, Kherwari, Santali","Karmali (Khole), Kamari-Santali, Lohari-Santali, Manjhi, Paharia","Reportedly similar to Ho [hoc], Mundari [unr], and Munda [unx].","SOV; postpositions; noun head final; no noun classes or genders; content q-word in situ; 1 prefix, up to 3 suffixes; clause constituents indicated by case-marking; verbal affixation marks person and number; non-ergative; both tense and aspect; passives and voice; nontonal; 33 consonant and 6 vowel phonemes.",,Also use English [eng]. Also use Sadri [sck].,"Used as L2 by Birhor [biy], Ho [hoc], Kharia [khr], Kharia Thar [ksy], Mahali [mjx].",Literacy rate in L1: 10%–30%. Literacy rate in L2: 25%–50%.,Taught in primary and secondary schools through grade 5 and as subject thereafter in Jharkhand state.,Literature. Periodicals. Radio. Videos. Dictionary. Grammar. Texts. Bible: 1914–2005.,,,"Bengali (Bangla) script [Beng]. Devanagari script [Deva], used in Nepal. Latin script [Latn], used in Bangladesh. Ol Chiki (Ol Cemet’, Ol, Santali) script [Olck]. Oriya (Odia) script [Orya].","Language of Santhal tribals of Chota Nagpur Plateau (comprising the states of Jharkhand, Bihar, Odisha, Chhattisgarh).","Hindu, traditional religion."
407,skr,Saraiki,Saraiki,سرائیکی‎ (Saraiki),"Multani, Mutani, Seraiki, Siraiki",IN,India,F,T,T,109000,109000,,,"109,000 in India (2011 census).",,,,2011,"2,56,20,700","Haryana state: Bhiwani, Fatehabad, Hisar, Karnal, Kurukshetra, Palwal, Panipat, Sirsa, Sonipat, and Yamunanagar districts; Punjab state: Fatehgarh Sahib, Fazilka, Firozpur, and Patiala districts; Rajasthan state: Bikaner and Ganganagar districts.",Haryana,,,5,5* (Developing),,,"Indo-European, Indo-Iranian, Indo-Aryan, Intermediate Divisions, Western, Panjabi, Western Panjabi","Riasati (Bahawalpuri, Bhawalpuri, Reasati)",,,,Also use English [eng]. Also use Marathi [mar]. Also use Urdu [urd].,,Literacy rate in L2: 15% in Urdu [urd] or Marathi [mar].,,Radio. TV. Grammar. NT: 2023.,,,"Arabic script, Naskh variant [Arab]. Arabic script, Nastaliq variant [Aran], primary usage. Devanagari script [Deva], no longer in use. Gurmukhi script [Guru], no longer in use. Khojki script [Khoj].","A new literary language based on south Lahnda dialects, especially Multani and Bahawalpuri.","Hindu, Sikh."
408,onp,Sartang,Sartang,Sartang,"Bootpa, But Monpa, But Pa, Matchopa",IN,India,T,T,T,1000,1000,,,"1,000 (2005).",,,,2005,,"Arunachal Pradesh state: West Kameng district, Nafra and Dirang sub-districts, Darbu, Jerigaon, Khoina, Khoitam, Rahung, and Sellary villages.",Arunachal Pradesh,27.4857,92.4621,6a,6a (Vigorous),,,"Sino-Tibetan, Tibeto-Burman, Central Tibeto-Burman, Kho-Bwa","Rahung, Khoitam, Jerigaon, Khoina",Lexical similarity: 49%–60% with Sherdukpen [sdp].,,"Home, village. Used by all.",Also use English [eng]. Also use Hindi [hin].,,Literacy rate in L2: 5% in Hindi [hin]. Literature committee formed mid 2003.,,,,,Devanagari script [Deva]. Latin script [Latn].,,Buddhist.
409,mjt,Sauria Paharia,Sauria Paharia,सौरिया पहाड़िया‎ (sauriya pahaadiya),"Malatri, Maler, Malti, Malto, Maltu, Rajmahali, Râjmahal, Sawriya Malto",IN,India,T,T,T,235000,235000,, ,"235,000 in India (2011 census).",,,,2011,"2,42,000","Bihar state: Bhagalpur; Jharkhand state: Godda and Sahibganj districts, Rajmahal hills; Pakaur district, Litipara sub-district; West Bengal state: Murshidabad district.",Jharkhand,24.977,87.4892,5,5* (Developing),,,"Dravidian, Northern","Sahibganj, Godda, Hiranpur, Litipara (Chatgam)",Some intelligibility of Kumarbhag Paharia [kmj]. Lexical similarity: 80% with Kumarbhag Paharia [kmj].,,,Also use English [eng].,,Literacy rate in L2: 7%. Literacy classes.,,Newspapers. Periodicals. Radio. Grammar. Texts. NT: 1999.,,,Bengali (Bangla) script [Beng]. Devanagari script [Deva].,Part of Malto ethnic group.,"Traditional religion, Christian."
410,std,Sentinel,Sentinel,,Sentinelese,IN,India,T,T,T,250,250,,,250 (2018 J. Chau).,,,,2018,,"Andaman and Nicobar Islands union territory: Sentinel island, west of South Andaman island.",Andaman and Nicobar Islands,11.5517,92.2552,6a,6a* (Vigorous),,,"Andamanese, South Andamanese",,Reportedly similar to Öñge [oon].,,,,,,,,,,Unwritten [Qaax].,"By law, outsiders are not allowed to go onto the island where all the Sentinelese live. It may be the only group surviving today without contact with any other group or community.",Traditional religion.
411,shn,Shan,Shan,လိၵ်ႈတႆး‎ (Lik Tai),,IN,India,F,F,F,1400,1400,,,"1,400 in India (2024 Joshua Project), based on ethnicity.",,,,2024,"46,87,700",,,,,xUn,Unestablished,,,"Kra-Dai, Kam-Tai, Tai, Southwestern",,,,,,,,,Bible: 1892–2002.,,,Myanmar (Burmese) script [Mymr].,,
412,swv,Shekhawati,Shekhawati,शेखावाटी‎ (Shekhaavaatee),Shekhawati-Marwari,IN,India,T,T,T,3000000,3000000,,,"3,000,000 (2002 L. Gusain).",,,,2002,,"Haryana state: Mahendragarh district; Rajasthan state: Churu, Jhunjhunu, and Sikar districts.",Rajasthan,28.0918,75.1294,5,5* (Developing),,,"Indo-European, Indo-Iranian, Indo-Aryan, Intermediate Divisions, Western, Rajasthani, Marwari","Jhunjhunu-Churu, Sikar","78% comprehension of Marwari [rwr], 72% intelligibility of Dhundari [dhd]. Lexical similarity: 74%–77% between dialects; 51%–68% with Marwari [rwr], 58%–80% with Merwari [wry], 45%–69% with Godwari [gdx], 57%–66% with Mewari [mtr], 66%–73% with Dhundari [dhd], 58%–66% with Haroti [hoj], 57%–70% with Mewati [wtm], 69%–76% with Bagri [gda], 61%–73% with Haryanvi [bgc], 55%–69% with Hindi [hin].",,"Vigorous. Home, village, market, religion. Positive attitudes.","Also use English [eng]. Also use Hindi [hin], with widespread bilingualism, but the educated are more proficient.",,,,NT: 2017.,,,Devanagari script [Deva].,,Hindu.
413,shl,Shendu,Shendu,,"Khieng, Khyen, Sandu, Shandu",IN,India,T,T,T,,,,,,,,,,,Mizoram state.,Mizoram,22.1133,92.6354,6a,6a* (Vigorous),,,"Sino-Tibetan, Tibeto-Burman, Kuki-Chin, Peripheral, Southern",,,,,,,,,,,,,,
414,sdp,Sherdukpen,Sherdukpen,,"Mey, Ngnok, Shertukpen",IN,India,T,T,T,5000,5000,,,"5,000 (2019).",,,,2019,,"Arunachal Pradesh state: West Kameng district, Rupa (Kupa), Shergaon, and Thungrao villages; Maharashtra state: Jigaon; Assam state.",Arunachal Pradesh,27.2102,92.3704,6a,6a (Vigorous),,,"Sino-Tibetan, Tibeto-Burman, Central Tibeto-Burman, Kho-Bwa","Rupa, Shergaon",Lexical similarity: 49%–60% with Sartang. Burling (2003) groups it with Puroik [suv] and Bugun [bgg] and possibly also with Lish [lsh] and Sartang [onp].,,"Vigorous. Home, village, religion. Used by all. Positive attitudes.",Also use Hindi [hin]. Also use Tawang Monpa [twm].,Used as L2 by Bugun [bgg].,"Literacy rate in L2: 15% (20% male, 7% female) (Muanthanga 1998).",,,,,Unwritten [Qaax].,Separated from the Sartang by war.,"Buddhist, traditional religion."
415,xsr,Sherpa,Sherpa,"शेर्वी तम्ङे‎ (sherwi tamnge), ཤར་པའི་སྐད་ཡིག‎ (shar pa’i skad yig)","Serwa, Sharpa, Sharpa Bhotia, Sherwi tamnye, Xarba, Xiaerba",IN,India,F,T,T,16000,16000,,,"16,000 in India (2011 census).",,,,2011,"144,440 (as L1: 135,000; as L2: 9,440)",West Bengal state: Darjeeling district; Arunachal Pradesh and Sikkim states.,Sikkim,,,6b,6b* (Threatened),,,"Sino-Tibetan, Tibeto-Burman, Western Tibeto-Burman, Bodish, Central Bodish, Central, gTsang",,,"SOV; postpositions; noun head initial; no noun classes or genders; content q-word in situ; 1 prefix, up to 3 suffixes; clause constituents indicated by case-marking; verbal affixation marks person; split ergativity; tense and aspect; no passive forms; tonal; 31 consonant and 6 vowel phonemes (also 6 diphthongs).",,Many also use Nepali [npi]. Also use English [eng].,,,,Literature. Newspapers. Radio. Dictionary. Texts. NT: 2014.,,,Devanagari script [Deva]. Tibetan script [Tibt].,"‘Sharpa’, easterner, so the term used in different countries may not always refer to Sherpa.",Buddhist.
416,scl,Shina,Shina,شینا‎ (Shina),"Shinaki, Sina",IN,India,F,T,T,32200,32200,,,"32,200 in India (2011 census).",,,,2011,"1,49,200","Jammu and Kashmir state: Bandipore and Kargil districts, Dras and Kishenganga valleys, Gurais area.",Jammu and Kashmir,,,6a,6a* (Vigorous),,,"Indo-European, Indo-Iranian, Indo-Aryan, Outer Languages, Northwestern, Dardic, Shina","Drasi, Gurezi",,,,"Many also use Purig [prx], especially in Dras Valley though there are villages where only Shina is spoken. Also use English [eng].",Used as L2 by Balti [bft].,,,Literature. Grammar. Bible portions: 1929.,,,"Arabic script, Naskh variant [Arab]. Arabic script, Nastaliq variant [Aran], primary usage.","Open to education and jobs outside the area. Distinct from Brokskat [bkk], but Brokskat is also used semiofficially to refer to a highly divergent variety of Shina spoken by Buddhists.","Buddhist, Muslim, traditional religion."
417,sle,Sholaga,Sholaga,,"Kadu Sholigar, Sholanayika, Sholiga, Sholigar, Sikiligar, Solaga, Solagaru mattu, Solanayakkans, Solega, Soliga, Soligar",IN,India,T,T,T,24000,24000,,,"24,000 (2006 IMB).",,,,2006,,"Karnataka state: Mysore district, Biligiri Rangana hills; Tamil Nadu state.",Karnataka,12.2295,76.3402,5,5* (Developing),,,"Dravidian, Southern, Tamil-Kannada, Tamil-Kodagu, Tamil-Malayalam, Tamil",,Lexical similarity: 65% with Kannada [kan].,,,Also use English [eng].,,Literacy rate in L2: 31% for Tamil Nadu.,,NT: 2022.,,,Tamil script [Taml].,A Scheduled Tribe. May be in the Kannada group.,"Hindu, traditional religion."
418,sii,Shom Peng,Shom Peng,,"Shobang, Shom Pen, Shompen, Shompeng",IN,India,T,T,T,400,400,,,400 (2004).,,Mainly monolingual.,,2004,,Andaman and Nicobar Islands state: interior Great Nicobar island.,Andaman and Nicobar Islands,6.9259,93.8355,6a,6a* (Vigorous),,,"Austro-Asiatic, Mon-Khmer, Nicobar, Shom Peng",,Distinct from other Nicobarese languages.,,,,,,,,,,Unwritten [Qaax].,Seminomadic.,Traditional religion.
419,scu,Shumcho,Shumcho,,"Central Kinnauri, Shumcu, Sumcho, Sumchu, Sumtsu, Thebarskad, Thebor, Thebör Skadd",IN,India,T,T,T,2170,2170,,,"2,170 (1998).",,,,1998,,"Himachal Pradesh state: Kinnaur district, Puh sub-district, Kanam, Labrang, Shyaso, Spilo, Rushkaling, and Taling villages.",Himachal Pradesh,31.7862,78.4378,6b,6b* (Threatened),,,"Sino-Tibetan, Tibeto-Burman, Western Tibeto-Burman, Bodish, West Himalayish, Kinauri",,"Lexical similarity: 70% with Jangshung [jna], 67% with Sunam [ssk], 45% with Pahari Kinnauri [kjo], 43% with Chitkuli Kinnauri [cik].",,,,,,,,,,Unwritten [Qaax].,,"Traditional religion, Buddhist, Hindu."
420,sip,Sikkimese,Sikkimese,འབྲས་ལྗོངས་སྐད‎ (’bras ljongs skad),"Bhutia, Dandzongka, Danjongka, Danyouka, Denjong, Denjong-skad, Denjongke, Denjongkha, Denjongkä, Denjongpa, Denjonka, Denjonke, Denzong Ke, Denzongke, Denzongpe Ke, Denzongpeke, Dranjoke, Dranjongke, Drendzongké, Lachengpa, Lachungpa, Lhoke, Sikami, Sikkim Bhotia, Sikkim Bhutia, Sikkimese Bhutia",IN,India,T,T,T,25000,25000,,,"25,000 (2019).",,Some elderly people in some rural communities may be monolingual (Yliniemi 2019).,"48,800 (Yliniemi 2019).",2019,,Sikkim state: all districts; West Bengal state: Darjeeling.,Sikkim,27.7427,88.443,6b,6b (Threatened),,,"Sino-Tibetan, Tibeto-Burman, Western Tibeto-Burman, Bodish, Central Bodish, Central, Southern","Tashiding, Lachung","Partially intelligible of Dzongkha [dzo] of Bhutan. Lexical similarity: 65% with Dzongkha [dzo] of Bhutan, 42% with Tibetan [bod].",,"Some young people, all adults. Positive attitudes.","Most also use Nepali [npi], for education and trade (Yliniemi 2019). Some also use Central Tibetan [bod], which is viewed as appropriate for religion. Also use English [eng] (Yliniemi 2019). Also use Hindi [hin] (Yliniemi 2019).",,Literacy rate in L2: 68% for Bhutia in Sikkim (2001 census).,,Grammar.,,,Tibetan script [Tibt].,,Buddhist.
421,smt,Simte,Simte,Simte,,IN,India,T,T,T,10200,10200,,,"10,200 (2001 census).",,,,2001,,"Manipur state: Churachandpur district, Dumsao, Khungung, Leikangpai, Lungthul, Maokot, Mingjang, Moijin, Monjon, New Bazar, Pamjal, Sasinoujang, Shumtuk, Simveng, Singhat, Suangdai, Suangpuhmun, Tallian, Thanlon, Tubuong, and Zouthang.",Manipur,24.526,93.2283,5,5* (Developing),,,"Sino-Tibetan, Tibeto-Burman, Kuki-Chin, Peripheral, Northern",,,,,Also use English [eng].,,Literacy rate in L2: 67% (2001 census).,,Bible: 1992.,,,Latin script [Latn].,,Christian.
422,snd,Sindhi,Sindhi,سنڌي‎ (Sindhi),,IN,India,F,T,T,2021000,1740000,281000,"2,021,000 in India, all users.","1,740,000 in India (2011 census).","281,000 (2011 census).",,########,2011,"36,890,560 (as L1: 36,606,500; as L2: 284,060)","Andhra Pradesh, Bihar, Delhi, Gujarat, Madhya Pradesh, Maharashtra, Odisha, Rajasthan, Tamil Nadu, and Uttar Pradesh states.",Gujarat,,,7,7 (Shifting),"Statutory language of provincial identity in Rajasthan State (1950, Constitution, Articles 345–347), Schedule VIII addition, 1961.",,"Indo-European, Indo-Iranian, Indo-Aryan, Outer Languages, Northwestern, Sindhi","Bhatia, Jadeji, Kayasthi, Lari, Lasi, Thareli, Thari, Viccholi, Visholi",,"SOV; noun head final; gender (masculine/feminine); case-marking (8 cases); verb affixes mark person, number, gender of subject; passives; tense and aspect; 24 consonant and 15 vowel phonemes.",Many Sindhi do not learn their traditional ethnic language. Adults only. Mainly women and older adult speakers.,Shifting to Hindi [hin]. Also use English [eng].,,,Taught in primary and secondary schools through grade 5 and as subject thereafter in Rajasthan state.,Literature. Radio. Dictionary. Grammar. Bible: 1954.,,,"Arabic script, Naskh variant [Arab], primary usage. Devanagari script [Deva], used in India. Gurmukhi script [Guru], used in India. Khojki script [Khoj].",Official language of the Sindhi community.,Hindu.
423,sgp,Singpho,Singpho,Singpho,"Jingphaw, Kachin, Sing-Fo",IN,India,T,T,T,2500,2500,,,"2,500 (Morey 2006).",,,,2006,,"Arunachal Pradesh state: Changlang and Lohit districts; Assam state: Dibrugarh and Sibsagar districts; Tinsukia district, Margherita sub-district.",Assam,27.4402,95.9199,6b,6b* (Threatened),,,"Sino-Tibetan, Tibeto-Burman, Sal, Jingppaw-Asakia, Jingphaw",,Lexical similarity: 50% with Jingpho [kac] of Myanmar.,,Home only.,Most also use Assamese [asm]. Also use English [eng].,"Used as L2 by Tangsa Naga [nst], Turung [try].",Literacy rate in L2: Less than 40%.,,Bible portions: 1907.,,,Latin script [Latn].,"Many loans from Khamti [kht]. Kachin refers to a cultural, rather than a linguistic group.","Buddhist, traditional religion."
424,sin,Sinhala,Sinhala,සිංහල‎ (Siṃhāla),,IN,India,F,F,F,5300,5300,,,"5,300 in India (2023 Joshua Project), based on ethnicity.",,,,2023,"20,160,790 (as L1: 16,149,690; as L2: 4,011,100)",,,,,xUn,Unestablished,,,"Indo-European, Indo-Iranian, Indo-Aryan, Outer Languages, Southern, Sinhalese-Maldivian",,,SOV; postpositions; noun head final; gender (masculine/feminine/neuter); indefinite article suffix; case-marking (5 cases); tense and aspect; causatives; 23 consonants and 13 vowels; non-tonal; distinctive diglossia.,,,,,,Fully developed. Bible: 1823–2018.,,,"Braille script [Brai]. Sinhala script [Sinh], primary usage.",,
425,srx,Sirmauri,Sirmauri,सिरमौरी‎ (Sirmauri),"Himachali, Pahari, Sirmouri, Sirmuri",IN,India,T,T,T,400000,400000,,,"400,000 (2005 SIL).",,,,2005,,"Himachal Pradesh state: Shimla district, southeast section; Sirmaur district.",Himachal Pradesh,30.7449,77.451,5,5* (Developing),,,"Indo-European, Indo-Iranian, Indo-Aryan, Intermediate Divisions, Western, Pahari, Western Pahari","Dharthi (Giriwari), Giripari","Difficult intelligibility between Dharthi and Giripari; and between Upper Mahasui and Giripar. Dharthi dialect more influenced by Hindi. In south Shimla District, Kiunthali and Sirmauri are used interchangeably. Reportedly a different variety of Sirmauri in Sirmaur District. Lexical similarity: 56%–70% with Dharthi and Giripari, with considerable variation within each dialect; Giripari 67% with Lower Mahasui, 65% with Upper Mahasui, 61% with Jaunsari [jns].",,"Home, village. Positive attitudes.","Also use English [eng]. Also use Hindi [hin], with high proficiency among educated people, and a wide range of proficiency among uneducated people, but older, uneducated women have very limited proficiency.",,Literacy rate in L2: 60% for Sirmaur District (2001 census).,,Newspapers. Radio. TV. Videos. Grammar. NT: 2017.,,,"Devanagari script [Deva]. Takri (Tankri, Takari) script [Takr], special variety used informally (Masica 1991).","Dharthi is spoken in Giriwar area, Giripari in Giripar area.",Hindu.
426,srb,Sora,Sora,"ସଉରା‎ (Savara), 𑃐𑃚𑃝‎ (Savara)","Sabar, Sabara, Saonras, Saora, Saura, Savara, Sawaria, Shabari, Soura, Swara",IN,India,T,T,T,410000,410000,,,"410,000 (2011 census).",,,,2011,,"Andhra Pradesh state: Srikakulam district; Assam state: Plains division; Odisha state: Ganjam, Koraput, and Phulbani districts; Bihar, Madhya Pradesh, Tamil Nadu, and West Bengal states.",Odisha,19.3344,84.4626,5,5* (Developing),,,"Austro-Asiatic, Munda, South Munda, Koraput Munda, Sora-Juray-Gorum, Sora-Juray",,,,,Also use English [eng]. Also use Sadri [sck].,Used as L2 by Juray [juy].,,,Radio. Dictionary. Bible: 1992–2004.,,,Latin script [Latn]. Oriya (Odia) script [Orya]. Sora Sompeng script [Sora]. Telugu script [Telu].,,"Hindu, Christian."
427,saz,Sourashtra,Sourashtra,சௌராட்டிர மொழி‎ (Caurāṭṭira moḻi),"Palkar, Patnuli, Saurashtra, Saurashtri, Sowrashtra",IN,India,T,T,T,248000,248000,,,"248,000 (2011 census). Each listed district has communities of at least 5,000.",,,,2011,,"Tamil Nadu state: North Arcot, Chengai-Annai, Dindugul, Madurai, Ramanathapuram, Salem, Thanjavur, Tiruchchirappalli, and Tirunelveli districts; Chennai, Deccan, Madurai, Salem, and Thanjavur cities; Andhra Pradesh and Karnataka states.",Tamil Nadu,9.986,78.2137,5,5* (Developing),,,"Indo-European, Indo-Iranian, Indo-Aryan, Intermediate Divisions, Western, Gujarati","Southern Saurashtra, Northern Saurashtra","Indo-Aryan elements reveal Gujarati [guj] relationship; some structure from Dravidian, lexicon from Telugu [tel] and Tamil [tam]. An Indo-European island surrounded by Dravidian languages. The 3 main populations in Salem, Thanjavur, and Madurai cities had between 67% and 97% inherent intelligibility among themselves. Lexical similarity: 77%–96% between all varieties. The 3 main populations: 84%–96%. Southern dialects have 83% or higher lexical similarity with Thanjavur variety.",,"Vigorous. Home, prayer.",Also use English [eng]. Also use Tamil [tam].,,,,Literature. Radio. Dictionary. Bible: 2023.,,Sourashtra Vidya Peetam.,"Devanagari script [Deva]. Saurashtra script [Saur], a modern version developed in the late 1800s, used for centuries. Tamil script [Taml], primary usage. Telugu script [Telu].",Most are weavers; nonweavers are generally better educated. System of exogamous clans.,Hindu.
428,spt,Spiti Bhoti,Spiti Bhoti,,"Nyam, Piti Bhoti",IN,India,T,T,T,10000,10000,,,"10,000 (2000).",,,,2000,,"Himachal Pradesh state: Lahaul Spiti district, Spiti sub-district; Jammu and Kashmir state: southeast Leh district.",Himachal Pradesh,32.8038,77.8179,6b,6b (Threatened),,,"Sino-Tibetan, Tibeto-Burman, Western Tibeto-Burman, Bodish, Central Bodish, Central, Western",,"Not intelligible of Ladakhi [lbj]; low intelligibility of Stod Bhoti [sbu]. All areas of Spiti understand each other. Lexical similarity: 41% with the Lhasa Tibetan dialect of Central Tibetan [bod], 57% with Ladakhi (Leh) [lbj], 57% with Stod Bhoti [sbu] from Darcha.",,"Home, Community, Religion. Some young people, all adults.",Many also use Hindi [hin].,,"Literacy rate in L2: 65% in Hindi [hin]. Most literates read Hindi. Some older people and Buddhist monks and nuns, read Tibetan.",,Literature. Radio.,,,Tibetan script [Tibt].,,Buddhist.
429,sbu,Stod Bhoti,Stod Bhoti,,"Lahul Bhoti, Stod, Stod-Kad, Tod, Tod-Kad",IN,India,T,T,T,2500,2500,,,"2,500 (1996).",,,,1996,,"Himachal Pradesh state: Lahul region, Khoksar, upper Mayar, and Stod valleys.",Himachal Pradesh,32.5604,77.7417,6b,6b* (Threatened),,,"Sino-Tibetan, Tibeto-Burman, Western Tibeto-Burman, Bodish, Central Bodish, Central, Western","Stod (Kolong), Khoksar (Khoksar Bhoti), Mayar (Mayar Bhoti, Mayari)","85% intelligibility of Stod Bhoti by Khoksar, 75% by Mayar, 62% of Khoksar by Mayar, 95% of Khoksar by Stod Bhoti. Lexical similarity: 74% with Spiti Bhoti [spt].",,"Home, community, religion. Positive attitudes.","Many also use Hindi [hin], for trade and education. Many speak Hindi but are less proficient than those in other Lahul communities. Also use English [eng].",,Desire for literacy in Stod Bhoti.,,,,,Devanagari script [Deva]. Tibetan script [Tibt].,,Buddhist.
430,ssk,Sunam,Sunam,,"Central Kinnauri, Sangnaur, Sungam, Sungnam, Sunnam, Thebarshad, Thebor, Thebör Skadd",IN,India,T,T,T,560,560,,,560 (1998).,,,,1998,,"Himachal Pradesh state: Kinnaur district, Puh sub-district, Sunam village.",Himachal Pradesh,31.7447,78.6203,6b,6b* (Threatened),,,"Sino-Tibetan, Tibeto-Burman, Western Tibeto-Burman, Bodish, West Himalayish, Kinauri",,"Lexical similarity: 67% with Shumcho [scu], 65% with Jangshung [jna], 38% with Pahari Kinnauri [kjo] and Chitkuli Kinnauri [cik].",,,,,,,,,,Unwritten [Qaax].,,"Traditional religion, Buddhist, Hindu."
431,sgj,Surgujia,Surgujia,सरगुजिया‎ (Surgujia),"Suraji, Surguja, Surgujia-Chhattisgarhi, Surjugia",IN,India,T,T,T,1740000,1740000,,,"1,740,000 (2011 census).",,,,2011,,"Chhattisgarh state: Jashpur, Koriya, and Surguja districts; Korba and Raigarh districts’ border areas.",Chhattisgarh,23.2911,83.0246,5,5* (Developing),,,"Indo-European, Indo-Iranian, Indo-Aryan, Intermediate Divisions, Eastern, East Central",,Lexical similarity: 71%–76% with Chhattisgarhi [hne].,,Vigorous. All domains. Positive attitudes.,Also use English [eng].,,,,NT: 2017.,,,Devanagari script [Deva].,,
432,sjp,Surjapuri,Surjapuri,सुरजापुरी‎ (Surjapuri),"Deshi Bhasa, Sura, Surajpuri",IN,India,T,T,T,2260000,2260000,,,"2,260,000 (2011 census).",,,,2011,,"Bihar state: Katihar, Kishanganj, and Purnea districts; West Bengal state: Dakshin Dinajpur and Uttar Dinajpur districts.",West Bengal,25.508,84.4102,5,5 (Developing),,,"Indo-European, Indo-Iranian, Indo-Aryan, Outer Languages, Eastern, Bihari",,"Reportedly very similar to Maithili [mai] (2019 N. Choudhary). Preliminary survey results show intelligibility of Nepali Rajbanshi [rjs]. Lexical similarity: 70%–74% with Hindi [hin], 67%–71% with the western variety of Kamtapuri [rkt] spoken near Dinajpur, 77%–86% with varieties of Surjapuri.",,"Vigorous. Home, village. Used by all. Positive attitudes.",Also use English [eng]. Also use Hindi [hin].,,Literacy rate in L2: Low (2006 M. Toulmin). Different scripts in Nepal and India.,,Bible portions: 2011.,,,Bengali (Bangla) script [Beng]. Devanagari script [Deva].,"Possible alternate names are Chaupal, Choupal, and Suraji, but surveyors did not find these terms used. Historically more closely related to Kamtapuri [rkt] and Rajbanshi [rjs] than Hindi [hin], a relationship borne out by greater morphological similarity. (2006 M. Toulmin).",
433,syl,Sylheti,Sylheti,"Sileti, ছিলটী‎ (Silôṭi)","Bengali of Cachar, Sileti, Siloti, Srihattia, Sylheti Bangla, Sylheti Bengali, Sylhetti, Syloti, Syloty",IN,India,F,T,T,3000000,3000000,,,"3,000,000 in India (2003).",,,,2003,"11,520,000 (as L1: 10,020,000; as L2: 1,500,000)","Assam state: Barak valley region, Cachar, Hailakandi, and Karimganj districts; Tripura state: North Tripura district; possibly Nagaland, Kolkata.",Assam,,,5,5* (Dispersed),,,"Indo-European, Indo-Iranian, Indo-Aryan, Outer Languages, Eastern, Bengali-Assamese",,,,,Also use English [eng].,,Literacy rate in L2: 10%. Educated can read Bengali [ben]. Few women are educated.,,NT: 2014.,,,Bengali (Bangla) script [Beng]. Latin script [Latn]. Syloti Nagri script [Sylo].,,"Muslim, Hindu."
434,tgj,Tagin,Tagin,Tagin,"Nil, Tagen",IN,India,T,T,T,62900,62900,,,"62,900 (2011 census).",,,,2011,,Arunachal Pradesh state: upper Subansiri district.,Arunachal Pradesh,28.4537,93.7484,5,5* (Developing),,,"Sino-Tibetan, Tibeto-Burman, Central Tibeto-Burman, Tani",,Reportedly similar to Nyishi [njz].,,"Vigorous. Home, cultural activities, market. Positive attitudes.",Also use English [eng].,,,,NT: 2018.,,,Latin script [Latn].,A Scheduled Tribe.,"Traditional religion, Christian, Hindu."
435,taj,"Tamang, Eastern",Eastern Tamang,"तामाङ‎ (tāmāng), རྟ་དམག‎ (tāmāng)",Tamang,IN,India,F,F,T,20200,20200,,,"20,200 in India (2011 census).",,,"272,000 (2006 FTT).",2011,"1,271,800 (as L1: 1,200,200; as L2: 71,600)",Arunachal Pradesh state; Sikkim state: Rangit and lower Teesta valleys; West Bengal state: Darjeeling.,Sikkim,,,5,5* (Dispersed),,,"Sino-Tibetan, Tibeto-Burman, Western Tibeto-Burman, Bodish, West Bodish, Gurung-Tamang, Tamang",,,"SOV; postpositions, genitives after nouns; noun head final; no noun classes or genders; content q-word in situ; 1 prefix, up to 3 suffixes; clause constituents indicated by case-marking; ergative; aspect and tense; no passives or voice; 34 consonant and 16 vowel phonemes; CV, CVC, CCV, V, CCVC; tonal; vowel phonemes include 5 basic, 5 long, 6 diphthongs; aspiration and length are phonemic.",,,,,,Literature. Newspapers. Periodicals. Radio. TV. Videos. Dictionary. Grammar. Texts. NT: 2011.,,,"Devanagari script [Deva], primary usage. Tibetan script [Tibt], Tamhig style.",Migrate from Nepal.,
436,tam,Tamil,Tamil,தமிழ்‎ (Tamiḻ),"Damulian, Tamal, Tamalsan, Tambul, Tamili",IN,India,T,T,T,76470000,68900000,7570000,"76,470,000 in India, all users.","68,900,000 in India (2011 census).","7,570,000 (2011 census).",,,2011,"86,343,740 (as L1: 78,720,740; as L2: 7,623,000)","Andhra Pradesh state: Chittoor and Sri Potti Sriramulu Nellore districts, east Puducherry enclaves; Karnataka state: Chamarajana district; Kerala state: south; assorted border areas; Tamil Nadu state.",Tamil Nadu,8.868,80.6245,2,2 (Provincial),"Statutory provincial language in Tamil Nadu State; union territories Puducherry, Andaman and Nicobar Islands (1950, Constitution, Schedule VIII).",,"Dravidian, Southern, Tamil-Kannada, Tamil-Kodagu, Tamil-Malayalam, Tamil","Adi Dravida, Aiyar, Aiyangar, Arava, Burgandi, Kongar, Madrasi, Madurai, Tamil, Sri Lanka Tamil, Malaya Tamil, Burma Tamil, South Africa Tamil, Tigalu, Harijan, Sanketi, Hebbar, Mandyam Brahmin, Secunderabad Brahmin",Burgandi are nomadic. Aiyar and Aiyangar are Brahmin dialects. Southern dialect around Madurai is literary standard. Eastern dialect is colloquial standard (Zvelebil 1998). Sanketi dialect in Karnataka used by immigrants from Madurai and Shenkotta in Tamil Nadu. Lexicon greatly influenced by Kannada.,"SOV; postpositions; gender (rational, non-rational); no articles; case-marking (8 cases); verb affixes mark person, number, gender of subject; passives (affective, effective); tense; no comparatives; 18 consonants, 10 vowels and 2 diphthongs; non-tonal; stress on first syllable; inclusive/exclusive pronouns.",,All also use Kannada [kan] (Gowda 1976).,"Used as L2 by Alu Kurumba [xua], Attapady Kurumba [pkr], Eravallan [era], Irula [iru], Jennu Kurumba [xuj], Kadar [kej], Kanikkaran [kev], Kannada Kurumba [kfi], Kota [kfe], Malankuravan [mjo], Malapandaram [mjp], Malasar [ymr], Moundadan Chetti [cty], Muthuvan [muv], Paliyan [pcf], Paniya [pcg], Sourashtra [saz], Toda [tcx], Vaagri Booli [vaa].",,Taught in primary and secondary schools in Tamil Nadu state.,Fully developed. Bible: 1727–2002.,,,"Arabic script, Naskh variant [Arab], no longer in use. Braille script [Brai]. Tamil script [Taml], primary usage.",A Classical Language of India since 2004.,"Hindu, Muslim."
437,tel,Telugu,Telugu,తెలుగు‎ (Telugu),"Andhra, Tailangi, Telangire, Telegu, Telgi, Telinga, Teloogoo, Telungu, Tengu, Tenungu, Terangi, Tolangan, Trilinga, “Gentoo” (pej.)",IN,India,T,T,T,93900000,80900000,13000000,"93,900,000 in India, all users.","80,900,000 in India (2011 census).","13,000,000 (2011 census).",,,2011,"95,814,020 (as L1: 82,799,020; as L2: 13,015,000)","Mainly Andhra Pradesh and Telangana states; Chhattisgarh state: Bijapur; Karnataka state: Bangalore Rural, Bellary, east Bidar, Chikkaballapura, Chitradurga, Gulbarga, all of Kolar, Raichur, Tumkur, and Yadgir; Maharashtra state: Gadchiroli district, eastern enclaves; Puducherry union territory; Odisha state: Gajapati, Koraput, Malkangiri, and Rayagada; Tamil Nadu state: Chennai city, Thirvallur and Vellore.",Andhra Pradesh,16.3211,78.8113,2,2 (Provincial),"Statutory provincial language in Andhra Pradesh State; Telangana State: Puducherry Union Territory, Andaman and Nicobar islands (1950, Constitution, Schedule VIII).",,"Dravidian, South-Central, Telugu","Berad, Dasari, Dommara, Golari, Kamathi, Komtao, Konda-Reddi, Salewari, Telangana, Telugu, Vadaga, Srikakula, Vishakhapatnam, East Godaveri, Rayalseema, Nellore, Guntur, Vadari, Yanadi (Yenadi)",,"SOV; postpositions; noun head final; gender; no articles; case-marking (7 cases); verb affixes mark person, number gender of subject; passives; tense; causatives; 21 consonant and 11 vowel phonemes; non-tonal; stress on first syllable; inclusive/exclusive pronouns.",,,"Used as L2 by Bodo Gadaba [gbj], Chenchu [cde], Koya [kff], Kupia [key], Lambadi [lmn], Manna-Dora [mju], Mudhili Gadaba [gau], Northwestern Kolami [kfb], Pottangi Ollar Gadaba [gdb], Vaagri Booli [vaa], Waddar [wbq], Yerukula [yeu].",,"Taught in primary and secondary schools through grade 5 and as subject thereafter in Andhra Pradesh state, Telangana state, and Puducherry Union Territory.",Fully developed. Bible: 1854–2002.,,,"Braille script [Brai]. Telugu script [Telu], primary usage.",A Classical Language of India since 2008.,Hindu.
438,tef,Teressa,Teressa,,Taih-Long,IN,India,T,T,T,2080,2080,,,"2,080 (2001 census).",,,,2001,,"Andaman and Nicobar Islands union territory: Bompoka, Central Nicobar islands, and Teressa.",Andaman and Nicobar Islands,8.2929,93.101,6b,6b* (Threatened),,,"Austro-Asiatic, Mon-Khmer, Nicobar, Chowra-Teressa","Bompoka (Bompaka, Pauhut)",,,,,,,,Radio.,,,,,
439,thn,Thachanadan,Thachanadan,,"Moopan, Thacchanadens, Thachanad Muppans",IN,India,T,T,T,3000,3000,,,"3,000 (2004 survey).",,,,2004,,"Kerala state: Malappuram district, Nilambur area; Wayanad district, Ambalavayal, Kalpetta, Meppadi, and Muttil sub-districts.",Kerala,11.2651,76.3642,6b,6b (Threatened),,,"Dravidian, Southern, Unclassified",,"Lexical similarity: 60%–64% with Malayalam [mal], 50%–54% with Tamil [tam], 66%–72% with Mullu Kurumba [kpb].",,"Some use Malayalam [mal] in home and village, esp. with children. Use is less among youth. Home, village. Some young people, all adults. Mixed attitudes, from neutral to positive attitudes, with youth having more negative attitudes.",Also use English [eng]. Also use Malayalam [mal].,,Literacy rate in L2: 30% (2004 survey). Literacy rate much lower than state literacy rate.,,,,,Unwritten [Qaax].,A Scheduled Tribe.,"Traditional religion, Hindu."
440,thf,Thangmi,Thangmi,थाङ्मी खाम‎ (thaangmi khaam),Thami,IN,India,F,F,T,500,500,,,500 in India.,,,,,"28,460 (as L1: 27,600; as L2: 860)","Sikkim state: East district, Aritar Sunua; West Bengal state: Darjeeling and scattered.",Sikkim,,,6b,6b* (Threatened),,,"Sino-Tibetan, Tibeto-Burman, Western Tibeto-Burman, Himalayan, Central Himalayan, Thangmi-Baraamu",,,"SOV; both prepositions and postpositions; noun head both initial and final; gender, only some animate nouns; content q-word in situ; up to 3 prefixes, up to 4 suffixes; clause constituents indicated by case-marking; verbal affixation marks person; no ergativity; tense; passives and voice; nontonal; 33 consonant and 13 vowel phonemes.",Thangmi culture thriving in Sikkim and Darjeeling area. (Turin 1999).,,,,,Literature. Newspapers. Periodicals. Radio. TV. Videos. Dictionary. Grammar. Texts. NT: 2019.,,,Devanagari script [Deva].,,
441,the,"Tharu, Chitwania",Chitwania Tharu,चितुनीया थारुक‎ (Chituneeya Thaaruk),,IN,India,F,T,T,,,,,,,,,,"2,85,000","Uttar Pradesh state: Kushinagar district, on Nepal border.",Uttar Pradesh,,,6a,6a* (Vigorous),,,"Indo-European, Indo-Iranian, Indo-Aryan, Tharu, Eastern Tharu",,,SOV; postpositions; noun head final; 2 genders; content q-word in situ; up to 3 suffixes; clause constituents indicated by case-marking; verbal affixation marks person and number; tense and aspect; passive construction; nontonal; 34 consonant and 6 vowel phonemes (5 of the vowels can be nasalized).,,,,,,Literature. Newspapers. Periodicals. Radio. Videos. Grammar. Texts. NT: 2023.,,,Devanagari script [Deva].,,
442,thl,"Tharu, Dangaura",Dangaura Tharu,थारु‎ (thaaru),"Chaudary, Chaudhari, Chaudhuri, Dang, Dangali, Dangora, Dangura, Tharu",IN,India,F,T,T,174000,174000,,,"174,000 in India (2007).",,,,2007,"6,74,000","Uttar Pradesh state: Bahraich district; Gonda district, Tulsipur sub-district; Gorakhpur district; Kheri district, Nighasan sub-district border.",Uttar Pradesh,,,5,5* (Developing),,,"Indo-European, Indo-Iranian, Indo-Aryan, Tharu, Eastern Tharu",,,"SOV; postpositions; noun head initial; genitives after noun heads; adjectives, numerals before noun heads; content q-word in situ; clause constituents indicated by case-marking; verbal affixation marks person, number, and sometimes gender; tense-aspect; passives and voice; nontonal; 34 consonant and 6 vowel phonemes, with nasal variations.",,Also use English [eng]. Also use Hindi [hin].,,Literacy rate in L2: 20%–25% (census).,,Literature. Periodicals. Radio. Dictionary. Grammar. Texts. NT: 2018.,,,Devanagari script [Deva].,,"Traditional religion, Hindu."
443,tkt,"Tharu, Kathariya",Kathariya Tharu,थारु‎ (thaaru),"Kathoriya Tharu, Khatima Tharu, Tharu",IN,India,F,T,T,36000,36000,,,"36,000 in India (2024 Joshua Project), based on ethnicity.",,,,2024,"1,42,000",Uttar Pradesh state: Bahraich and Kheri districts near Nepal border.,Uttar Pradesh,,,6a,6a* (Vigorous),,,"Indo-European, Indo-Iranian, Indo-Aryan, Tharu",,,SOV; postpositions; noun head final (unmarked).,,,,,,Texts.,,,Devanagari script [Deva].,,
444,thq,"Tharu, Kochila",Kochila Tharu,मध्य-पूर्विया थारू‎ (madhya-pūrviyā thārū),Saptari,IN,India,F,F,T,,,,,,,,,,"2,58,000","Bihar state: Pashchim Champaran district, on Nepal border.",Bihar,,,6a,6a* (Vigorous),,,"Indo-European, Indo-Iranian, Indo-Aryan, Tharu, Eastern Tharu",Morangia,,"SOV; postpositions; noun head final; no gender; content q-word in situ; 1 prefix, up to 3 suffixes; clause constituents indicated by case-marking; verbal affixation marks person; tense and aspect; passives (syntactic, not morphological); nontonal; 32 consonant and 8 vowel phonemes.",,,,,,Radio. Videos. Dictionary. Texts. Bible portions: 2017.,,,Devanagari script [Deva].,,"Traditional religion, Hindu."
445,thr,"Tharu, Rana",Rana Tharu,राना थारू‎ (raanaa thaaru),"Rana Thakur, Tharu, Tharuwa",IN,India,F,T,T,150000,150000,,,"150,000 in India (2003).",,,,2003,"228,670 (as L1: 227,800; as L2: 870)","Uttar Pradesh state: Lakhimpur Kheri district, Paliakalan sub-district, Chandan Chauki block, on Nepal border; Uttarakhand state: Udham Singh Nagar district, Khatima sub-district.",Uttar Pradesh,,,5,5* (Developing),,,"Indo-European, Indo-Iranian, Indo-Aryan, Tharu",,,"SOV; postpositions; noun head final; 2 genders; content q-word in situ; 1 prefix, up to 2 suffixes; clause constituents indicated by case-marking; verbal affixation marks person and number; ergativity; tense (4 tenses: past, present, imminent future, irrealis future); passives and voice; nontonal; 28 consonant and 11 vowel phonemes.",,Also use English [eng]. Also use Hindi [hin].,,Literacy rate in L2: 20%–25%.,,Literature. Periodicals. Radio. Videos. Texts. NT: 2017.,,,Devanagari script [Deva].,,"Hindu, traditional religion."
446,tdh,Thulung,Thulung,थुलुङ‎ (Thuluŋ),Thulunge Rai,IN,India,F,F,T,,,,,,,,,,"41,600 (as L1: 24,400; as L2: 17,200)",Sikkim and Uttar Pradesh states; West Bengal state: Darjeeling district.,West Bengal,,,5,5* (Developing),,,"Sino-Tibetan, Tibeto-Burman, Western Tibeto-Burman, Himalayan, Kiranti, Western",,,"SOV; postpositions; noun head final; content q-word in situ; no prefixes, up to 4 suffixes; clause constituents indicated by case-marking; verbal affixation marks person and number; ergativity; tense; passives and voice, but rare; tonal; 29 consonant and 16 vowel phonemes.",Most ethnic Thulungs in Darjeeling do not speak Thulung but Nepali [nep].,,,,,Literature. Newspapers. Periodicals. Radio. Videos. Dictionary. Texts. NT: 2017.,,,Devanagari script [Deva].,,Hindu.
447,bod,Tibetan,Tibetan,"བོད་ཡིག།‎ (bod.yig), བོད་སྐད།‎ (bod.skad)","Bhotia, Bod, Central Tibetan, Phoke, Pohbetian, Poke, Skad, Tebilian, Tibate",IN,India,F,T,T,83800,83800,,,"83,800 in India (2011 census).",,,,2011,"1,215,270 (as L1: 1,210,980; as L2: 4,290)","Himachal Pradesh state: Tibet border; Arunachal Pradesh, Assam, Delhi, Sikkim, and Uttarakhand states.",Sikkim,,,5,5* (Dispersed),,,"Sino-Tibetan, Tibeto-Burman, Western Tibeto-Burman, Bodish, Central Bodish, Central","Aba (Batang), Dartsemdo (Tatsienlu), Dru, Gtsang, Hanniu, Kongbo, Nganshuenkuan (Anshuenkuan Nyarong), Panakha-Panags, Paurong",,SOV; noun head initial; definite and indefinite articles; ergativity; comparatives; 28 consonant and 16 vowel phonemes; tonal (4 tones); 2 levels of honorifics.,,Also use English [eng].,"Used as L2 by Byangsi [bee], Chaudangsi [cdn], Chug [cvg], Darmiya [drd], Jad [jda], Sikkimese [sip], Zakhring [zkr].",,,Newspapers. Periodicals. Radio. Dictionary. Grammar. Bible: 1948.,,,"Braille script [Brai]. Marchen script [Marc]. Phags-pa script [Phag]. Tibetan script [Tibt], Uchen and Umed styles.","In Himalayan countries, ‘Bhotiya’, people of Tibetan origin, and is applied to various languages.",Buddhist.
448,lbf,Tinani,Tinani,,"Gondhla, Gondla, Lahauli, Lahouli, Lahuli, Rangloi, Teenan, Tinan Lahuli",IN,India,T,T,T,11600,11600,,,"11,600 in India (2011 census).",,,,2011,"12,050","Himachal Pradesh state: Lahaul Spiti district, lower Chandra, Rangloi, and Tinan valleys; Gondhla is main village.",Himachal Pradesh,32.3992,77.487,6b,6b* (Threatened),,,"Sino-Tibetan, Tibeto-Burman, Western Tibeto-Burman, Bodish, West Himalayish, Kinauri",,"Lexical similarity: 63%–56% with Pattani [lae], 32%–37% with Bunan [bfu], 21% with the Spiti [spt] and Stod [sbu] varieties of central Tibetan [bod], 62% with Tandi village, 34% with Shumcho [scu], 32% with Jangshung [jna], 31% with Kanauri and Sunam [ssk], 13% with Tibetan [bod].",,"Home, village, infrequently in religion.",Also use English [eng]. Also use Hindi [hin]. Also use Pattani [lae].,Used as L2 by Kullu Pahari [kfx].,Literacy rate in L2: High.,,Radio. NT: 2017.,,,Devanagari script [Deva]. Tibetan script [Tibt].,Lahuli applies to Lahul inhabitants; Spiti refers primarily to a place. Not a tight linguistic designation. Well educated.,"Buddhist, Hindu."
449,lax,Tiwa,Tiwa,,"Dowyan, Lalung",IN,India,T,T,T,33900,33900,,,"33,900 (2011 census).",,,"171,000 (2001 census).",2011,,"Assam state: Kamrup, Karbi Anglong, Lakhimpur, Nagaon, and Sibsagar districts; Meghalaya state: Khasi Hills district.",Assam,26.1301,92.28,6b,6b (Threatened),,,"Sino-Tibetan, Tibeto-Burman, Sal, Boro-Garo, Boro-Tiwa","Hajowali, Datiyali",,,"Quite a few in Brahmaputra valley adopted Assamese [asm] as L1. Resurgent interest to learn the mother tongue; approved by the state in 2004 to be taught as a subject up to class 4. Home, market. Some of all ages.",Many also use Assamese [asm]. Also use English [eng].,,"Literacy rate in L2: 62% for Assam (2001 census). Literacy rate higher in the plains. In the hills, equally low among men and women.",,Dictionary. Grammar.,,,Bengali (Bangla) script [Beng]. Latin script [Latn].,,"Traditional religion, Hindu."
450,tcx,Toda,Toda,,"Todi, Tuda",IN,India,T,T,T,1560,1560,,,"1,560 (2001 census).",,,,2001,,Tamil Nadu state: Kunda and Nilgiri hills.,Tamil Nadu,11.5896,76.5998,6a,6a (Vigorous),,,"Dravidian, Southern, Tamil-Kannada, Tamil-Kodagu, Toda-Kota",,"Lexical similarity: 24% with Kota [kfe], the most similar language.",,Vigorous. All domains. Used by all. Positive attitudes.,Also use English [eng]. Also use Tamil [tam].,,Literacy rate in L2: 66%–79% (2001 census).,,Dictionary. Grammar. Texts. Bible portions: 1897–1910.,,,Tamil script [Taml].,A Scheduled Tribe.,"Hindu, Christian."
451,txo,Toto,Toto,,,IN,India,T,T,T,1400,1400,,,"1,400 (2012 SIL).",,,,2012,,"West Bengal state: Jalpaiguri district, Dhunchipara, Panchayatpara, and Subhapara areas, Totopara village on Indo-Bhutan border.",West Bengal,26.8238,89.3169,6b,6b* (Threatened),,,"Sino-Tibetan, Tibeto-Burman, Sal, Dhimalish",,Not inherently intelligible of Dhimal [dhi] of Nepal. Lexical similarity: low with Dhimal [dhi].,"SOV; postpositions; genitives, demonstratives, relatives before noun heads; nontonal.",,Also use Bengali [ben]. Also use Hindi [hin]. Also use Nepali [npi].,,,,,,,Bengali (Bangla) script [Beng]. Toto script [Toto].,,"Traditional religion, Hindu."
452,tsj,Tshangla,Tshangla,ཆང་ལོ་‎ (Tshanglo),"Cangluo Menba, Central Monpa, Dirang, Memba, Menba, Monba, Monpa, Motuo, Sangla, Sharchopkha, Tsangla",IN,India,F,T,T,11200,11200,,,"11,200 in India (2007). 8,200 in Kameng District; 3,000 in West Siang.",,,,2007,"1,81,200","Arunachal Pradesh state: West Kameng district, Dirang area; Assam state: Udalguri district, Mechuka and Tuting sub-districts, Bishing Mechuka, Bona, Dorgling Halung, Galling, Korfu, Namsu, Opu, Sangti, Tempang, and Tuting villages; possibly West Siang district.",Arunachal Pradesh,,,5,5 (Dispersed),,,"Sino-Tibetan, Tibeto-Burman, Western Tibeto-Burman, Bodish",,Lexical similarity: 11%–14% with Khamba [kbg] (Joseph et al 2019).,SOV; singular-dual-plural personal pronouns; case-marking (3 cases); tense and aspect; 31 consonants and 5 vowels; nontonal; evidentiality (mirativity).,Used by all.,Some also use English [eng]. Also use Adi [adi]. Also use Hindi [hin].,"Used as L2 by Chug [cvg], Khamba [kbg], Lish [lsh].",,,Radio. Grammar. NT: 2023.,,,"Tibetan script [Tibt], Uchen style, used in India.","A Scheduled Tribe. Chowdhury (1996) separates Memba (Tshangla) and Khamba as different tribes in Siang District, both separate from Monpa, in Kameng District.",Buddhist.
453,tcy,Tulu,Tulu,"ತುಳು‎ (Tulu), ತುಳು ಭಾಷೆ‎ (Tuḷu bhāṣe)","Tal, Tallu, Thalu, Thulu, Tilu, Tullu, Tuluva Bhasa",IN,India,T,T,T,2627000,1850000,777000,"2,627,000, all users.","1,850,000 (2011 census).","777,000 (2011 census).",,,2011,,Karnataka state: Dakshina Kannada and Udupi districts; Kerala state: Kasargod district; scattered in other states.,Karnataka,13.0254,75.1783,5,5* (Developing),,,"Dravidian, Southern, Tulu","Northwest Tulu (Mangalore, Udipi), Northeast Tulu (Belthangadi, Kerala), Southwest Tulu (Kasaragod, Manjeswara), South Central Tulu (Bantwal, Puttur), Southeast Tulu (Sullia Subrahmanya), Brahmin Tulu, Common Tulu",,,,Also use English [eng]. Also use Hindi [hin]. Also use Kannada [kan]. Also use Marathi [mar].,"Used as L2 by Korra Koraga [kfd], Kudiya [kfg].",Literacy rate in L2: 80%–83% in Dakshina Kannada [kan] for Udupi districts.,,Literature. Periodicals. Radio. Videos. Dictionary. Grammar. NT: 1847–2000.,,,"Kannada script [Knda]. Tulu-Tigalari script [Tutg], philosophical texts and religious verses are sometimes written in this script.",,"Hindu, traditional religion."
454,trd,Turi,Turi,,,IN,India,T,T,T,2000,2000,,,"2,000 (2007).",,,"354,000 (2007).",2007,,"Chhattisgarh state: Raigarh district, and scattered throughout; Jharkhand state: Gumla, Lohardaga, and Ranchi districts, Chotanagpur area; Odisha state: Sambalpur and Sundargarh districts; West Bengal state: Bankura, Birbhum, Murshidabad, and Nadia districts.",Jharkhand,23.0447,84.7011,8a,8a (Moribund),,,"Austro-Asiatic, Munda, North Munda, Kherwari, Santali",,,,,Shifted to Sadri [sck].,,,,,,,,"A Scheduled Caste. Speak Sadri [sck] as L1 in Jharkhand, Mundari [unr] in West Bengal, Odia [ory] in Odisha (Singh and Manoharan 1993). Turi spoken only in Chotanagpur (Breton 1997). A Turi caste in Gujarat is not related linguistically.",
455,try,Turung,Turung,,"Tai Turung, Tailung, Tairong",IN,India,T,T,T,1000,1000,,,"1,000 (Morey 2015).",,,,2006,,"Assam state: Golaghat, Jorhat, and Karbi Anglong districts, Balipathar, Basapathar, Gahorisuwa, Na Kthong, Pahukatia, Rengmai, and Tipomia villages.",Assam,26.4288,93.7134,6b,6b* (Threatened),,,"Sino-Tibetan, Tibeto-Burman, Sal, Jingppaw-Asakia, Jingphaw",,Closely related to Singpho [sgp]. Turung has a smaller Tibeto-Burman vocabulary and a higher proportion of lexical items of Tai origin than Singpho (Morey 2010).,,,"Most also use Assamese [asm] (Morey 2015). Also use Singpho [sgp], especially among the elderly.",,,,,,,Latin script [Latn].,,
456,ull,Ullatan,Ullatan,,"Katan, Kattalan, Kochuvelan, Ulladan",IN,India,T,T,T,0,0,,,No known L1 speakers. Survived into the 1990s.,,,"16,700 (2001 census).",,,"Kerala state: Alleppey, Ernakulam, Idukki, Koliam, Kottayam, Palakkad, Pathanamthitta, Thrissur, and Trivandrum districts.",Kerala,9.3488,76.5802,9,9 (Dormant),,,"Dravidian, Southern, Unclassified",,,,,Shifted to Malayalam [mal].,,Literacy rate in L2: 72–82% (2001 census).,,,,,Unwritten [Qaax].,Prefer to be considered Malayalis rather than Ullatan. Ulladan and Kochu Velan are both Scheduled Tribes.,"Traditional religion, Hindu."
457,url,Urali,Urali,,"Oorazhi, Uraly, Urli",IN,India,T,T,T,0,0,,,No known L1 speakers. Survived into the 2000s.,,,"6,440 (2001 census).",,,"Kerala state: Idukki district, Memari and Vanchivayal villages.",Kerala,9.8451,76.9208,9,9 (Dormant),,,"Dravidian, Southern, Tamil-Kannada, Kannada",,"Shares features with Tamil [tam], Irula [iru], and Kannada [kan] (Lal 1991). Lexical similarity: 60%–71% with Malayalam [mal], 54%–58% with Tamil [tam].",,,Shifted to Malayalam [mal].,,Literacy rate in L2: 73% (2001 census).,,,,,Unwritten [Qaax].,"A Scheduled Tribe. Irali Urali is a dialect of Irula [iru] in Tamil Nadu. Urali Kurumba is an alternate name for Betta Kurumba [xub] in Wayanad District, Kerala.",Traditional religion.
458,urd,Urdu,Urdu,اُردُو‎‎ (Urdū),"Islami, Undri, Urudu",IN,India,F,T,T,62800000,50800000,12000000,"62,800,000 in India, all users.","50,800,000 in India (2011 census).","12,000,000 (2011 census).",,,2011,"245,936,820 (as L1: 77,617,720; as L2: 168,319,100)",Jammu and Kashmir state: widespread use by Muslims; Maharashtra state: Hyderabad (Dakhini).,Jammu and Kashmir,,,2,2 (Provincial),"Statutory provincial language in Telangana state (2017, Telangana Official Languages Act, Act 9, Section 2b, 1966 (Amended by Telangana Official Languages Bill, Act 30)), co-official with Telugu [tel]. Statutory provincial working language in Bihar, Uttar Pradesh states (1950, Constitution, Schedule VIII), limited to official correspondence, notices and other communication. Statutory language of provincial identity in Jammu and Kashmir State (1957, State constitution, Article 145).",,"Indo-European, Indo-Iranian, Indo-Aryan, Western Hindi, Hindustani","Dakhini (Dakani, Dakkhini, Deccan, Desia, Mirgan), Pinjari, Rekhta (Rekhti)",,"SOV; postposition; noun head final; gender (masculine/feminine); no articles; direct and oblique cases; verb affixes mark person, number, gender of subject; passives; tense and aspect; causatives; 35 consonants, 21 vowels; non-tonal; stress on penultimate syllable.",,A few also use Standard Arabic [arb]. Also use Bengali [ben]. Also use Bhojpuri [bho].,"Used as L2 by Balti [bft], Bhadrawahi [bhd], Bhattiyali [bht], Bilaspuri [kfs], Burushaski [bsk], Chambeali [cdh], Changthang [cna], Churahi [cdj], Dogri [dgo], Eastern Balochi [bgp], Gujari [gju], Kangri [xnr], Kashmiri [kas], Khah [hkh], Kullu Pahari [kfx], Ladakhi [lbj], Mandeali [mjl], Mewati [wtm], Purig [prx], Saraiki [skr].",,Taught in primary and secondary schools through grade 5 and as subject thereafter in Andhra Pradesh state and Telangana state.,Fully developed. Bible: 1843–1998.,,,"Arabic script, Naskh variant [Arab]. Arabic script, Nastaliq variant [Aran], primary usage. Braille script [Brai]. Devanagari script [Deva], used in India (Ahmad 2011).",,Muslim.
459,uig,Uyghur,Uyghur,"ئۇيغۇر تىلى‎ (Uyghur tili), ئۇيغۇرچە‎ (Uyghurche)",,IN,India,F,F,T,2,2,,,2 in India (2016 S. Kumar).,,,150 (2016 S. Kumar).,2016,"13,562,992 (as L1: 10,562,872; as L2: 3,000,120)","Jammu and Kashmir state: Srinagar; Ladakh, Leh.",Jammu and Kashmir,,,8b,8b (Nearly extinct),,,"Turkic, Eastern",,,"SOV; postpositions; genitives, adjectives, numerals, relatives before noun heads; question words initial; word order distinguishes subjects and indirect objects, topic and comment; 8 noun cases shown by suffixes; verb suffixes mark subject person, number, second person marks plural and 3 levels of respect; passive, reflexive, reciprocal and causative; comparatives; 25 consonant and 15 vowel phonemes; CV, CVC, CVCC syllables; non-tonal; stress on final syllable; vowel harmony; evidentials.",Elderly only.,Shifted to Kashmiri [kas].,,,,Newspapers. Radio. TV. Grammar. Bible: 1950–2022.,,,"Arabic script, Naskh variant [Arab], official and primary usage in China, also used in Afghanistan. Cyrillic script [Cyrl], used in Kazakhstan, past usage in China. Latin script [Latn], used in China and Turkey.",Border disputed with China.,
460,vaa,Vaagri Booli,Vaagri Booli,,"Guvvalollu, Haki Piki, Hakkipikkaru, Karikkorava, Kuruvikkaran, Marattiyan, Narakureavar, Narikkorava, Narikoravar, Rattiyan, Shikarijanam, Vaghri, Vaghriwala, Vagri, Wagri Vel, Wogri Boli",IN,India,T,T,T,9300,9300,,,"9,300 (2007).",,,"12,000 (2007).",2007,,"Andhra Pradesh, Karnataka, and Maharashtra states, and Pondicherry union territory; Tamil Nadu state: Cuddalore, Tiruvannamalai, Vellore, and Villupuram districts.",Tamil Nadu,12.5416,79.0692,6b,6b* (Threatened),,,"Indo-European, Indo-Iranian, Indo-Aryan, Unclassified",,"Lexical similarity: 36% with Marathi [mar], 40% with Hindi [hin].",,,Most also use Hindi [hin]. Some also use Kannada [kan]. Some also use Marathi [mar]. Some also use Tamil [tam]. Some also use Telugu [tel].,,Literacy rate in L2: Very low.,,NT: 2022.,,,Tamil script [Taml].,The people are called by various names meaning ‘bird catchers’. Semi-nomadic.,Hindu.
461,vap,Vaiphei,Vaiphei,Vaiphei,"Bhaipei, Vaipei, Veiphei, Zome, Zomi",IN,India,T,T,T,42700,42700,,,"42,700 (2011 census).",,,,2011,,"Manipur state: Churachandpur district, 30+ villages; Assam, Meghalaya, and Tripura states.",Manipur,24.3515,93.5084,5,5* (Developing),,,"Sino-Tibetan, Tibeto-Burman, Kuki-Chin, Peripheral, Northern, Sizang",,,,,Also use English [eng].,,Literacy rate in L2: 60% in Manipur (2001 census).,,Bible: 2006.,,,Latin script [Latn].,"Zomi is a collective name by which Tedim Chins [ctd] of Myanmar, Paite [pck] and Vaiphei of Manipur generally identify themselves.",Christian.
462,vah,Varhadi-Nagpuri,Varhadi-Nagpuri,"वरहदी-नागपुरी‎ (Varahadī-nāgapurī), वऱ्हाडी‎ (Vaṟhāḍī)","Berar Marathi, Berari, Dhanagari, Kumbhari, Madhya Pradesh Marathi",IN,India,T,T,T,6970000,6970000,,,"6,970,000 (1995).",,,,1995,,"Andhra Pradesh state: Adilabad and Nizamabad districts; Madhya Pradesh state: Balaghat and Chhindwara districts; Maharashtra state: Akola, Amravati, and Buldana districts.",Maharashtra,20.6767,76.8086,5,5* (Developing),,,"Indo-European, Indo-Iranian, Indo-Aryan, Outer Languages, Southern, Unclassified","Brahmani, Govari, Jhadpi, Kosti (Rangari), Kunban (Kohli), Kunbi, Mahari (Dhedi), Raipur",Regarded by some as a dialect of Marathi [mar].,,,,,,,Radio. NT: 2017.,,,Devanagari script [Deva].,,
463,vav,Varli,Varli,वारली‎ (Warli),Warli,IN,India,T,T,T,387000,387000,,,"387,000 (2011 census).",,,,2011,,"Maharashtra state: Nasik and Dhule districts; Thane district, Dahanu and Talasari sub-districts; Gujarat state: Valsad district, Dharampur sub-district, Dadra and Nagar Haveli; far north Thane district and south Gujarat state (Davari).",Maharashtra,19.8414,73.9582,5,5* (Developing),,,"Indo-European, Indo-Iranian, Indo-Aryan, Outer Languages, Southern, Konkani","Davari, Western Nihiri, Eastern Nihiri","Sometimes classified as a dialect of Gujarati [guj] or Bhili [bhb]. Lexical similarity: 61%–93% among dialects, 60% with Marathi [mar], 65% with Kukna [kex].",,,Also use English [eng]. Also use Gujarati [guj]. Also use Marathi [mar].,,Literacy rate in L2: 32% for Gujarat (2001 census).,,Radio. NT: 2011.,,,Devanagari script [Deva]. Gujarati script [Gujr].,Each dialect group is endogamous. Patrilocal.,Traditional religion.
464,vas,Vasavi,Vasavi,वासावी‎ (Vāsāvī),"Adiwasi Bhil, Bhilori, Keski Bhil, Padwi Bhilori, Vasava, Vasava Bhil, Vasave",IN,India,T,T,T,187000,187000,,,"187,000 (2011 census).",,,,2011,,"Gujarat state: Bharuch and Surat districts, south Akkalkuwa and Dhadgaon sub-districts, north of Tapti river; Satpudas; central and north Nandurbar and Nawapur sub-districts south of Tapti; Maharashtra state: Nandurbar district, Tapti river area.",Maharashtra,21.7428,73.9059,5,5* (Developing),,,"Indo-European, Indo-Iranian, Indo-Aryan, Intermediate Divisions, Western, Gujarati","Dehvali (Dehwali, Kolche), Ambodi (Ambodia, Ambodia Bhil), Dogri (Dhogri, Dhogri Bhil, Dungri), Khatalia (Khatali), Kot (Kotni)","Not intelligible of Pauri Bareli [bfb] or Bhili [bhb]. 77%–93% intelligibility between Dubli [dub], Dehvali, Dogri, Khatalia, and Kot varieties. Vasavi Dungri 79% intelligible of Dungra Bhil [duh].",,,"Also use English [eng]. Also use Marathi [mar], but with low proficiency.",,Literacy rate in L2: Low.,,Radio. NT: 2006.,,,Devanagari script [Deva]. Gujarati script [Gujr].,Subgroup of Bhil ethnic group. Vasava is the people name.,
465,vis,Vishavan,Vishavan,,"Malankudi, Malarkuti",IN,India,T,T,T,150,150,,,150 (Shashi and Shri 1994).,,,,1994,,"Kerala state: Ernakulam, Kottayam, and Thrissur districts, Parana and Perumuzhi, Moovatupuzha sub-district on Idamala river, Idyara range; Chalakudi river area near Ittyani.",Kerala,9.9421,76.784,6b,6b (Threatened),,,"Dravidian, Unclassified",,,,"Some young people, all adults.",,,,,,,,,,Traditional religion.
466,wbq,Waddar,Waddar,,"Od, Orh, Vadari, Vadda Beldar, Werders, Wodde",IN,India,T,T,T,198000,198000,,,"198,000 (2011 census).",,,"In India, Pakistan, Nepal, and Sri Lanka about 3 million (2003 IMA).",2011,,Andhra Pradesh and Karnataka states; Maharashtra state: Jalgaon district.,Maharashtra,18.0556,73.8753,6a,6a* (Vigorous),,,"Dravidian, South-Central, Telugu",,,,,Also use English [eng]. Also use Hindi [hin]. Also use Marathi [mar]. Also use Telugu [tel].,,Some literate in Telugu [tel]or Marathi [mar].,,,,,,,Hindu.
467,wbr,Wagdi,Wagdi,वाग्दी‎ (Vāgdī),"Bhili, Bhilodi, Mina Bhil, Vagadi, Vagari, Vagdi, Vaged, Vageri, Vagi, Wagadi, Wagari, Waghari, Wagholi, Wagri",IN,India,T,T,T,3390000,3390000,,,"3,390,000 (2011 census).",,,,2011,,"Andhra Pradesh state: Jhabua; Gujarat state: Panchmahals and Sabarkantha; Rajasthan state: Banswara, Dungarpur, and south Udaipur districts.",Rajasthan,23.6947,74.0115,3,3 (Wider communication),,"Became widespread in the 19th century, mainly concentrated in Madhya Pradesh, Rajasthan, Gujarat, and Maharashtra. Promoted by the government of Rajasthan for educational purposes. Used in trade, at home (among older people), in education, mass media, short stories, literature, farming, and hunting.","Indo-European, Indo-Iranian, Indo-Aryan, Intermediate Divisions, Western, Bhil","Kherwara, Sagwara, Adivasi Wagdi, Rewadi",Dialect intelligibility above 95%. Intelligible of Adivasi Garasia [gas] of Bhiloda. Wagdi Banswara highly intelligible of Bhilodi of Gujarat. Wagdi highly intelligible of Patelia [bhb] of Gujarat. Lexical similarity: 84% with Patelia dialects; 75%–80% with Marwari [rwr] dialects; 79%–93% with Adiwasi Garasia dialects; 79%–87% with Rajput Garasia dialects.,SOV; postpositions; genitives after noun heads; nontonal.,A regional language in Vagad Desh. Positive attitudes.,"Some also use Hindi [hin], with proficiency adequate for market.",,Literacy rate in L2: 25%–50%.,,Radio. Dictionary. NT: 2000–2023.,,,Devanagari script [Deva].,Vagri is a Scheduled Tribe in Gujarat.,
468,ola,Walungge,Walungge,,,IN,India,F,F,T,1000,1000,,,"1,000 in India (Hattaway 2005).",,,,2005,"4,800 (as L1: 4,500; as L2: 300)","West Bengal state: Darjeeling district, Pankhabari area.",West Bengal,,,6b,6b* (Threatened),,,"Sino-Tibetan, Tibeto-Burman, Western Tibeto-Burman, Bodish, Central Bodish, Unclassified",,,SOV; postpositions; content q-word in situ; clause constituents indicated by case-marking; ergativity; no passives or voice; tonal (Thudam dialect).,,,,,,,,,Tibetan script [Tibt].,,
469,aml,War-Jaintia,War-Jaintia,,"Amwi, Jaintia, Khasi, War, War-Khasi",IN,India,F,T,T,51600,51600,,,"51,600 in India (2011 census).",,,,2011,"67,600",Assam state; Meghalaya state: Jaintia and Khasi Hills area.,Meghalaya,,,6a,6a (Vigorous),,,"Austro-Asiatic, Mon-Khmer, Northern Mon-Khmer, Khasian",,,"SVO; prepositions; articles before noun heads; CV, CVC, CVV, V, VCV, CCV, CCVC; nontonal.","Vigorous. Home, community. Used by all.",Also use English [eng]. Also use Khasi [kha].,Used as L2 by Biate [biu].,,,Grammar.,,,Unwritten [Qaax].,Separate from War dialect of Khasi [kha].,"Christian, traditional religion."
470,wbs,West Bengal Sign Language,West Bengal Sign Language,,"Kolkata Sign Language, W.B. Sign Language, WBSL",IN,India,T,T,T,120000,120000,,,"120,000 (2016 R. Johnson). Estimated 37,000–197,000 current deaf signers, out of 400,000–600,000 who could learn and use WBSL (2016 R. Johnson).",,,,2016,,West Bengal state: scattered.,West Bengal,23.1486,87.8373,6a,6a (Vigorous),,,"Sign language, Deaf community sign language",,"Most similar to Indian Sign Language [ins], and especially close to the ISL variety called Bangla Sign Language in Bangladesh, which on some criteria might be considered the same language as WBSL (Johnson and Johnson 2016). Related to other sign languages in south Asia; see comments on Indian Sign Language [ins] in India.",,All domains. Used by all.,,,,,Videos. Dictionary.,,,,"Apparently originated in Calcutta Deaf and Dumb School founded in 1893, then spread to as many as 7 deaf schools in West Bengal and East Bengal (now Bangladesh) by 1932. Some variation among 14 or more current schools, plus borrowing from other regions in India (Johnson and Johnson 2016).",
471,ybh,Yakkha,Yakkha,याक्खा‎ (Yākkhā),"Yakha, Yakkha Ceya, Yakkhaba",IN,India,F,T,T,810,810,,,810 in India (2000).,,,"6,300 (2007).",2000,"15,710 (as L1: 15,010; as L2: 700)",Sikkim state: North district; West Bengal state: Darjeeling district.,Sikkim,,,7,7 (Shifting),,,"Sino-Tibetan, Tibeto-Burman, Western Tibeto-Burman, Himalayan, Kiranti, Eastern",,,"SOV; postpositions; noun head final; no noun classes or genders; content q-word in situ; 1 prefix, up to 10 suffixes (depending on analysis); clause constituents indicated by case-marking; verbal affixation marks person and number; ergativity; tense and aspect; passives and voice; nontonal; 22 consonant and 5 vowel phonemes.",Younger generation uses Nepali [npi] (Singh).,Shifting to Nepali [npi].,,,,Literature. Dictionary. Grammar. Texts. NT: 2023.,,,"Devanagari script [Deva], used since 2011.",,"Buddhist, Hindu."
472,yeu,Yerukula,Yerukula,ఎఱుకల‎ (Erukala),"Erukala, Eruku Bhasha, Korava, Korchi, Kurru Bhasha, Kurutha, Yarukula, Yerkula, Yerukala, Yerukala-Korava, Yerukla, Yerukula-Bhasha",IN,India,T,T,T,68500,68500,,,"68,500 (2011 census). 10,400 Korava and 58,100 Yerukula (2011 census).",,,,2011,,"Karnataka, Kerala, and Maharashtra states; Telangana state: Karimagar and north Nizamabad districts; Tamil Nadu state: Chengai Anna, Coimbatore, Nilgiri, Periyar, and Salem.",Telangana,14.1883,78.3084,5,5* (Developing),,,"Dravidian, Southern, Tamil-Kannada, Tamil-Kodagu, Tamil-Malayalam, Tamil","Parikala, Sankara-Yerukala","Lexical similarity: among varieties ranges from 53%–81%, 33%–38% with Irula [iru], 28%–45% with Ravula [yea], 27%–45% with Tamil [tam].",,"Vigorous language use. In Andhra Pradesh: home, community, religion; in Rayalseema and Telengana regions, wider use. Positive attitudes.","Some also use Telugu [tel], with higher proficiency in Andhra Pradesh and among educated adults. Also use English [eng].",,Literacy rate in L2: 26% (1991 census).,,,,,Telugu script [Telu].,Some people called Yerukula speak Telugu [tel] as L1. Traditionally nomadic.,Hindu.
473,zkr,Zakhring,Zakhring,,"Charumba, Eastern Mishmi, M’ye, Meye, Meyor, Zaiwa",IN,India,F,F,T,400,400,,,400 in India (Jacquesson 2015).,,,,2015,"1,000","Arunachal Pradesh state: Anjaw district, Dong, Kaho, Khroti, Kundun, Mulam Kembring, Musai, Tinai, Tinam, and Walong villages.",Arunachal Pradesh,,,7,7 (Shifting),,,"Sino-Tibetan, Tibeto-Burman, Central Tibeto-Burman, Keman","Kaho, Walong",Similar to Miju-Mishmi [mxj].,SOV; postpositions; verb affixes mark person and tense/aspect.,,Most shifting to Central Tibetan [bod]. Most shifting to Hindi [hin]. Also use Nefamese [nef].,,,,,,,,,Buddhist.
474,zau,Zangskari,Zangskari,,"Zanskari, Zaskari",IN,India,T,T,T,11400,11400,,,"11,400 (2001 census).",,,,2001,,"Jammu and Kashmir state: Kargil district south end, in Himalayas and Indus river valley; Zaskar mountains.",Jammu and Kashmir,34.5318,76.117,6b,6b* (Threatened),,,"Sino-Tibetan, Tibeto-Burman, Western Tibeto-Burman, Bodish, Central Bodish, Western",,73%–81% intelligibility of Leh Ladakhi [lbj] with high standard deviation indicating some acquired intelligibility; 90% intelligibility of Stod Bhoti [sbu] of Darcha village.,,,Also use English [eng]. Also use Ladakhi [lbj].,,Literacy rate in L2: Speakers in Ladakh region have highest rate.,,Bible portions: 1945–1951.,,,Tibetan script [Tibt].,,Buddhist.
475,zom,Zou,Zou,Zokam,"Jou, Yo, Zo, Zohâm, Zokam, Zome, Zoukam",IN,India,F,T,T,26500,26500,,,"26,500 in India (2011 census).",,,,2011,"87,500","Assam state; Manipur state: Chandel district, Singngat sub-district, Sugnu area; Churachandpur district.",Manipur,,,5,5* (Developing),,,"Sino-Tibetan, Tibeto-Burman, Kuki-Chin, Peripheral, Northern, Sizang",,,SOV.,Positive attitudes.,Also use English [eng].,,Literacy rate in L2: 62% in Manipur (2001 census).,,Bible: 2019.,,,"Latin script [Latn], used in India.","Although Zomi, derived from ‘Zo’, is gaining ground as an ethnic nomenclature amongst the Northern Chins, the Zo tribe is uniquely distinct in preservation of their culture and customs since ancient times.",Christian.